date,temp,RH,Sun,dewpoint_temp,total_radiation,sunshine_duration,PV
2020/11/9 13:00,16.4,37,1,1.7,1.43,0.5,1.102
2020/11/9 14:00,16.6,32,1,-0.1,0.94,0.2,0.748
2020/11/9 15:00,15.5,37,1,0.9,0.52,0.1,0.545
2020/11/9 16:00,13.8,46,1,2.4,0.22,0,0.458
2020/11/9 17:00,12.6,48,0,1.9,0.04,0,0
2020/11/9 18:00,13.1,42,0,0.5,0,0,0
2020/11/9 19:00,12.9,44,0,1,0,0,0
2020/11/9 20:00,11.9,49,0,1.5,0,0,0
2020/11/9 21:00,11.9,48,0,1.3,0,0,0
2020/11/9 22:00,11,56,0,2.6,0,0,0
2020/11/9 23:00,11.7,50,0,1.6,0,0,0
2020/11/10 0:00,11.3,52,0,1.8,0,0,0
2020/11/10 1:00,11,55,0,2.3,0,0,0
2020/11/10 2:00,10.1,59,0,2.5,0,0,0
2020/11/10 3:00,9.8,58,0,1.9,0,0,0
2020/11/10 4:00,10,59,0,2.4,0,0,0
2020/11/10 5:00,9.9,57,0,1.8,0,0,0
2020/11/10 6:00,9.2,58,0,1.4,0,0,1.003
2020/11/10 7:00,9.3,59,1,1.7,0.06,0,2.562
2020/11/10 8:00,10.4,56,1,2,0.69,1,6.167
2020/11/10 9:00,11.4,54,1,2.4,1.34,1,7.25
2020/11/10 10:00,13.6,45,1,1.9,1.84,1,7.566
2020/11/10 11:00,14.4,42,1,1.7,2.16,1,7.256
2020/11/10 12:00,14.9,38,1,0.7,2.25,1,5.96
2020/11/10 13:00,16.1,35,1,0.7,2.09,1,4.632
2020/11/10 14:00,16.2,31,1,-0.9,1.76,1,2.505
2020/11/10 15:00,14.9,35,1,-0.4,1.23,1,0.493
2020/11/10 16:00,14.5,34,1,-1.2,0.54,0.7,0.228
2020/11/10 17:00,12.7,39,0,-0.9,0.04,0,0
2020/11/10 18:00,11.6,44,0,-0.2,0,0,0
2020/11/10 19:00,10.7,47,0,-0.1,0,0,0
2020/11/10 20:00,11.3,64,0,4.8,0,0,0
2020/11/10 21:00,12,61,0,4.7,0,0,0
2020/11/10 22:00,10.7,50,0,0.7,0,0,0
2020/11/10 23:00,10.8,57,0,2.6,0,0,0
2020/11/11 0:00,10.6,55,0,1.9,0,0,0
2020/11/11 1:00,9.6,58,0,1.8,0,0,0
2020/11/11 2:00,9,59,0,1.4,0,0,0
2020/11/11 3:00,9,55,0,0.5,0,0,0
2020/11/11 4:00,9.5,53,0,0.4,0,0,0
2020/11/11 5:00,9.3,55,0,0.7,0,0,0
2020/11/11 6:00,9.3,53,0,0.2,0,0,0.837
2020/11/11 7:00,9.4,54,1,0.6,0.06,0,2.207
2020/11/11 8:00,11.2,48,1,0.6,0.67,1,6.05
2020/11/11 9:00,13.7,38,1,-0.3,1.3,1,7.002
2020/11/11 10:00,15.1,35,1,-0.2,1.81,1,7.482
2020/11/11 11:00,15.7,36,1,0.7,2.12,1,7.119
2020/11/11 12:00,16.3,33,1,0,2.21,1,6.186
2020/11/11 13:00,16.3,34,1,0.4,2.06,1,4.224
2020/11/11 14:00,16.1,35,1,0.7,1.7,1,2.372
2020/11/11 15:00,15.3,35,1,0,1.13,0.8,0.714
2020/11/11 16:00,14.2,38,1,0.1,0.55,1,0.35
2020/11/11 17:00,13.5,43,0,1.2,0.06,0.3,0
2020/11/11 18:00,11.9,50,0,1.8,0,0,0
2020/11/11 19:00,11.2,53,0,2,0,0,0
2020/11/11 20:00,11.4,49,0,1.1,0,0,0
2020/11/11 21:00,11,51,0,1.3,0,0,0
2020/11/11 22:00,9.6,55,0,1,0,0,0
2020/11/11 23:00,9.4,58,0,1.6,0,0,0
2020/11/12 0:00,8.3,64,0,1.9,0,0,0
2020/11/12 1:00,8.6,60,0,1.3,0,0,0
2020/11/12 2:00,7.9,65,0,1.7,0,0,0
2020/11/12 3:00,7.9,66,0,2,0,0,0
2020/11/12 4:00,7,68,0,1.5,0,0,0
2020/11/12 5:00,6.7,68,0,1.2,0,0,0
2020/11/12 6:00,6.5,69,0,1.2,0,0,0.698
2020/11/12 7:00,6.7,70,1,1.6,0.03,0,0.713
2020/11/12 8:00,7.4,68,1,1.9,0.22,0,1.116
2020/11/12 9:00,8.5,61,1,1.4,0.4,0,1.962
2020/11/12 10:00,10.3,58,1,2.4,0.81,0,2.731
2020/11/12 11:00,11.3,55,1,2.6,1.31,0.2,2.66
2020/11/12 12:00,11.9,55,1,3.2,1,0,1.951
2020/11/12 13:00,12.3,52,1,2.7,0.97,0,1.898
2020/11/12 14:00,12.4,55,1,3.6,0.32,0,1.009
2020/11/12 15:00,12.8,61,1,5.5,0.61,0.2,0.405
2020/11/12 16:00,12.6,59,1,4.8,0.33,0.1,0.418
2020/11/12 17:00,11.3,67,0,5.4,0.04,0,0
2020/11/12 18:00,11.7,67,0,5.8,0,0,0
2020/11/12 19:00,11.4,68,0,5.7,0,0,0
2020/11/12 20:00,11.8,66,0,5.7,0,0,0
2020/11/12 21:00,11.6,65,0,5.3,0,0,0
2020/11/12 22:00,11.8,65,0,5.5,0,0,0
2020/11/12 23:00,11.6,67,0,5.7,0,0,0
2020/11/13 0:00,11.6,66,0,5.5,0,0,0
2020/11/13 1:00,11.6,67,0,5.7,0,0,0
2020/11/13 2:00,11.6,67,0,5.7,0,0,0
2020/11/13 3:00,11,65,0,4.7,0,0,0
2020/11/13 4:00,11.2,61,0,4,0,0,0
2020/11/13 5:00,10.8,64,0,4.3,0,0,0
2020/11/13 6:00,9.8,69,0,4.4,0,0,0.366
2020/11/13 7:00,10.2,70,1,5,0.08,0,1.124
2020/11/13 8:00,11.1,64,1,4.6,0.58,0.5,4.764
2020/11/13 9:00,13.2,60,1,5.6,1.13,0.9,6.091
2020/11/13 10:00,15,55,1,6.1,1.69,1,6.776
2020/11/13 11:00,17,53,1,7.4,2.02,1,6.588
2020/11/13 12:00,17.2,51,1,7,2.12,1,5.728
2020/11/13 13:00,18.5,54,1,9,1.97,1,3.929
2020/11/13 14:00,18.4,54,1,8.9,1.62,1,2.229
2020/11/13 15:00,18,61,1,10.4,1.11,1,0.56
2020/11/13 16:00,15.9,74,1,11.3,0.5,1,0.336
2020/11/13 17:00,14.3,81,0,11.1,0.05,0.3,0
2020/11/13 18:00,14.1,79,0,10.5,0,0,0
2020/11/13 19:00,13.9,79,0,10.3,0,0,0
2020/11/13 20:00,14.9,72,0,9.9,0,0,0
2020/11/13 21:00,14.5,69,0,8.9,0,0,0
2020/11/13 22:00,13.5,75,0,9.2,0,0,0
2020/11/13 23:00,12,82,0,9,0,0,0
2020/11/14 0:00,11.5,79,0,8,0,0,0
2020/11/14 1:00,12,72,0,7.1,0,0,0
2020/11/14 2:00,11,78,0,7.3,0,0,0
2020/11/14 3:00,12.9,63,0,6,0,0,0
2020/11/14 4:00,13.2,62,0,6.1,0,0,0
2020/11/14 5:00,13.7,55,0,4.8,0,0,0
2020/11/14 6:00,13.7,53,0,4.3,0,0,1.011
2020/11/14 7:00,13.1,55,1,4.3,0.06,0,1.804
2020/11/14 8:00,14.5,52,1,4.8,0.64,1,5.875
2020/11/14 9:00,15.6,50,1,5.2,1.27,1,7.006
2020/11/14 10:00,17.2,45,1,5.2,1.79,1,7.146
2020/11/14 11:00,18.1,39,1,4,2.11,1,6.722
2020/11/14 12:00,19,34,1,2.8,2.21,1,5.86
2020/11/14 13:00,19.3,31,1,1.8,2.06,1,4.346
2020/11/14 14:00,20,30,1,1.9,1.7,1,2.316
2020/11/14 15:00,18.7,34,1,2.5,1.18,1,0.536
2020/11/14 16:00,17.4,40,1,3.7,0.54,1,0.181
2020/11/14 17:00,15.3,47,0,4.1,0.06,0.3,0
2020/11/14 18:00,15.3,53,0,5.8,0,0,0
2020/11/14 19:00,14.6,66,0,8.3,0,0,0
2020/11/14 20:00,12.5,73,0,7.8,0,0,0
2020/11/14 21:00,11.9,74,0,7.4,0,0,0
2020/11/14 22:00,11.4,78,0,7.7,0,0,0
2020/11/14 23:00,10.8,76,0,6.8,0,0,0
2020/11/15 0:00,10.4,76,0,6.4,0,0,0
2020/11/15 1:00,10.6,80,0,7.3,0,0,0
2020/11/15 2:00,10.8,70,0,5.6,0,0,0
2020/11/15 3:00,10.3,67,0,4.5,0,0,0
2020/11/15 4:00,8.8,65,0,2.6,0,0,0
2020/11/15 5:00,8.4,68,0,2.9,0,0,0
2020/11/15 6:00,8.1,70,0,3,0,0,0.529
2020/11/15 7:00,8.5,69,1,3.2,0.06,0,1.735
2020/11/15 8:00,10.1,66,1,4.1,0.6,1,5.67
2020/11/15 9:00,12.2,57,1,4,1.21,1,6.425
2020/11/15 10:00,14.3,52,1,4.6,1.71,1,6.903
2020/11/15 11:00,16.2,53,1,6.6,2,1,6.604
2020/11/15 12:00,17.5,54,1,8.1,2.1,1,5.631
2020/11/15 13:00,17.8,53,1,8.1,1.94,1,4.234
2020/11/15 14:00,18.5,54,1,9,1.57,1,1.903
2020/11/15 15:00,17.9,57,1,9.3,1.08,1,0.537
2020/11/15 16:00,17.1,62,1,9.8,0.49,1,0.367
2020/11/15 17:00,16.4,67,0,10.3,0.05,0.2,0
2020/11/15 18:00,16,70,0,10.5,0,0,0
2020/11/15 19:00,16.1,71,0,10.9,0,0,0
2020/11/15 20:00,15,75,0,10.6,0,0,0
2020/11/15 21:00,14.4,68,0,8.6,0,0,0
2020/11/15 22:00,12.7,70,0,7.4,0,0,0
2020/11/15 23:00,12.6,66,0,6.4,0,0,0
2020/11/16 0:00,12.2,66,0,6.1,0,0,0
2020/11/16 1:00,11.5,70,0,6.2,0,0,0
2020/11/16 2:00,10.8,74,0,6.4,0,0,0
2020/11/16 3:00,10.9,75,0,6.7,0,0,0
2020/11/16 4:00,10.6,74,0,6.2,0,0,0
2020/11/16 5:00,9.5,81,0,6.4,0,0,0
2020/11/16 6:00,10,76,0,6,0,0,0.453
2020/11/16 7:00,10.1,73,1,5.5,0.06,0,1.52
2020/11/16 8:00,11.8,69,1,6.3,0.54,1,5.071
2020/11/16 9:00,13.7,61,1,6.3,1.13,1,6.337
2020/11/16 10:00,16,57,1,7.5,1.63,1,6.612
2020/11/16 11:00,17.1,53,1,7.5,1.99,1,6.28
2020/11/16 12:00,19.7,52,1,9.6,2.03,1,5.487
2020/11/16 13:00,21.3,52,1,11.1,1.9,1,3.928
2020/11/16 14:00,21,54,1,11.4,1.54,1,2.022
2020/11/16 15:00,20,54,1,10.4,0.99,1,0.566
2020/11/16 16:00,18.2,64,1,11.3,0.47,1,0.386
2020/11/16 17:00,15.7,77,0,11.7,0.05,0.2,0
2020/11/16 18:00,15.8,74,0,11.2,0,0,0
2020/11/16 19:00,16.3,65,0,9.7,0,0,0
2020/11/16 20:00,15.6,66,0,9.3,0,0,0
2020/11/16 21:00,15.1,68,0,9.3,0,0,0
2020/11/16 22:00,14.3,69,0,8.7,0,0,0
2020/11/16 23:00,14.8,64,0,8.1,0,0,0
2020/11/17 0:00,14.1,66,0,7.9,0,0,0
2020/11/17 1:00,14.2,61,0,6.8,0,0,0
2020/11/17 2:00,13.8,63,0,6.9,0,0,0
2020/11/17 3:00,13.7,66,0,7.5,0,0,0
2020/11/17 4:00,11.9,73,0,7.2,0,0,0
2020/11/17 5:00,12,72,0,7.1,0,0,0
2020/11/17 6:00,11.7,74,0,7.2,0,0,0.362
2020/11/17 7:00,12.5,68,1,6.8,0.05,0,1.498
2020/11/17 8:00,14.2,61,1,6.8,0.54,1,4.213
2020/11/17 9:00,16.5,54,1,7.2,1.14,1,6.202
2020/11/17 10:00,17.7,50,1,7.2,1.63,1,6.708
2020/11/17 11:00,19.3,46,1,7.4,0,0,6.412
2020/11/17 12:00,19.7,45,1,7.5,2.02,1,5.542
2020/11/17 13:00,20.2,42,1,6.9,1.88,1,3.897
2020/11/17 14:00,19.5,42,1,6.3,1.54,1,2.214
2020/11/17 15:00,19.1,44,1,6.6,1.07,1,0.563
2020/11/17 16:00,17.2,56,1,8.4,0.47,1,0.371
2020/11/17 17:00,16.4,55,0,7.4,0.04,0.2,0
2020/11/17 18:00,16.2,59,0,8.2,0,0,0
2020/11/17 19:00,15.8,66,0,9.5,0,0,0
2020/11/17 20:00,14.1,73,0,9.3,0,0,0
2020/11/17 21:00,12.7,81,0,9.5,0,0,0
2020/11/17 22:00,12.6,82,0,9.6,0,0,0
2020/11/17 23:00,12.5,82,0,9.5,0,0,0
2020/11/18 0:00,12.3,83,0,9.5,0,0,0
2020/11/18 1:00,11.7,86,0,9.4,0,0,0
2020/11/18 2:00,11.6,86,0,9.4,0,0,0
2020/11/18 3:00,11,89,0,9.3,0,0,0
2020/11/18 4:00,11.2,87,0,9.1,0,0,0
2020/11/18 5:00,10.8,90,0,9.2,0,0,0
2020/11/18 6:00,11,87,0,8.9,0,0,0.455
2020/11/18 7:00,12.1,80,1,8.8,0.04,0,1.022
2020/11/18 8:00,13,75,1,8.7,0.4,0.6,4.689
2020/11/18 9:00,15.2,65,1,8.7,1.02,1,5.396
2020/11/18 10:00,17.8,59,1,9.7,1.49,1,4.594
2020/11/18 11:00,19,57,1,10.3,1.52,0.8,4.827
2020/11/18 12:00,19.8,56,1,10.8,1.74,1,5.103
2020/11/18 13:00,20.6,53,1,10.7,1.72,1,3.842
2020/11/18 14:00,21.1,63,1,13.8,1.34,1,2.242
2020/11/18 15:00,20.7,67,1,14.4,0.95,1,0.341
2020/11/18 16:00,19.5,73,1,14.5,0.34,0.9,0.388
2020/11/18 17:00,19,79,0,15.3,0.04,0,0
2020/11/18 18:00,18,84,0,15.3,0,0,0
2020/11/18 19:00,18.4,81,0,15.1,0,0,0
2020/11/18 20:00,16.6,89,0,14.8,0,0,0
2020/11/18 21:00,16.3,88,0,14.3,0,0,0
2020/11/18 22:00,15.1,84,0,12.4,0,0,0
2020/11/18 23:00,15,84,0,12.3,0,0,0
2020/11/19 0:00,14.4,87,0,12.3,0,0,0
2020/11/19 1:00,14.6,87,0,12.5,0,0,0
2020/11/19 2:00,14.3,82,0,11.3,0,0,0
2020/11/19 3:00,13.8,85,0,11.3,0,0,0
2020/11/19 4:00,13.9,85,0,11.4,0,0,0
2020/11/19 5:00,13.4,85,0,10.9,0,0,0
2020/11/19 6:00,13.5,85,0,11,0,0,0.25
2020/11/19 7:00,14.3,79,1,10.7,0.05,0,0.676
2020/11/19 8:00,15.8,70,1,10.4,0.47,0.4,2.836
2020/11/19 9:00,17.2,71,1,11.9,0.68,0.5,5.905
2020/11/19 10:00,19.8,62,1,12.3,1.54,1,6.343
2020/11/19 11:00,22.4,66,1,15.8,1.81,1,6.327
2020/11/19 12:00,23.4,63,1,16,1.6,0.8,5.254
2020/11/19 13:00,23.8,64,1,16.6,1.81,0.9,4.202
2020/11/19 14:00,23.9,62,1,16.2,1.35,0.8,1.79
2020/11/19 15:00,22.9,67,1,16.5,0.77,0.6,0.419
2020/11/19 16:00,22.1,72,1,16.8,0.37,0.8,0.381
2020/11/19 17:00,21.5,75,0,16.9,0.04,0.2,0
2020/11/19 18:00,21.3,78,0,17.3,0,0,0
2020/11/19 19:00,21,76,0,16.6,0,0,0
2020/11/19 20:00,20.9,75,0,16.3,0,0,0
2020/11/19 21:00,21,72,0,15.8,0,0,0
2020/11/19 22:00,20.8,71,0,15.4,0,0,0
2020/11/19 23:00,20.9,78,0,16.9,0,0,0
2020/11/20 0:00,21.4,77,0,17.2,0,0,0
2020/11/20 1:00,21.6,76,0,17.2,0,0,0
2020/11/20 2:00,21.5,76,0,17.1,0,0,0
2020/11/20 3:00,21.6,74,0,16.8,0,0,0
2020/11/20 4:00,21.5,75,0,16.9,0,0,0
2020/11/20 5:00,22.2,68,0,16,0,0,0
2020/11/20 6:00,21.6,73,0,16.6,0,0,0.212
2020/11/20 7:00,21.4,76,1,17,0.01,0,0.778
2020/11/20 8:00,21.9,74,1,17.1,0.09,0,0.394
2020/11/20 9:00,22.5,72,1,17.2,0.19,0,0.535
2020/11/20 10:00,22.8,72,1,17.5,0.26,0,1.142
2020/11/20 11:00,23.2,68,1,17,0.47,0,0.965
2020/11/20 12:00,23.1,66,1,16.4,0.3,0,2.161
2020/11/20 13:00,23.6,68,1,17.4,0.73,0.1,1.834
2020/11/20 14:00,22.9,70,1,17.2,0.54,0,0.725
2020/11/20 15:00,22.8,69,1,16.8,0.31,0,0.352
2020/11/20 16:00,22.7,72,1,17.4,0.32,0.3,0.521
2020/11/20 17:00,22.7,72,0,17.4,0.03,0,0
2020/11/20 18:00,22.3,74,0,17.5,0,0,0
2020/11/20 19:00,22.4,74,0,17.6,0,0,0
2020/11/20 20:00,22,79,0,18.2,0,0,0
2020/11/20 21:00,21.1,72,0,15.9,0,0,0
2020/11/20 22:00,19.9,72,0,14.7,0,0,0
2020/11/20 23:00,18.9,81,0,15.6,0,0,0
2020/11/21 0:00,18.7,75,0,14.2,0,0,0
2020/11/21 1:00,18.5,69,0,12.7,0,0,0
2020/11/21 2:00,18.6,63,0,11.4,0,0,0
2020/11/21 3:00,18.3,57,0,9.7,0,0,0
2020/11/21 4:00,17.3,58,0,9,0,0,0
2020/11/21 5:00,17.7,54,0,8.3,0,0,0
2020/11/21 6:00,17.2,53,0,7.6,0,0,0.213
2020/11/21 7:00,16.7,52,1,6.8,0.03,0,1.143
2020/11/21 8:00,17,49,1,6.2,0.53,0.8,5.249
2020/11/21 9:00,18,40,1,4.2,1.17,1,6.567
2020/11/21 10:00,19,38,1,4.4,1.66,1,7.131
2020/11/21 11:00,19.1,36,1,3.7,1.96,1,6.805
2020/11/21 12:00,19.3,33,1,2.6,2.08,1,6.083
2020/11/21 13:00,19,32,1,2,1.96,1,4.315
2020/11/21 14:00,18.6,26,1,-1.3,1.64,1,2.241
2020/11/21 15:00,18,29,1,-0.3,1.12,1,0.496
2020/11/21 16:00,16.8,33,1,0.5,0.5,1,0.359
2020/11/21 17:00,15.6,36,0,0.6,0.05,0.3,0
2020/11/21 18:00,15.8,37,0,1.2,0,0,0
2020/11/21 19:00,13.9,45,0,2.2,0,0,0
2020/11/21 20:00,13.8,46,0,2.4,0,0,0
2020/11/21 21:00,13,50,0,2.8,0,0,0
2020/11/21 22:00,12.9,48,0,2.2,0,0,0
2020/11/21 23:00,11.6,54,0,2.6,0,0,0
2020/11/22 0:00,12.7,62,0,5.6,0,0,0
2020/11/22 1:00,12.7,64,0,6.1,0,0,0
2020/11/22 2:00,10.8,74,0,6.4,0,0,0
2020/11/22 3:00,12,72,0,7.1,0,0,0
2020/11/22 4:00,10.8,62,0,3.8,0,0,0
2020/11/22 5:00,9.7,65,0,3.5,0,0,0
2020/11/22 6:00,9.3,68,0,3.7,0,0,0.169
2020/11/22 7:00,8.8,67,1,3,0.04,0,1.077
2020/11/22 8:00,10.7,61,1,3.5,0.46,0.4,5.41
2020/11/22 9:00,12.2,57,1,4,1.12,0.9,6.416
2020/11/22 10:00,12.8,54,1,3.7,1.6,1,6.7
2020/11/22 11:00,15.9,52,1,6.1,1.91,1,1.755
2020/11/22 12:00,17.2,50,1,6.7,2,1,4.697
2020/11/22 13:00,18.6,56,1,9.7,1.75,1,4.075
2020/11/22 14:00,17.9,62,1,10.5,1.26,0.8,2.088
2020/11/22 15:00,19.1,64,1,12.1,0.93,0.9,0.24
2020/11/22 16:00,18.5,67,1,12.3,0.39,0.8,0.411
2020/11/22 17:00,18.4,69,0,12.6,0.04,0.2,0
2020/11/22 18:00,18.4,69,0,12.6,0,0,0
2020/11/22 19:00,18.1,71,0,12.8,0,0,0
2020/11/22 20:00,17.9,76,0,13.6,0,0,0
2020/11/22 21:00,18.1,77,0,14,0,0,0
2020/11/22 22:00,18.3,79,0,14.6,0,0,0
2020/11/22 23:00,18.6,76,0,14.3,0,0,0
2020/11/23 0:00,16.3,67,0,10.2,0,0,0
2020/11/23 1:00,14.8,65,0,8.3,0,0,0
2020/11/23 2:00,14.3,64,0,7.6,0,0,0
2020/11/23 3:00,13.3,67,0,7.3,0,0,0
2020/11/23 4:00,12.5,70,0,7.2,0,0,0
2020/11/23 5:00,12.4,70,0,7.1,0,0,0
2020/11/23 6:00,12.6,71,0,7.5,0,0,0.32
2020/11/23 7:00,13.2,72,1,8.3,0.03,0,0.817
2020/11/23 8:00,15.5,58,1,7.3,0.5,0.9,5.03
2020/11/23 9:00,16.7,55,1,7.6,1.12,1,6.497
2020/11/23 10:00,17.9,43,1,5.2,1.35,1,7.035
2020/11/23 11:00,19.4,37,1,4.4,1.97,1,6.539
2020/11/23 12:00,20,35,1,4.1,2.02,1,5.812
2020/11/23 13:00,19.9,34,1,3.6,1.75,0.7,1.807
2020/11/23 14:00,18.6,39,1,4.4,0.81,0,0.685
2020/11/23 15:00,18,35,1,2.3,0.33,0,0.232
2020/11/23 16:00,17.5,37,1,2.7,0.09,0,0.606
2020/11/23 17:00,17,36,0,1.8,0.01,0,0
2020/11/23 18:00,15.4,64,0,8.6,0,0,0
2020/11/23 19:00,14.7,61,0,7.3,0,0,0
2020/11/23 20:00,14.1,64,0,7.4,0,0,0
2020/11/23 21:00,14.3,62,0,7.1,0,0,0
2020/11/23 22:00,14,64,0,7.3,0,0,0
2020/11/23 23:00,14.1,52,0,4.4,0,0,0
2020/11/24 0:00,12.9,47,0,1.9,0,0,0
2020/11/24 1:00,12.4,49,0,2,0,0,0
2020/11/24 2:00,12.5,46,0,1.2,0,0,0
2020/11/24 3:00,12.2,45,0,0.6,0,0,0
2020/11/24 4:00,11.7,45,0,0.2,0,0,0
2020/11/24 5:00,11.6,44,0,-0.2,0,0,0
2020/11/24 6:00,11.6,41,0,-1.2,0,0,0.0001
2020/11/24 7:00,11.2,44,1,-0.6,0.01,0,0.283
2020/11/24 8:00,11.2,46,1,0,0.17,0,0.666
2020/11/24 9:00,11.5,45,1,0,0.45,0,1.021
2020/11/24 10:00,12.1,47,1,1.1,0.55,0,1.476
2020/11/24 11:00,12.1,46,1,0.8,0.53,0,1.147
2020/11/24 12:00,12.3,49,1,1.9,0.48,0,1.265
2020/11/24 13:00,12.4,51,1,2.6,0.53,0,0.846
2020/11/24 14:00,12.1,61,1,4.8,0.38,0,0.391
2020/11/24 15:00,11.8,62,1,4.8,0.25,0,0.25
2020/11/24 16:00,12.1,64,1,5.5,0.1,0,0.55
2020/11/24 17:00,12.2,65,0,5.8,0.01,0,0
2020/11/24 18:00,12.3,63,0,5.5,0,0,0
2020/11/24 19:00,12.3,63,0,5.5,0,0,0
2020/11/24 20:00,12.1,64,0,5.5,0,0,0
2020/11/24 21:00,11.7,70,0,6.4,0,0,0
2020/11/24 22:00,11.3,75,0,7,0,0,0
2020/11/24 23:00,11,76,0,6.9,0,0,0
2020/11/25 0:00,10.1,86,0,7.9,0,0,0
2020/11/25 1:00,9.8,90,0,8.2,0,0,0
2020/11/25 2:00,10,87,0,7.9,0,0,0
2020/11/25 3:00,10,87,0,7.9,0,0,0
2020/11/25 4:00,9.9,88,0,8,0,0,0
2020/11/25 5:00,9.5,94,0,8.6,0,0,0
2020/11/25 6:00,9.3,97,0,8.9,0,0,0.0001
2020/11/25 7:00,9.5,96,1,8.9,0.02,0,0.157
2020/11/25 8:00,9.4,96,1,8.8,0.07,0,0.601
2020/11/25 9:00,9.5,97,1,9.1,0.2,0,1.235
2020/11/25 10:00,10,97,1,9.6,0.3,0,0.723
2020/11/25 11:00,9.7,96,1,9.1,0.28,0,1.831
2020/11/25 12:00,10.2,96,1,9.6,0.46,0,2.162
2020/11/25 13:00,10.7,96,1,10.1,0.43,0,0.881
2020/11/25 14:00,11.3,94,1,10.4,0.56,0,0.804
2020/11/25 15:00,11.7,93,1,10.6,0.43,0,0.492
2020/11/25 16:00,11.4,94,1,10.5,0.17,0,0.564
2020/11/25 17:00,11.3,93,0,10.2,0.01,0,0
2020/11/25 18:00,11.4,92,0,10.2,0,0,0
2020/11/25 19:00,11.5,91,0,10.1,0,0,0
2020/11/25 20:00,11.5,93,0,10.4,0,0,0
2020/11/25 21:00,11.8,91,0,10.4,0,0,0
2020/11/25 22:00,11.8,93,0,10.7,0,0,0
2020/11/25 23:00,10.1,98,0,9.8,0,0,0
2020/11/26 0:00,10,99,0,9.9,0,0,0
2020/11/26 1:00,9.4,100,0,9.4,0,0,0
2020/11/26 2:00,9.5,100,0,9.5,0,0,0
2020/11/26 3:00,10,100,0,10,0,0,0
2020/11/26 4:00,9.6,100,0,9.6,0,0,0
2020/11/26 5:00,9.6,100,0,9.6,0,0,0
2020/11/26 6:00,9.9,100,0,9.9,0,0,0.253
2020/11/26 7:00,10.3,99,1,10.2,0.02,0,0.959
2020/11/26 8:00,10.7,98,1,10.4,0.22,0,4.059
2020/11/26 9:00,12.8,84,1,10.2,1.01,0.9,4.055
2020/11/26 10:00,14.8,74,1,10.2,1.56,1,6.576
2020/11/26 11:00,17,59,1,8.9,1.93,1,6.372
2020/11/26 12:00,17.4,49,1,6.6,2.08,1,5.444
2020/11/26 13:00,18.3,48,1,7.1,1.92,1,4.01
2020/11/26 14:00,17.2,67,1,11,1.47,1,1.872
2020/11/26 15:00,16.3,68,1,10.4,0.96,1,0.531
2020/11/26 16:00,14.9,70,1,9.5,0.38,1,0.369
2020/11/26 17:00,13,75,0,8.7,0.03,0.1,0
2020/11/26 18:00,12.5,75,0,8.2,0,0,0
2020/11/26 19:00,12.3,80,0,9,0,0,0
2020/11/26 20:00,13.3,75,0,9,0,0,0
2020/11/26 21:00,12.1,79,0,8.6,0,0,0
2020/11/26 22:00,12.4,79,0,8.9,0,0,0
2020/11/26 23:00,12.4,79,0,8.9,0,0,0
2020/11/27 0:00,11.9,83,0,9.1,0,0,0
2020/11/27 1:00,11.7,82,0,8.7,0,0,0
2020/11/27 2:00,11.5,80,0,8.2,0,0,0
2020/11/27 3:00,11.4,79,0,7.9,0,0,0
2020/11/27 4:00,11.3,79,0,7.8,0,0,0
2020/11/27 5:00,11.3,78,0,7.6,0,0,0
2020/11/27 6:00,11.5,76,0,7.4,0,0,0.0001
2020/11/27 7:00,11,81,1,7.9,0.02,0,0.867
2020/11/27 8:00,11.7,78,1,8,0.3,0.3,1.379
2020/11/27 9:00,12.3,70,1,7,0.83,0.7,1.857
2020/11/27 10:00,12.6,72,1,7.7,0.9,0.2,1.405
2020/11/27 11:00,12.2,75,1,7.9,0.76,0,1.977
2020/11/27 12:00,12.5,74,1,8,0.72,0,2.729
2020/11/27 13:00,12.7,74,1,8.2,0.5,0,1.492
2020/11/27 14:00,12.6,73,1,7.9,0.3,0,0.971
2020/11/27 15:00,12.2,74,1,7.7,0.15,0,0.346
2020/11/27 16:00,11.8,76,1,7.7,0.06,0,0.697
2020/11/27 17:00,11.3,78,0,7.6,0.01,0,0
2020/11/27 18:00,11,79,0,7.5,0,0,0
2020/11/27 19:00,11.1,78,0,7.4,0,0,0
2020/11/27 20:00,11.2,79,0,7.7,0,0,0
2020/11/27 21:00,11.4,79,0,7.9,0,0,0
2020/11/27 22:00,10.5,85,0,8.1,0,0,0
2020/11/27 23:00,11.3,82,0,8.3,0,0,0
2020/11/28 0:00,11.2,85,0,8.8,0,0,0
2020/11/28 1:00,11.2,84,0,8.6,0,0,0
2020/11/28 2:00,10.9,83,0,8.1,0,0,0
2020/11/28 3:00,10.3,85,0,7.9,0,0,0
2020/11/28 4:00,9.6,86,0,7.4,0,0,0
2020/11/28 5:00,9.2,88,0,7.3,0,0,0
2020/11/28 6:00,9,91,0,7.6,0,0,0.199
2020/11/28 7:00,9.2,88,1,7.3,0.02,0,0.527
2020/11/28 8:00,12,69,1,6.5,0.44,0.8,5.393
2020/11/28 9:00,14.2,60,1,6.6,1.08,1,6.296
2020/11/28 10:00,15.3,47,1,4.1,1.59,1,7.161
2020/11/28 11:00,16.4,41,1,3.1,1.93,1,6.859
2020/11/28 12:00,16.1,37,1,1.4,2.03,1,5.9
2020/11/28 13:00,16.3,33,1,0,1.91,1,4.16
2020/11/28 14:00,15.9,33,1,-0.3,1.57,1,2.295
2020/11/28 15:00,14.3,37,1,-0.2,1.07,1,0.491
2020/11/28 16:00,13.1,37,1,-1.2,0.46,1,0.514
2020/11/28 17:00,12.4,38,0,-1.5,0.02,0,0
2020/11/28 18:00,10.6,41,0,-2.1,0,0,0
2020/11/28 19:00,10.3,36,0,-4.1,0,0,0
2020/11/28 20:00,9.8,39,0,-3.5,0,0,0
2020/11/28 21:00,9.4,43,0,-2.5,0,0,0
2020/11/28 22:00,9.5,44,0,-2.1,0,0,0
2020/11/28 23:00,9.3,46,0,-1.7,0,0,0
2020/11/29 0:00,9.2,48,0,-1.2,0,0,0
2020/11/29 1:00,8.7,51,0,-0.9,0,0,0
2020/11/29 2:00,9.1,49,0,-1,0,0,0
2020/11/29 3:00,9.1,50,0,-0.8,0,0,0
2020/11/29 4:00,9,51,0,-0.6,0,0,0
2020/11/29 5:00,8.2,56,0,0,0,0,0
2020/11/29 6:00,8.3,54,0,-0.4,0,0,0.271
2020/11/29 7:00,8.2,54,1,-0.5,0.03,0,0.368
2020/11/29 8:00,9,54,1,0.2,0.23,0.1,2.044
2020/11/29 9:00,10.5,43,1,-1.5,0.75,0.3,2.236
2020/11/29 10:00,11.1,42,1,-1.3,1.09,0.3,2.111
2020/11/29 11:00,12.3,38,1,-1.6,1.07,0.2,1.378
2020/11/29 12:00,12,41,1,-0.8,1.09,0.1,1.494
2020/11/29 13:00,12.3,46,1,1,0.96,0.2,1.697
2020/11/29 14:00,12.4,47,1,1.4,0.52,0,0.975
2020/11/29 15:00,12,51,1,2.2,0.32,0,0.322
2020/11/29 16:00,11.9,56,1,3.4,0.11,0,0.935
2020/11/29 17:00,11,64,0,4.5,0.01,0,0
2020/11/29 18:00,11.1,66,0,5,0,0,0
2020/11/29 19:00,10.7,68,0,5.1,0,0,0
2020/11/29 20:00,9.9,69,0,4.5,0,0,0
2020/11/29 21:00,9.8,70,0,4.6,0,0,0
2020/11/29 22:00,9.3,72,0,4.5,0,0,0
2020/11/29 23:00,8.8,72,0,4,0,0,0
2020/11/30 0:00,8.2,68,0,2.7,0,0,0
2020/11/30 1:00,6.6,76,0,2.7,0,0,0
2020/11/30 2:00,7.4,67,0,1.7,0,0,0
2020/11/30 3:00,6.9,69,0,1.6,0,0,0
2020/11/30 4:00,6.2,73,0,1.7,0,0,0
2020/11/30 5:00,5.9,74,0,1.6,0,0,0
2020/11/30 6:00,6.1,73,0,1.6,0,0,0.0001
2020/11/30 7:00,5.7,77,1,2,0.01,0,0.472
2020/11/30 8:00,6.1,76,1,2.2,0.13,0,1.147
2020/11/30 9:00,8.9,68,1,3.3,0.65,0.4,4.328
2020/11/30 10:00,11.6,58,1,3.6,1.58,1,5.932
2020/11/30 11:00,12.1,56,1,3.6,1.99,1,5.566
2020/11/30 12:00,12.5,56,1,4,1.67,0.9,5.222
2020/11/30 13:00,14.1,48,1,3.3,1.64,0.9,3.652
2020/11/30 14:00,14.5,45,1,2.7,1.46,1,1.326
2020/11/30 15:00,13.6,49,1,3.1,0.9,0.9,0.527
2020/11/30 16:00,12.1,57,1,3.9,0.39,0.7,0.688
2020/11/30 17:00,12.1,63,0,5.3,0.01,0,0
2020/11/30 18:00,12,74,0,7.5,0,0,0
2020/11/30 19:00,11.5,77,0,7.6,0,0,0
2020/11/30 20:00,11.3,79,0,7.8,0,0,0
2020/11/30 21:00,10.6,82,0,7.7,0,0,0
2020/11/30 22:00,10.4,81,0,7.3,0,0,0
2020/11/30 23:00,9.8,83,0,7.1,0,0,0
2020/12/1 0:00,9.6,85,0,7.2,0,0,0
2020/12/1 1:00,8.5,84,0,6,0,0,0
2020/12/1 2:00,9.6,79,0,6.2,0,0,0
2020/12/1 3:00,9.2,77,0,5.4,0,0,0
2020/12/1 4:00,7.9,67,0,2.2,0,0,0
2020/12/1 5:00,7.2,72,0,2.5,0,0,0
2020/12/1 6:00,6.1,74,0,1.8,0,0,0.0001
2020/12/1 7:00,5.6,80,1,2.4,0.01,0,0.339
2020/12/1 8:00,7.4,80,1,4.2,0.38,0.7,4.791
2020/12/1 9:00,9.4,66,1,3.4,1.03,1,6.146
2020/12/1 10:00,11.1,57,1,2.9,1.52,1,6.634
2020/12/1 11:00,11.9,57,1,3.7,1.83,1,6.279
2020/12/1 12:00,13.2,52,1,3.6,1.93,1,5.427
2020/12/1 13:00,14.7,49,1,4.1,1.79,1,4.109
2020/12/1 14:00,13.8,48,1,3,1.48,1,2.49
2020/12/1 15:00,13.7,46,1,2.3,0.99,1,0.494
2020/12/1 16:00,12.5,50,1,2.4,0.4,1,0.44
2020/12/1 17:00,11.4,58,0,3.4,0.03,0.1,0
2020/12/1 18:00,12.4,60,0,4.9,0,0,0
2020/12/1 19:00,11.5,61,0,4.3,0,0,0
2020/12/1 20:00,10.5,65,0,4.2,0,0,0
2020/12/1 21:00,10.3,68,0,4.7,0,0,0
2020/12/1 22:00,9.3,72,0,4.5,0,0,0
2020/12/1 23:00,9.6,72,0,4.8,0,0,0
2020/12/2 0:00,8.6,78,0,5,0,0,0
2020/12/2 1:00,8.2,78,0,4.6,0,0,0
2020/12/2 2:00,8.1,80,0,4.9,0,0,0
2020/12/2 3:00,8.4,74,0,4.1,0,0,0
2020/12/2 4:00,8,71,0,3.1,0,0,0
2020/12/2 5:00,8.4,67,0,2.6,0,0,0
2020/12/2 6:00,8.6,66,0,2.6,0,0,0.0001
2020/12/2 7:00,8.7,65,1,2.5,0.01,0,0.833
2020/12/2 8:00,8.8,66,1,2.8,0.1,0,0.331
2020/12/2 9:00,9.2,60,1,1.9,0.21,0,0.493
2020/12/2 10:00,9.1,64,1,2.7,0.21,0,0.753
2020/12/2 11:00,9.4,63,1,2.7,0.23,0,0.554
2020/12/2 12:00,9.7,66,1,3.7,0.26,0,0.935
2020/12/2 13:00,9.7,72,1,4.9,0.46,0,0.959
2020/12/2 14:00,8.8,80,1,5.6,0.49,0,0.389
2020/12/2 15:00,8.1,87,1,6.1,0.21,0,0.418
2020/12/2 16:00,7.2,95,1,6.5,0.09,0,0.911
2020/12/2 17:00,7.2,98,0,6.9,0,0,0
2020/12/2 18:00,7.3,97,0,6.9,0,0,0
2020/12/2 19:00,7.5,98,0,7.2,0,0,0
2020/12/2 20:00,7.2,97,0,6.8,0,0,0
2020/12/2 21:00,7.4,98,0,7.1,0,0,0
2020/12/2 22:00,7.3,97,0,6.9,0,0,0
2020/12/2 23:00,7.2,97,0,6.8,0,0,0
2020/12/3 0:00,7.3,97,0,6.9,0,0,0
2020/12/3 1:00,7.4,97,0,7,0,0,0
2020/12/3 2:00,7.3,96,0,6.7,0,0,0
2020/12/3 3:00,7.3,96,0,6.7,0,0,0
2020/12/3 4:00,6.9,97,0,6.5,0,0,0
2020/12/3 5:00,6.7,96,0,6.1,0,0,0
2020/12/3 6:00,6.9,96,0,6.3,0,0,0.0001
2020/12/3 7:00,7,94,1,6.1,0,0,0.876
2020/12/3 8:00,7.2,93,1,6.2,0.04,0,0.408
2020/12/3 9:00,7.5,90,1,6,0.15,0,1.187
2020/12/3 10:00,8,89,1,6.3,0.34,0,1.458
2020/12/3 11:00,8.2,89,1,6.5,0.37,0,1.556
2020/12/3 12:00,8.7,88,1,6.8,0.39,0,2.054
2020/12/3 13:00,9.7,84,1,7.1,0.73,0,1.635
2020/12/3 14:00,10,83,1,7.3,0.69,0,0.695
2020/12/3 15:00,9.9,83,1,7.2,0.38,0,0.23
2020/12/3 16:00,9.6,89,1,7.9,0.18,0,0.518
2020/12/3 17:00,9.7,86,0,7.5,0.02,0,0
2020/12/3 18:00,9.7,86,0,7.5,0,0,0
2020/12/3 19:00,8.8,89,0,7.1,0,0,0
2020/12/3 20:00,8.3,91,0,6.9,0,0,0
2020/12/3 21:00,7.6,96,0,7,0,0,0
2020/12/3 22:00,7.2,95,0,6.5,0,0,0
2020/12/3 23:00,6.9,96,0,6.3,0,0,0
2020/12/4 0:00,6.7,96,0,6.1,0,0,0
2020/12/4 1:00,7.2,95,0,6.5,0,0,0
2020/12/4 2:00,6.9,96,0,6.3,0,0,0
2020/12/4 3:00,6.7,96,0,6.1,0,0,0
2020/12/4 4:00,6.1,94,0,5.2,0,0,0
2020/12/4 5:00,6.4,89,0,4.7,0,0,0
2020/12/4 6:00,5.8,87,0,3.8,0,0,0.203
2020/12/4 7:00,6,85,1,3.7,0.02,0,0.685
2020/12/4 8:00,7.4,71,1,2.5,0.21,0,3.785
2020/12/4 9:00,8.7,60,1,1.4,0.56,0.1,6.062
2020/12/4 10:00,10.6,55,1,1.9,1.34,0.9,6.987
2020/12/4 11:00,11.8,47,1,0.9,1.81,1,6.753
2020/12/4 12:00,12.9,38,1,-1.1,1.97,1,5.84
2020/12/4 13:00,13.2,35,1,-1.9,1.83,1,4.307
2020/12/4 14:00,13.4,33,1,-2.5,1.54,1,2.313
2020/12/4 15:00,12.5,34,1,-2.9,1.03,1,0.5
2020/12/4 16:00,11.8,36,1,-2.8,0.43,1,0.427
2020/12/4 17:00,10.8,42,0,-1.6,0.02,0.1,0
2020/12/4 18:00,11.3,49,0,1,0,0,0
2020/12/4 19:00,10.8,52,0,1.4,0,0,0
2020/12/4 20:00,9.2,58,0,1.4,0,0,0
2020/12/4 21:00,8.1,60,0,0.8,0,0,0
2020/12/4 22:00,9.1,54,0,0.3,0,0,0
2020/12/4 23:00,7.6,51,0,-1.9,0,0,0
2020/12/5 0:00,6.9,55,0,-1.5,0,0,0
2020/12/5 1:00,7.4,51,0,-2.1,0,0,0
2020/12/5 2:00,6.9,57,0,-1,0,0,0
2020/12/5 3:00,7,54,0,-1.7,0,0,0
2020/12/5 4:00,7.2,54,0,-1.5,0,0,0
2020/12/5 5:00,6.9,60,0,-0.3,0,0,0
2020/12/5 6:00,5.5,78,0,2,0,0,6.67E-05
2020/12/5 7:00,4.7,87,1,2.7,0,0,0.367
2020/12/5 8:00,4.8,91,1,3.5,0.06,0,0.501
2020/12/5 9:00,5.4,88,1,3.6,0.18,0,0.524
2020/12/5 10:00,6,89,1,4.3,0.24,0,0.595
2020/12/5 11:00,6.2,97,1,5.8,0.28,0,0.808
2020/12/5 12:00,6.4,98,1,6.1,0.28,0,0.88
2020/12/5 13:00,7.1,97,1,6.7,0.42,0,0.743
2020/12/5 14:00,6.8,97,1,6.4,0.28,0,0.46
2020/12/5 15:00,7.1,97,1,6.7,0.18,0,0.266
2020/12/5 16:00,7.1,97,1,6.7,0.11,0,0.934
2020/12/5 17:00,7.1,97,0,6.7,0.01,0,0
2020/12/5 18:00,7.2,96,0,6.6,0,0,0
2020/12/5 19:00,7.2,97,0,6.8,0,0,0
2020/12/5 20:00,7.1,95,0,6.4,0,0,0
2020/12/5 21:00,7.7,93,0,6.7,0,0,0
2020/12/5 22:00,7.3,95,0,6.6,0,0,0
2020/12/5 23:00,7.2,93,0,6.2,0,0,0
2020/12/6 0:00,5.8,94,0,4.9,0,0,0
2020/12/6 1:00,5.4,95,0,4.7,0,0,0
2020/12/6 2:00,5.6,96,0,5,0,0,0
2020/12/6 3:00,5.4,97,0,5,0,0,0
2020/12/6 4:00,5.6,93,0,4.6,0,0,0
2020/12/6 5:00,5.5,92,0,4.3,0,0,0
2020/12/6 6:00,4.8,94,0,3.9,0,0,0.0866
2020/12/6 7:00,4.7,93,1,3.7,0.02,0,0.359
2020/12/6 8:00,6,81,1,3,0.37,0.7,2.688
2020/12/6 9:00,7.9,75,1,3.8,1,1,3.666
2020/12/6 10:00,9.2,72,1,4.4,1.02,0.3,3.251
2020/12/6 11:00,10,66,1,4,1.07,0.1,3.557
2020/12/6 12:00,11.2,62,1,4.2,1.17,0.1,4.593
2020/12/6 13:00,12.7,59,1,4.9,1.75,0.8,2.316
2020/12/6 14:00,12.7,57,1,4.4,1.33,0.9,2.251
2020/12/6 15:00,12.1,63,1,5.3,0.81,0.8,0.497
2020/12/6 16:00,10.5,67,1,4.7,0.41,1,0.373
2020/12/6 17:00,9.1,72,0,4.3,0.03,0.1,0
2020/12/6 18:00,9.6,68,0,4,0,0,0
2020/12/6 19:00,8.4,77,0,4.6,0,0,0
2020/12/6 20:00,8.9,77,0,5.1,0,0,0
2020/12/6 21:00,8.2,84,0,5.7,0,0,0
2020/12/6 22:00,7.6,89,0,5.9,0,0,0
2020/12/6 23:00,7.4,92,0,6.2,0,0,0
2020/12/7 0:00,7.3,87,0,5.3,0,0,0
2020/12/7 1:00,7,87,0,5,0,0,0
2020/12/7 2:00,6.6,88,0,4.8,0,0,0
2020/12/7 3:00,5.5,92,0,4.3,0,0,0
2020/12/7 4:00,5.9,84,0,3.4,0,0,0
2020/12/7 5:00,5.4,82,0,2.6,0,0,0
2020/12/7 6:00,5.3,81,0,2.3,0,0,0.0001
2020/12/7 7:00,5.3,84,1,2.8,0.02,0,0.466
2020/12/7 8:00,6.3,87,1,4.3,0.34,0.7,4.446
2020/12/7 9:00,9,73,1,4.4,0.95,1,5.941
2020/12/7 10:00,11,65,1,4.7,1.46,1,6.52
2020/12/7 11:00,13.4,61,1,6.1,1.8,1,6.369
2020/12/7 12:00,15.3,49,1,4.7,1.93,1,5.471
2020/12/7 13:00,15.4,42,1,2.6,1.83,1,4.195
2020/12/7 14:00,15.7,42,1,2.8,1.51,1,2.65
2020/12/7 15:00,14.7,57,1,6.3,0.97,1,0.484
2020/12/7 16:00,12.8,59,1,5,0.38,1,0.383
2020/12/7 17:00,10.4,63,0,3.7,0.03,0.1,0
2020/12/7 18:00,10.2,62,0,3.3,0,0,0
2020/12/7 19:00,10.6,65,0,4.3,0,0,0
2020/12/7 20:00,10.8,68,0,5.2,0,0,0
2020/12/7 21:00,10.2,71,0,5.2,0,0,0
2020/12/7 22:00,9.7,76,0,5.7,0,0,0
2020/12/7 23:00,8.7,81,0,5.6,0,0,0
2020/12/8 0:00,8.3,82,0,5.4,0,0,0
2020/12/8 1:00,7.9,82,0,5,0,0,0
2020/12/8 2:00,7.9,80,0,4.7,0,0,0
2020/12/8 3:00,8,81,0,5,0,0,0
2020/12/8 4:00,7.2,86,0,5,0,0,0
2020/12/8 5:00,6.5,88,0,4.7,0,0,0
2020/12/8 6:00,6.4,88,0,4.6,0,0,0.0001
2020/12/8 7:00,6.5,86,1,4.3,0.01,0,0.272
2020/12/8 8:00,9.4,75,1,5.2,0.34,0.7,4.423
2020/12/8 9:00,11.4,64,1,4.9,0.95,1,5.775
2020/12/8 10:00,13.5,55,1,4.7,1.44,1,6.691
2020/12/8 11:00,14.2,51,1,4.2,1.77,1,6.46
2020/12/8 12:00,15.4,45,1,3.5,1.89,1,5.51
2020/12/8 13:00,16.8,43,1,4.2,1.76,1,4.052
2020/12/8 14:00,16.2,41,1,3,1.44,1,1.215
2020/12/8 15:00,15.5,41,1,2.3,0.33,0,0.311
2020/12/8 16:00,14.4,56,1,5.8,0.09,0,0
2020/12/8 17:00,14.2,59,0,6.3,0.01,0,0
2020/12/8 18:00,13,60,0,5.4,0,0,0
2020/12/8 19:00,12.8,61,0,5.5,0,0,0
2020/12/8 20:00,12.2,68,0,6.5,0,0,0
2020/12/8 21:00,11.9,69,0,6.4,0,0,0
2020/12/8 22:00,11.4,71,0,6.3,0,0,0
2020/12/8 23:00,10.7,61,0,3.5,0,0,0
2020/12/9 0:00,10.2,61,0,3,0,0,0
2020/12/9 1:00,9.7,62,0,2.8,0,0,0
2020/12/9 2:00,9.4,62,0,2.5,0,0,0
2020/12/9 3:00,9.4,59,0,1.8,0,0,0
2020/12/9 4:00,9.1,62,0,2.2,0,0,0
2020/12/9 5:00,9,61,0,1.9,0,0,0
2020/12/9 6:00,9.3,55,0,0.7,0,0,0.0001
2020/12/9 7:00,9.1,60,1,1.8,0,0,0.498
2020/12/9 8:00,9.6,61,1,2.5,0.12,0,1.041
2020/12/9 9:00,10,60,1,2.6,0.3,0,1.932
2020/12/9 10:00,10.5,58,1,2.6,0.46,0,1.513
2020/12/9 11:00,10.3,58,1,2.4,0.51,0,1.555
2020/12/9 12:00,10.4,55,1,1.8,0.5,0,1.893
2020/12/9 13:00,11.2,56,1,2.8,0.7,0,1.601
2020/12/9 14:00,11.3,59,1,3.6,0.87,0.2,0.896
2020/12/9 15:00,11,58,1,3.1,0.43,0,0.419
2020/12/9 16:00,10.5,63,1,3.8,0.3,0.5,0.54
2020/12/9 17:00,10,62,0,3.1,0.02,0,0
2020/12/9 18:00,8.5,69,0,3.2,0,0,0
2020/12/9 19:00,9.3,66,0,3.3,0,0,0
2020/12/9 20:00,8.2,72,0,3.5,0,0,0
2020/12/9 21:00,9.4,64,0,2.9,0,0,0
2020/12/9 22:00,9.6,62,0,2.7,0,0,0
2020/12/9 23:00,9.6,62,0,2.7,0,0,0
2020/12/10 0:00,9.6,56,0,1.3,0,0,0
2020/12/10 1:00,9.2,62,0,2.3,0,0,0
2020/12/10 2:00,8.6,67,0,2.8,0,0,0
2020/12/10 3:00,8.4,64,0,2,0,0,0
2020/12/10 4:00,7.9,68,0,2.4,0,0,0
2020/12/10 5:00,7.4,70,0,2.3,0,0,0
2020/12/10 6:00,7.3,72,0,2.6,0,0,0.0001
2020/12/10 7:00,7.5,69,1,2.2,0,0,0.182
2020/12/10 8:00,7.8,68,1,2.3,0.05,0,0.601
2020/12/10 9:00,7.5,78,1,3.9,0.2,0,1.183
2020/12/10 10:00,9,65,1,2.8,0.69,0,2.442
2020/12/10 11:00,10.6,61,1,3.4,1.04,0.2,2.477
2020/12/10 12:00,10.6,59,1,2.9,0.81,0,3.248
2020/12/10 13:00,11.1,60,1,3.6,0.88,0,2.392
2020/12/10 14:00,12.1,62,1,5.1,0.94,0.1,1.099
2020/12/10 15:00,11.7,63,1,4.9,0.47,0,0.538
2020/12/10 16:00,11.8,66,1,5.7,0.23,0.1,0.55
2020/12/10 17:00,11.2,68,0,5.5,0.02,0,0
2020/12/10 18:00,10.4,74,0,6,0,0,0
2020/12/10 19:00,9.1,83,0,6.4,0,0,0
2020/12/10 20:00,8.4,90,0,6.9,0,0,0
2020/12/10 21:00,8.2,94,0,7.3,0,0,0
2020/12/10 22:00,8.8,93,0,7.7,0,0,0
2020/12/10 23:00,10,85,0,7.6,0,0,0
2020/12/11 0:00,8.4,89,0,6.7,0,0,0
2020/12/11 1:00,7.8,84,0,5.3,0,0,0
2020/12/11 2:00,7.3,86,0,5.1,0,0,0
2020/12/11 3:00,6.6,88,0,4.8,0,0,0
2020/12/11 4:00,6.5,89,0,4.8,0,0,0
2020/12/11 5:00,6.2,88,0,4.4,0,0,0
2020/12/11 6:00,5.6,93,0,4.6,0,0,5.00E-05
2020/12/11 7:00,5.9,92,1,4.7,0.01,0,0.777
2020/12/11 8:00,7.6,87,1,5.6,0.3,0.7,3.265
2020/12/11 9:00,9.7,76,1,5.7,0.75,1,5.181
2020/12/11 10:00,11.6,66,1,5.5,1.4,1,2.399
2020/12/11 11:00,11.6,68,1,5.9,1.04,0.4,3.801
2020/12/11 12:00,12.7,66,1,6.5,0.96,0,3.94
2020/12/11 13:00,13.2,58,1,5.1,1.43,0.6,1.649
2020/12/11 14:00,13.7,57,1,5.4,1.01,0.4,1.408
2020/12/11 15:00,13.2,62,1,6.1,0.52,0.2,0.306
2020/12/11 16:00,13.3,65,1,6.9,0.25,0,0.482
2020/12/11 17:00,12.3,72,0,7.4,0.02,0,0
2020/12/11 18:00,12.2,73,0,7.5,0,0,0
2020/12/11 19:00,12,73,0,7.3,0,0,0
2020/12/11 20:00,11.8,73,0,7.1,0,0,0
2020/12/11 21:00,11.3,77,0,7.4,0,0,0
2020/12/11 22:00,11.6,76,0,7.5,0,0,0
2020/12/11 23:00,10.8,77,0,6.9,0,0,0
2020/12/12 0:00,10.3,79,0,6.8,0,0,0
2020/12/12 1:00,10.5,75,0,6.3,0,0,0
2020/12/12 2:00,10.4,72,0,5.6,0,0,0
2020/12/12 3:00,10.1,71,0,5.1,0,0,0
2020/12/12 4:00,9.4,73,0,4.8,0,0,0
2020/12/12 5:00,9.9,70,0,4.7,0,0,0
2020/12/12 6:00,9.2,73,0,4.6,0,0,0.0001
2020/12/12 7:00,8.6,78,1,5,0.01,0,0.479
2020/12/12 8:00,9.4,82,1,6.5,0.19,0,0.732
2020/12/12 9:00,10.7,71,1,5.7,0.38,0,1.103
2020/12/12 10:00,11.5,69,1,6,0.6,0,1.342
2020/12/12 11:00,13.4,62,1,6.3,1.14,0.6,3.89
2020/12/12 12:00,14.2,63,1,7.3,1.62,1,3.12
2020/12/12 13:00,14.5,56,1,5.9,1.12,0.4,2.007
2020/12/12 14:00,14.5,56,1,5.9,0.75,0.1,1.576
2020/12/12 15:00,14.1,62,1,6.9,0.58,0.2,0.51
2020/12/12 16:00,13.2,60,1,5.6,0.25,0,0.39
2020/12/12 17:00,12.6,60,0,5.1,0.03,0,0
2020/12/12 18:00,11.6,64,0,5,0,0,0
2020/12/12 19:00,12.2,75,0,7.9,0,0,0
2020/12/12 20:00,11,81,0,7.9,0,0,0
2020/12/12 21:00,11.2,77,0,7.3,0,0,0
2020/12/12 22:00,10.6,76,0,6.6,0,0,0
2020/12/12 23:00,10.5,75,0,6.3,0,0,0
2020/12/13 0:00,10.2,74,0,5.8,0,0,0
2020/12/13 1:00,9.1,79,0,5.7,0,0,0
2020/12/13 2:00,9.1,78,0,5.5,0,0,0
2020/12/13 3:00,8.6,80,0,5.4,0,0,0
2020/12/13 4:00,8.1,81,0,5.1,0,0,0
2020/12/13 5:00,6.9,89,0,5.2,0,0,0
2020/12/13 6:00,7,88,0,5.2,0,0,0.0001
2020/12/13 7:00,7.3,87,1,5.3,0.01,0,0.251
2020/12/13 8:00,9.6,77,1,5.8,0.32,0.7,4.07
2020/12/13 9:00,10.8,71,1,5.8,0.78,1,5.328
2020/12/13 10:00,11.7,67,1,5.8,1.32,1,4.556
2020/12/13 11:00,12.3,67,1,6.4,1.32,0.9,4.791
2020/12/13 12:00,13.7,61,1,6.3,1.69,1,4.367
2020/12/13 13:00,14.2,54,1,5,1.44,1,2.97
2020/12/13 14:00,14.3,48,1,3.5,1.07,0.6,1.107
2020/12/13 15:00,13.8,52,1,4.1,0.47,0,0.448
2020/12/13 16:00,13,43,1,0.7,0.22,0,0.49
2020/12/13 17:00,11.9,43,0,-0.3,0.02,0,0
2020/12/13 18:00,10.4,77,0,6.6,0,0,0
2020/12/13 19:00,9.2,76,0,5.2,0,0,0
2020/12/13 20:00,8.8,75,0,4.6,0,0,0
2020/12/13 21:00,8,80,0,4.8,0,0,0
2020/12/13 22:00,7.2,84,0,4.7,0,0,0
2020/12/13 23:00,7.1,85,0,4.8,0,0,0
2020/12/14 0:00,5.9,89,0,4.2,0,0,0
2020/12/14 1:00,7.5,87,0,5.5,0,0,0
2020/12/14 2:00,7.1,87,0,5.1,0,0,0
2020/12/14 3:00,9.1,65,0,2.9,0,0,0
2020/12/14 4:00,9.8,56,0,1.5,0,0,0
2020/12/14 5:00,7.2,78,0,3.6,0,0,0
2020/12/14 6:00,5.6,84,0,3.1,0,0,0.0001
2020/12/14 7:00,6,82,1,3.2,0,0,0.495
2020/12/14 8:00,7.9,74,1,3.6,0.25,0.3,2.375
2020/12/14 9:00,10,58,1,2.1,0.67,0.6,5.539
2020/12/14 10:00,11.1,45,1,-0.4,1.37,1,6.793
2020/12/14 11:00,12,42,1,-0.5,1.71,1,5.86
2020/12/14 12:00,12.2,41,1,-0.6,1.86,1,4.065
2020/12/14 13:00,11.7,43,1,-0.4,1.44,0.7,0.86
2020/12/14 14:00,10.7,40,1,-2.3,0.43,0,0.21
2020/12/14 15:00,9.9,54,1,1,0.14,0,0.727
2020/12/14 16:00,8.8,55,1,0.3,0.03,0,0
2020/12/14 17:00,8.2,63,0,1.6,0,0,0
2020/12/14 18:00,7.7,62,0,0.9,0,0,0
2020/12/14 19:00,7.4,63,0,0.8,0,0,0
2020/12/14 20:00,7.2,63,0,0.6,0,0,0
2020/12/14 21:00,6.3,64,0,0,0,0,0
2020/12/14 22:00,6.8,64,0,0.5,0,0,0
2020/12/14 23:00,6.8,64,0,0.5,0,0,0
2020/12/15 0:00,5.9,46,0,-4.8,0,0,0
2020/12/15 1:00,5.5,46,0,-5.2,0,0,0
2020/12/15 2:00,4.8,48,0,-5.3,0,0,0
2020/12/15 3:00,3.8,53,0,-4.9,0,0,0
2020/12/15 4:00,4.1,49,0,-5.6,0,0,0
2020/12/15 5:00,3.3,56,0,-4.6,0,0,0
2020/12/15 6:00,2.5,59,0,-4.7,0,0,0.0001
2020/12/15 7:00,2.4,64,1,-3.7,0.01,0,0.652
2020/12/15 8:00,3.8,58,1,-3.7,0.2,0.4,4.19
2020/12/15 9:00,6,52,1,-3.1,0.87,1,6.345
2020/12/15 10:00,7.1,44,1,-4.3,1.46,1,6.71
2020/12/15 11:00,9.2,41,1,-3.3,1.81,1,6.783
2020/12/15 12:00,10.4,34,1,-4.8,1.92,1,5.803
2020/12/15 13:00,10.4,32,1,-5.6,1.8,1,3.632
2020/12/15 14:00,10.6,35,1,-4.2,1.39,0.9,0.606
2020/12/15 15:00,9,35,1,-5.6,0.71,0.3,0.283
2020/12/15 16:00,8.6,33,1,-6.8,0.25,0.2,0.341
2020/12/15 17:00,7.9,31,0,-8.2,0.04,0.2,0
2020/12/15 18:00,7.1,33,0,-8.1,0,0,0
2020/12/15 19:00,6.2,36,0,-7.8,0,0,0
2020/12/15 20:00,5.7,41,0,-6.5,0,0,0
2020/12/15 21:00,4.8,46,0,-5.8,0,0,0
2020/12/15 22:00,4.4,46,0,-6.2,0,0,0
2020/12/15 23:00,4.5,47,0,-5.8,0,0,0
2020/12/16 0:00,4,49,0,-5.7,0,0,0
2020/12/16 1:00,2.4,55,0,-5.7,0,0,0
2020/12/16 2:00,2.4,54,0,-5.9,0,0,0
2020/12/16 3:00,2.3,53,0,-6.3,0,0,0
2020/12/16 4:00,1.3,55,0,-6.7,0,0,0
2020/12/16 5:00,0.6,61,0,-6,0,0,0
2020/12/16 6:00,2.1,43,0,-9.2,0,0,0.0001
2020/12/16 7:00,1.6,43,1,-9.6,0.01,0,0.219
2020/12/16 8:00,4.7,40,1,-7.7,0.33,0.7,4.518
2020/12/16 9:00,6.3,36,1,-7.7,0.96,1,6.329
2020/12/16 10:00,6.7,29,1,-10.1,1.47,1,7.019
2020/12/16 11:00,9.2,28,1,-8.4,1.82,1,6.778
2020/12/16 12:00,8.1,22,1,-12.3,1.97,1,5.465
2020/12/16 13:00,8,25,1,-10.8,1.14,0.5,1.957
2020/12/16 14:00,8,26,1,-10.3,0.81,0.2,1.177
2020/12/16 15:00,8.2,29,1,-8.8,0.48,0.2,0.239
2020/12/16 16:00,6.8,35,1,-7.6,0.43,0.5,0.342
2020/12/16 17:00,6.3,35,0,-8,0.04,0,0
2020/12/16 18:00,5.9,42,0,-6,0,0,0
2020/12/16 19:00,4.3,49,0,-5.5,0,0,0
2020/12/16 20:00,3.8,51,0,-5.4,0,0,0
2020/12/16 21:00,3.7,53,0,-5,0,0,0
2020/12/16 22:00,3.3,54,0,-5.1,0,0,0
2020/12/16 23:00,1.8,61,0,-4.9,0,0,0
2020/12/17 0:00,2.2,59,0,-5,0,0,0
2020/12/17 1:00,1.9,61,0,-4.8,0,0,0
2020/12/17 2:00,1.9,62,0,-4.6,0,0,0
2020/12/17 3:00,1.5,63,0,-4.8,0,0,0
2020/12/17 4:00,0.3,67,0,-5.1,0,0,0
2020/12/17 5:00,0.4,66,0,-5.2,0,0,0
2020/12/17 6:00,0.6,66,0,-5,0,0,0.0001
2020/12/17 7:00,0.9,63,1,-5.3,0.01,0,0.227
2020/12/17 8:00,2.4,57,1,-5.2,0.32,0.7,3.808
2020/12/17 9:00,4.3,48,1,-5.7,0.96,1,6.466
2020/12/17 10:00,6,35,1,-8.3,1.49,1,7.168
2020/12/17 11:00,6.9,30,1,-9.5,1.84,1,7.121
2020/12/17 12:00,9,24,1,-10.5,1.97,1,5.895
2020/12/17 13:00,8.9,19,1,-13.5,1.85,1,4.422
2020/12/17 14:00,8.6,19,1,-13.7,1.57,1,2.546
2020/12/17 15:00,8.4,17,1,-15.2,1.08,1,0.614
2020/12/17 16:00,7.5,18,1,-15.3,0.48,1,0.449
2020/12/17 17:00,6.8,22,0,-13.4,0.04,0.2,0
2020/12/17 18:00,5.5,32,0,-9.9,0,0,0
2020/12/17 19:00,5.3,29,0,-11.3,0,0,0
2020/12/17 20:00,4.6,33,0,-10.3,0,0,0
2020/12/17 21:00,4.2,37,0,-9.2,0,0,0
2020/12/17 22:00,3.3,40,0,-9,0,0,0
2020/12/17 23:00,2.1,44,0,-8.9,0,0,0
2020/12/18 0:00,0.8,51,0,-8.2,0,0,0
2020/12/18 1:00,1,50,0,-8.2,0,0,0
2020/12/18 2:00,1,53,0,-7.5,0,0,0
2020/12/18 3:00,1.1,52,0,-7.7,0,0,0
2020/12/18 4:00,1.1,54,0,-7.2,0,0,0
2020/12/18 5:00,1.5,58,0,-5.8,0,0,0
2020/12/18 6:00,1.2,60,0,-5.7,0,0,0.0001
2020/12/18 7:00,1.4,56,1,-6.4,0.01,0,0.275
2020/12/18 8:00,3.5,47,1,-6.7,0.3,0.7,3.88
2020/12/18 9:00,6.2,43,1,-5.4,0.91,1,6.038
2020/12/18 10:00,7.4,39,1,-5.6,1.41,1,6.709
2020/12/18 11:00,9.6,35,1,-5.1,1.71,1,6.649
2020/12/18 12:00,10.8,36,1,-3.7,1.87,1,5.355
2020/12/18 13:00,11,43,1,-1.1,1.58,1,3.736
2020/12/18 14:00,10.9,45,1,-0.5,1.1,1,1.669
2020/12/18 15:00,10.3,51,1,0.6,0.62,0.8,0.668
2020/12/18 16:00,9.8,54,1,0.9,0.34,1,0.623
2020/12/18 17:00,7.6,65,0,1.5,0.03,0.1,0
2020/12/18 18:00,8,65,0,1.8,0,0,0
2020/12/18 19:00,8.8,62,0,1.9,0,0,0
2020/12/18 20:00,8.2,52,0,-1.1,0,0,0
2020/12/18 21:00,8.1,53,0,-0.9,0,0,0
2020/12/18 22:00,6.7,54,0,-1.9,0,0,0
2020/12/18 23:00,5.8,62,0,-0.9,0,0,0
2020/12/19 0:00,4.6,60,0,-2.5,0,0,0
2020/12/19 1:00,3.8,64,0,-2.4,0,0,0
2020/12/19 2:00,2.7,66,0,-3,0,0,0
2020/12/19 3:00,3.6,62,0,-3,0,0,0
2020/12/19 4:00,6.2,57,0,-1.7,0,0,0
2020/12/19 5:00,5.4,63,0,-1.1,0,0,0
2020/12/19 6:00,5.5,59,0,-1.9,0,0,5.00E-05
2020/12/19 7:00,5.5,56,1,-2.6,0.01,0,0.639
2020/12/19 8:00,6,50,1,-3.6,0.23,0.5,1.806
2020/12/19 9:00,6.7,50,1,-3,0.51,0,5.019
2020/12/19 10:00,7.7,43,1,-4.1,0.87,0.6,4.84
2020/12/19 11:00,8.4,37,1,-5.4,1.33,0.8,2.597
2020/12/19 12:00,8.4,38,1,-5.1,1,0.1,1.378
2020/12/19 13:00,8.6,37,1,-5.2,0.92,0.1,0.513
2020/12/19 14:00,9.1,41,1,-3.4,0.62,0,0.348
2020/12/19 15:00,8.1,46,1,-2.8,0.28,0,0.241
2020/12/19 16:00,8.7,31,1,-7.5,0.19,0.1,0.488
2020/12/19 17:00,7.4,33,0,-7.8,0.02,0,0
2020/12/19 18:00,6.2,38,0,-7.1,0,0,0
2020/12/19 19:00,5.2,41,0,-7,0,0,0
2020/12/19 20:00,4.4,43,0,-7.1,0,0,0
2020/12/19 21:00,3.8,45,0,-7,0,0,0
2020/12/19 22:00,3.1,48,0,-6.8,0,0,0
2020/12/19 23:00,2.6,54,0,-5.8,0,0,0
2020/12/20 0:00,2.1,58,0,-5.3,0,0,0
2020/12/20 1:00,1.6,61,0,-5.1,0,0,0
2020/12/20 2:00,1.4,64,0,-4.6,0,0,0
2020/12/20 3:00,0.1,75,0,-3.8,0,0,0
2020/12/20 4:00,1.2,64,0,-4.8,0,0,0
2020/12/20 5:00,2.3,52,0,-6.5,0,0,0
2020/12/20 6:00,1.9,59,0,-5.2,0,0,0.0001
2020/12/20 7:00,2.1,58,1,-5.3,0.01,0,0.258
2020/12/20 8:00,3.2,55,1,-5,0.3,0.7,1.651
2020/12/20 9:00,5,51,1,-4.3,0.93,1,6.369
2020/12/20 10:00,7,35,1,-7.4,1.47,1,7.113
2020/12/20 11:00,7.7,32,1,-7.9,1.79,1,6.555
2020/12/20 12:00,7.7,33,1,-7.5,1.69,1,5.756
2020/12/20 13:00,9,29,1,-8.1,1.77,1,4.649
2020/12/20 14:00,8.7,26,1,-9.7,1.56,1,2.344
2020/12/20 15:00,7.7,27,1,-10.1,1.07,1,0.565
2020/12/20 16:00,6.9,32,1,-8.6,0.49,1,0.365
2020/12/20 17:00,5.4,38,0,-7.8,0.04,0.2,0
2020/12/20 18:00,4.7,41,0,-7.4,0,0,0
2020/12/20 19:00,4.4,40,0,-8,0,0,0
2020/12/20 20:00,4.1,40,0,-8.3,0,0,0
2020/12/20 21:00,3.9,39,0,-8.8,0,0,0
2020/12/20 22:00,3.3,42,0,-8.4,0,0,0
2020/12/20 23:00,3.7,41,0,-8.3,0,0,0
2020/12/21 0:00,2.9,44,0,-8.1,0,0,0
2020/12/21 1:00,2.6,43,0,-8.7,0,0,0
2020/12/21 2:00,2.3,43,0,-9,0,0,0
2020/12/21 3:00,1.5,44,0,-9.4,0,0,0
2020/12/21 4:00,1.3,45,0,-9.3,0,0,0
2020/12/21 5:00,2.3,39,0,-10.2,0,0,0
2020/12/21 6:00,1.5,48,0,-8.3,0,0,6.67E-05
2020/12/21 7:00,0.4,52,1,-8.3,0.01,0,0.241
2020/12/21 8:00,2.4,45,1,-8.3,0.3,0.7,4.185
2020/12/21 9:00,5.7,39,1,-7.2,0.93,1,6.301
2020/12/21 10:00,7.9,34,1,-7,1.45,1,6.909
2020/12/21 11:00,9.8,29,1,-7.4,1.8,1,6.793
2020/12/21 12:00,10.3,28,1,-7.4,1.95,1,5.732
2020/12/21 13:00,10.5,25,1,-8.7,1.84,1,3.47
2020/12/21 14:00,10.5,24,1,-9.2,1.55,1,1.162
2020/12/21 15:00,9.8,24,1,-9.8,1.08,1,0.331
2020/12/21 16:00,8.4,29,1,-8.6,0.49,1,0.000109
2020/12/21 17:00,6.3,36,0,-7.7,0.04,0.3,0
2020/12/21 18:00,5.6,38,0,-7.6,0,0,0
2020/12/21 19:00,6.1,39,0,-6.8,0,0,0
2020/12/21 20:00,5,46,0,-5.6,0,0,0
2020/12/21 21:00,4.5,48,0,-5.5,0,0,0
2020/12/21 22:00,5,51,0,-4.3,0,0,0
2020/12/21 23:00,4.4,55,0,-3.8,0,0,0
2020/12/22 0:00,3.7,57,0,-4,0,0,0
2020/12/22 1:00,3,61,0,-3.8,0,0,0
2020/12/22 2:00,2.6,63,0,-3.7,0,0,0
2020/12/22 3:00,2.5,61,0,-4.2,0,0,0
2020/12/22 4:00,1.5,66,0,-4.1,0,0,0
2020/12/22 5:00,1.8,67,0,-3.7,0,0,0
2020/12/22 6:00,1.2,70,0,-3.6,0,0,4.67E-05
2020/12/22 7:00,1,70,1,-3.8,0,0,0.125
2020/12/22 8:00,3.2,59,1,-4,0.32,0.6,0.748
2020/12/22 9:00,3.3,57,1,-4.4,0.66,0.7,2.223
2020/12/22 10:00,6.3,47,1,-4.2,1.03,0.4,3.545
2020/12/22 11:00,9.3,42,1,-2.9,1.76,1,3.221
2020/12/22 12:00,10.4,35,1,-4.4,1.87,1,5.083
2020/12/22 13:00,11.1,35,1,-3.8,1.76,1,4.416
2020/12/22 14:00,10.8,41,1,-1.9,1.47,1,2.426
2020/12/22 15:00,10,47,1,-0.8,1,1,0.574
2020/12/22 16:00,9.1,51,1,-0.5,0.44,1,0.393
2020/12/22 17:00,6.7,64,0,0.4,0.04,0.3,0
2020/12/22 18:00,6.8,70,0,1.7,0,0,0
2020/12/22 19:00,6.4,71,0,1.5,0,0,0
2020/12/22 20:00,5.9,74,0,1.6,0,0,0
2020/12/22 21:00,5.8,77,0,2.1,0,0,0
2020/12/22 22:00,5.6,75,0,1.5,0,0,0
2020/12/22 23:00,4.8,77,0,1.1,0,0,0
2020/12/23 0:00,4.2,73,0,-0.2,0,0,0
2020/12/23 1:00,4,65,0,-2,0,0,0
2020/12/23 2:00,3.8,63,0,-2.6,0,0,0
2020/12/23 3:00,3.2,63,0,-3.1,0,0,0
2020/12/23 4:00,3.7,59,0,-3.6,0,0,0
2020/12/23 5:00,3.1,62,0,-3.5,0,0,0
2020/12/23 6:00,2.6,63,0,-3.7,0,0,2.00E-05
2020/12/23 7:00,1.3,70,1,-3.6,0,0,0.24
2020/12/23 8:00,4.1,60,1,-3,0.28,0.7,3.738
2020/12/23 9:00,7.1,51,1,-2.3,0.89,1,6.141
2020/12/23 10:00,9.3,45,1,-2,1.41,1,6.786
2020/12/23 11:00,11,40,1,-2.1,1.76,1,6.689
2020/12/23 12:00,12.5,35,1,-2.5,1.92,1,5.787
2020/12/23 13:00,13.5,34,1,-2,1.84,1,4.477
2020/12/23 14:00,13.6,31,1,-3.2,1.54,1,2.483
2020/12/23 15:00,12.9,32,1,-3.4,1.05,1,0.615
2020/12/23 16:00,11.3,45,1,-0.2,0.45,1,0.554
2020/12/23 17:00,8.8,54,0,0,0.03,0.2,0
2020/12/23 18:00,8,50,0,-1.8,0,0,0
2020/12/23 19:00,8.2,51,0,-1.3,0,0,0
2020/12/23 20:00,8.7,54,0,-0.1,0,0,0
2020/12/23 21:00,8.4,59,0,0.9,0,0,0
2020/12/23 22:00,9.6,65,0,3.4,0,0,0
2020/12/23 23:00,9.5,65,0,3.3,0,0,0
2020/12/24 0:00,7.7,71,0,2.8,0,0,0
2020/12/24 1:00,7.9,59,0,0.4,0,0,0
2020/12/24 2:00,5.6,64,0,-0.7,0,0,0
2020/12/24 3:00,5.1,68,0,-0.3,0,0,0
2020/12/24 4:00,4.2,67,0,-1.4,0,0,0
2020/12/24 5:00,3,73,0,-1.4,0,0,0
2020/12/24 6:00,3.2,75,0,-0.8,0,0,0.0001
2020/12/24 7:00,3,74,1,-1.2,0,0,0.283
2020/12/24 8:00,5.6,64,1,-0.7,0.12,0,2.901
2020/12/24 9:00,8.3,54,1,-0.4,0.72,0.7,5.354
2020/12/24 10:00,9.5,49,1,-0.7,1.13,0.7,4.049
2020/12/24 11:00,9.4,51,1,-0.2,1.16,0.3,1.483
2020/12/24 12:00,9.1,53,1,0.1,0.62,0,1.302
2020/12/24 13:00,10.2,49,1,0,0.57,0,0.624
2020/12/24 14:00,10.2,49,1,0,0.26,0,0.346
2020/12/24 15:00,9.7,54,1,0.9,0.17,0,0.171
2020/12/24 16:00,9.6,54,1,0.8,0.07,0,0.712
2020/12/24 17:00,9.6,52,0,0.2,0.01,0,0
2020/12/24 18:00,12.8,33,0,-3.1,0,0,0
2020/12/24 19:00,12.4,35,0,-2.6,0,0,0
2020/12/24 20:00,10.2,48,0,-0.3,0,0,0
2020/12/24 21:00,8.8,56,0,0.5,0,0,0
2020/12/24 22:00,9.6,53,0,0.5,0,0,0
2020/12/24 23:00,8.7,56,0,0.4,0,0,0
2020/12/25 0:00,6.6,64,0,0.3,0,0,0
2020/12/25 1:00,7.2,66,0,1.3,0,0,0
2020/12/25 2:00,6.3,65,0,0.2,0,0,0
2020/12/25 3:00,5.5,69,0,0.3,0,0,0
2020/12/25 4:00,6,64,0,-0.3,0,0,0
2020/12/25 5:00,5.9,63,0,-0.6,0,0,0
2020/12/25 6:00,4.7,70,0,-0.3,0,0,0
2020/12/25 7:00,6.2,62,1,-0.5,0,0,0.264
2020/12/25 8:00,6.8,59,1,-0.6,0.17,0.2,3.714
2020/12/25 9:00,9.5,50,1,-0.4,1,1,5.93
2020/12/25 10:00,11.2,45,1,-0.3,1.38,1,5.67
2020/12/25 11:00,11.9,42,1,-0.6,1.7,1,5.385
2020/12/25 12:00,12.9,41,1,0,1.87,1,5.632
2020/12/25 13:00,13.3,34,1,-2.2,1.81,1,4.09
2020/12/25 14:00,13.3,35,1,-1.8,1.54,1,2.276
2020/12/25 15:00,11.8,39,1,-1.7,1.05,1,0.655
2020/12/25 16:00,11,38,1,-2.8,0.46,1,0.208
2020/12/25 17:00,10.2,39,0,-3.1,0.04,0.1,0
2020/12/25 18:00,9.6,36,0,-4.7,0,0,0
2020/12/25 19:00,9.4,37,0,-4.5,0,0,0
2020/12/25 20:00,8.5,37,0,-5.3,0,0,0
2020/12/25 21:00,7.8,40,0,-4.9,0,0,0
2020/12/25 22:00,6.6,44,0,-4.8,0,0,0
2020/12/25 23:00,6.5,46,0,-4.3,0,0,0
2020/12/26 0:00,5.5,49,0,-4.3,0,0,0
2020/12/26 1:00,4.7,52,0,-4.3,0,0,0
2020/12/26 2:00,4,53,0,-4.7,0,0,0
2020/12/26 3:00,3.3,58,0,-4.2,0,0,0
2020/12/26 4:00,3.7,58,0,-3.8,0,0,0
2020/12/26 5:00,3.4,61,0,-3.4,0,0,0
2020/12/26 6:00,2.9,62,0,-3.6,0,0,0
2020/12/26 7:00,2.3,68,1,-3,0,0,0.284
2020/12/26 8:00,4,61,1,-2.8,0.27,0.6,3.536
2020/12/26 9:00,6.2,55,1,-2.2,0.89,1,5.954
2020/12/26 10:00,7.9,45,1,-3.3,1.41,1,6.77
2020/12/26 11:00,9.4,37,1,-4.5,1.79,1,6.116
2020/12/26 12:00,9.8,32,1,-6.1,1.81,1,5.455
2020/12/26 13:00,11,29,1,-6.3,1.68,1,3.35
2020/12/26 14:00,10.4,35,1,-4.4,1.28,0.9,1.28
2020/12/26 15:00,10.3,36,1,-4.1,0.78,1,0.91
2020/12/26 16:00,9.5,44,1,-2.1,0.47,1,0.244
2020/12/26 17:00,7,52,0,-2.2,0.05,0.3,0
2020/12/26 18:00,6.6,52,0,-2.5,0,0,0
2020/12/26 19:00,6.4,56,0,-1.7,0,0,0
2020/12/26 20:00,6.4,56,0,-1.7,0,0,0
2020/12/26 21:00,6.3,57,0,-1.6,0,0,0
2020/12/26 22:00,5.9,59,0,-1.5,0,0,0
2020/12/26 23:00,6.6,52,0,-2.5,0,0,0
2020/12/27 0:00,6,54,0,-2.6,0,0,0
2020/12/27 1:00,5.3,58,0,-2.3,0,0,0
2020/12/27 2:00,4.9,60,0,-2.2,0,0,0
2020/12/27 3:00,4.4,63,0,-2,0,0,0
2020/12/27 4:00,4,63,0,-2.4,0,0,0
2020/12/27 5:00,4.7,62,0,-1.9,0,0,0
2020/12/27 6:00,4.5,62,0,-2.1,0,0,0
2020/12/27 7:00,4.6,60,1,-2.5,0,0,0.66
2020/12/27 8:00,5.2,58,1,-2.4,0.22,0,3.466
2020/12/27 9:00,6.9,54,1,-1.8,0.67,0.4,4.848
2020/12/27 10:00,7.6,51,1,-1.9,0.89,0.4,4.912
2020/12/27 11:00,9.6,47,1,-1.1,1.5,1,6.474
2020/12/27 12:00,11.1,39,1,-2.3,1.88,1,5.332
2020/12/27 13:00,12.4,35,1,-2.6,1.77,0.9,4.295
2020/12/27 14:00,12.4,33,1,-3.4,1.5,1,2.174
2020/12/27 15:00,11.7,39,1,-1.8,1.04,1,0.676
2020/12/27 16:00,10.4,51,1,0.7,0.49,1,0.17
2020/12/27 17:00,9.5,54,0,0.7,0.04,0.1,0
2020/12/27 18:00,9.6,72,0,4.8,0,0,0
2020/12/27 19:00,9.2,72,0,4.4,0,0,0
2020/12/27 20:00,8.1,75,0,4,0,0,0
2020/12/27 21:00,8.5,73,0,4,0,0,0
2020/12/27 22:00,7.6,78,0,4,0,0,0
2020/12/27 23:00,7.3,78,0,3.7,0,0,0
2020/12/28 0:00,6.6,81,0,3.6,0,0,0
2020/12/28 1:00,6.9,78,0,3.3,0,0,0
2020/12/28 2:00,7.1,76,0,3.2,0,0,0
2020/12/28 3:00,7.1,76,0,3.2,0,0,0
2020/12/28 4:00,7.1,73,0,2.6,0,0,0
2020/12/28 5:00,7,69,0,1.7,0,0,0
2020/12/28 6:00,6.8,68,0,1.3,0,0,0
2020/12/28 7:00,7.1,67,1,1.4,0,0,0.195
2020/12/28 8:00,7.3,69,1,2,0.05,0,0.599
2020/12/28 9:00,8.4,66,1,2.4,0.27,0,1.377
2020/12/28 10:00,9.4,62,1,2.5,0.65,0.1,2.401
2020/12/28 11:00,10.4,63,1,3.7,0.76,0,2.19
2020/12/28 12:00,10.2,65,1,3.9,0.6,0,2.088
2020/12/28 13:00,11.3,57,1,3.1,1.33,0.6,4.273
2020/12/28 14:00,12.8,51,1,2.9,1.5,1,2.365
2020/12/28 15:00,12.7,54,1,3.6,1.05,1,0.391
2020/12/28 16:00,11.4,66,1,5.3,0.47,1,0.199
2020/12/28 17:00,8.8,81,0,5.7,0.05,0.3,0
2020/12/28 18:00,8.4,82,0,5.5,0,0,0
2020/12/28 19:00,7.9,87,0,5.9,0,0,0
2020/12/28 20:00,7.7,89,0,6,0,0,0
2020/12/28 21:00,7.7,88,0,5.9,0,0,0
2020/12/28 22:00,7.9,79,0,4.5,0,0,0
2020/12/28 23:00,6.5,80,0,3.3,0,0,0
2020/12/29 0:00,6.9,70,0,1.8,0,0,0
2020/12/29 1:00,5.5,78,0,2,0,0,0
2020/12/29 2:00,5.8,75,0,1.7,0,0,0
2020/12/29 3:00,6.2,71,0,1.3,0,0,0
2020/12/29 4:00,5.6,71,0,0.8,0,0,0
2020/12/29 5:00,5,72,0,0.4,0,0,0
2020/12/29 6:00,4.8,75,0,0.8,0,0,0
2020/12/29 7:00,4.7,77,1,1,0,0,0.398
2020/12/29 8:00,7,68,1,1.5,0.23,0.6,3.198
2020/12/29 9:00,10,56,1,1.6,0.81,1,3.85
2020/12/29 10:00,12.6,58,1,4.6,1.15,0.9,3.392
2020/12/29 11:00,12.2,56,1,3.7,1.02,0.4,2.688
2020/12/29 12:00,11.4,57,1,3.2,1.03,0.2,2.304
2020/12/29 13:00,11.6,57,1,3.4,0.98,0,1.494
2020/12/29 14:00,12.2,54,1,3.2,0.97,0,1.218
2020/12/29 15:00,12,52,1,2.5,1.07,0.8,0
2020/12/29 16:00,11.7,54,1,2.7,0.49,0.6,0.18
2020/12/29 17:00,10.5,61,0,3.3,0.06,0,0
2020/12/29 18:00,10.4,62,0,3.4,0,0,0
2020/12/29 19:00,9.8,64,0,3.3,0,0,0
2020/12/29 20:00,8.3,71,0,3.4,0,0,0
2020/12/29 21:00,8.5,71,0,3.6,0,0,0
2020/12/29 22:00,8,76,0,4,0,0,0
2020/12/29 23:00,7.3,78,0,3.7,0,0,0
2020/12/30 0:00,8.6,71,0,3.7,0,0,0
2020/12/30 1:00,6.8,74,0,2.5,0,0,0
2020/12/30 2:00,6.4,77,0,2.7,0,0,0
2020/12/30 3:00,5.8,79,0,2.5,0,0,0
2020/12/30 4:00,7.3,76,0,3.4,0,0,0
2020/12/30 5:00,6.9,75,0,2.8,0,0,0
2020/12/30 6:00,5.8,78,0,2.3,0,0,0
2020/12/30 7:00,6,75,1,1.9,0,0,0.543
2020/12/30 8:00,6.1,84,1,3.6,0.05,0,0.514
2020/12/30 9:00,5.4,94,1,4.5,0.08,0,0.314
2020/12/30 10:00,5,95,1,4.3,0.15,0,0.532
2020/12/30 11:00,6.3,87,1,4.3,0.29,0,0.953
2020/12/30 12:00,8.8,78,1,5.2,0.58,0,3.318
2020/12/30 13:00,11.7,59,1,4,1.49,0.4,2.132
2020/12/30 14:00,12,62,1,5,1.29,0.6,1.368
2020/12/30 15:00,10.4,73,1,5.8,0.65,0.4,0.227
2020/12/30 16:00,10.5,80,1,7.2,0.25,0.1,0.303
2020/12/30 17:00,9.7,89,0,8,0.08,0.1,0
2020/12/30 18:00,8,48,0,-2.3,0,0,0
2020/12/30 19:00,6,41,0,-6.2,0,0,0
2020/12/30 20:00,5.1,38,0,-8,0,0,0
2020/12/30 21:00,4.6,40,0,-7.8,0,0,0
2020/12/30 22:00,4.3,38,0,-8.8,0,0,0
2020/12/30 23:00,3.6,41,0,-8.4,0,0,0
2020/12/31 0:00,2.8,44,0,-8.2,0,0,0
2020/12/31 1:00,3,41,0,-9,0,0,0
2020/12/31 2:00,2.5,42,0,-9.1,0,0,0
2020/12/31 3:00,2.1,43,0,-9.2,0,0,0
2020/12/31 4:00,1.6,47,0,-8.5,0,0,0
2020/12/31 5:00,1.4,47,0,-8.7,0,0,0
2020/12/31 6:00,1.1,41,0,-10.7,0,0,0
2020/12/31 7:00,1.6,35,1,-12.2,0,0,0.218
2020/12/31 8:00,2.2,33,1,-12.4,0.27,0.6,3.856
2020/12/31 9:00,3.5,29,1,-12.9,0.93,1,6.751
2020/12/31 10:00,4.9,29,1,-11.6,1.49,1,6.905
2020/12/31 11:00,5.7,26,1,-12.3,1.86,1,7.34
2020/12/31 12:00,6.4,24,1,-12.7,2.03,1,6.528
2020/12/31 13:00,7.1,25,1,-11.6,1.95,1,4.981
2020/12/31 14:00,6.6,22,1,-13.6,1.65,1,2.861
2020/12/31 15:00,6.2,24,1,-12.9,1.18,1,0.747
2020/12/31 16:00,4.7,34,1,-9.8,0.58,1,0.167
2020/12/31 17:00,4.8,29,0,-11.7,0.07,0.3,0
2020/12/31 18:00,4.1,29,0,-12.3,0,0,0
2020/12/31 19:00,3.8,30,0,-12.2,0,0,0
2020/12/31 20:00,3.2,32,0,-11.9,0,0,0
2020/12/31 21:00,2.3,34,0,-11.9,0,0,0
2020/12/31 22:00,1.8,38,0,-11,0,0,0
2020/12/31 23:00,0.8,42,0,-10.6,0,0,0
2021/1/1 0:00,0.3,45,0,-10.2,0,0,0
2021/1/1 1:00,0.8,45,0,-9.8,0,0,0
2021/1/1 2:00,0.4,46,0,-9.9,0,0,0
2021/1/1 3:00,-0.6,52,0,-9.2,0,0,0
2021/1/1 4:00,0.1,51,0,-8.8,0,0,0
2021/1/1 5:00,0,53,0,-8.4,0,0,0
2021/1/1 6:00,-0.4,58,0,-7.6,0,0,0
2021/1/1 7:00,-0.3,61,1,-6.9,0,0,0.228
2021/1/1 8:00,2.1,48,1,-7.8,0.25,0.5,3.677
2021/1/1 9:00,4.2,42,1,-7.6,0.91,1,6.062
2021/1/1 10:00,6,39,1,-6.9,1.44,1,7.044
2021/1/1 11:00,8,33,1,-7.3,1.82,1,7.004
2021/1/1 12:00,9.8,26,1,-8.8,1.99,1,6.213
2021/1/1 13:00,9.3,23,1,-10.8,1.91,1,4.83
2021/1/1 14:00,10.1,25,1,-9,1.62,1,2.816
2021/1/1 15:00,9,25,1,-10,1.16,1,0.768
2021/1/1 16:00,8.3,26,1,-10.1,0.56,1,0.185
2021/1/1 17:00,5.9,35,0,-8.4,0.06,0.2,0
2021/1/1 18:00,6.5,34,0,-8.2,0,0,0
2021/1/1 19:00,5.7,36,0,-8.2,0,0,0
2021/1/1 20:00,5.4,36,0,-8.5,0,0,0
2021/1/1 21:00,5,38,0,-8.1,0,0,0
2021/1/1 22:00,4,42,0,-7.7,0,0,0
2021/1/1 23:00,3.9,42,0,-7.8,0,0,0
2021/1/3 0:00,2.2,63,0,-4.1,0,0,0
2021/1/3 1:00,1.4,64,0,-4.6,0,0,0
2021/1/3 2:00,1.7,57,0,-5.9,0,0,0
2021/1/3 3:00,0.6,61,0,-6,0,0,0
2021/1/3 4:00,0.2,59,0,-6.9,0,0,0
2021/1/3 5:00,1.1,51,0,-7.9,0,0,0
2021/1/3 6:00,0.2,56,0,-7.5,0,0,0
2021/1/3 7:00,-0.1,59,1,-7.1,0,0,0.286
2021/1/3 8:00,1.7,51,1,-7.3,0.27,0.5,4.359
2021/1/3 9:00,3.2,45,1,-7.6,0.86,1,5.042
2021/1/3 10:00,4.6,43,1,-6.9,1.24,1,5.179
2021/1/3 11:00,5.9,42,1,-6,1.5,1,5.771
2021/1/3 12:00,7.5,44,1,-3.9,1.7,1,5.684
2021/1/3 13:00,7.4,41,1,-5,1.75,1,4.494
2021/1/3 14:00,8,40,1,-4.8,1.58,1,2.716
2021/1/3 15:00,7.1,42,1,-4.9,1.12,1,0.425
2021/1/3 16:00,6,47,1,-4.4,0.54,1,0.189
2021/1/3 17:00,5.3,51,0,-4,0.07,0.3,0
2021/1/3 18:00,4.2,52,0,-4.8,0,0,0
2021/1/3 19:00,3.9,52,0,-5,0,0,0
2021/1/3 20:00,4.2,54,0,-4.3,0,0,0
2021/1/3 21:00,3.6,57,0,-4.1,0,0,0
2021/1/3 22:00,4.6,54,0,-3.9,0,0,0
2021/1/3 23:00,3.9,56,0,-4.1,0,0,0
2021/1/4 0:00,3.5,58,0,-4,0,0,0
2021/1/4 1:00,3.2,58,0,-4.2,0,0,0
2021/1/4 2:00,3.5,61,0,-3.3,0,0,0
2021/1/4 3:00,3.1,59,0,-4.1,0,0,0
2021/1/4 4:00,2.4,59,0,-4.8,0,0,0
2021/1/4 5:00,2.7,57,0,-4.9,0,0,0
2021/1/4 6:00,2.3,56,0,-5.6,0,0,0
2021/1/4 7:00,1.6,59,1,-5.5,0,0,0.506
2021/1/4 8:00,2.6,59,1,-4.6,0.17,0,1.935
2021/1/4 9:00,4.5,50,1,-5,0.55,0.3,5.786
2021/1/4 10:00,6.9,45,1,-4.2,1.19,1,6.387
2021/1/4 11:00,9.2,40,1,-3.7,1.58,1,6.855
2021/1/4 12:00,9.9,36,1,-4.5,1.44,1,6.254
2021/1/4 13:00,10.5,32,1,-5.5,1.93,1,4.736
2021/1/4 14:00,10.9,31,1,-5.5,1.63,1,2.908
2021/1/4 15:00,10.1,37,1,-3.9,1.15,1,0.816
2021/1/4 16:00,8.4,48,1,-2,0.56,1,0.195
2021/1/4 17:00,6.8,51,0,-2.6,0.07,0.4,0
2021/1/4 18:00,5.9,53,0,-2.9,0,0,0
2021/1/4 19:00,6.1,55,0,-2.3,0,0,0
2021/1/4 20:00,5.9,55,0,-2.4,0,0,0
2021/1/4 21:00,5.9,62,0,-0.8,0,0,0
2021/1/4 22:00,5.7,69,0,0.5,0,0,0
2021/1/4 23:00,5.7,63,0,-0.8,0,0,0
2021/1/5 0:00,4.4,64,0,-1.8,0,0,0
2021/1/5 1:00,4.3,57,0,-3.4,0,0,0
2021/1/5 2:00,3.3,62,0,-3.3,0,0,0
2021/1/5 3:00,3.6,59,0,-3.6,0,0,0
2021/1/5 4:00,3.2,61,0,-3.6,0,0,0
2021/1/5 5:00,2.9,64,0,-3.2,0,0,0
2021/1/5 6:00,3.4,66,0,-2.3,0,0,0
2021/1/5 7:00,2.8,70,1,-2.1,0,0,0.1
2021/1/5 8:00,3.8,67,1,-1.8,0.11,0,1.182
2021/1/5 9:00,5.6,60,1,-1.5,0.44,0,2.99
2021/1/5 10:00,6.5,56,1,-1.6,0.91,0.6,2.351
2021/1/5 11:00,7.5,55,1,-0.9,0.84,0.1,1.87
2021/1/5 12:00,8.5,52,1,-0.8,0.92,0.1,2.943
2021/1/5 13:00,9.1,53,1,0.1,1.06,0.2,1.436
2021/1/5 14:00,9.2,57,1,1.1,0.57,0,1.063
2021/1/5 15:00,9.2,65,1,3,0.44,0,0.503
2021/1/5 16:00,8.8,71,1,3.8,0.25,0,0.17
2021/1/5 17:00,8.1,70,0,3,0.04,0,0
2021/1/5 18:00,7.8,73,0,3.3,0,0,0
2021/1/5 19:00,7.5,79,0,4.1,0,0,0
2021/1/5 20:00,6.5,82,0,3.7,0,0,0
2021/1/5 21:00,6.1,84,0,3.6,0,0,0
2021/1/5 22:00,6,84,0,3.5,0,0,0
2021/1/5 23:00,6,83,0,3.3,0,0,0
2021/1/6 0:00,5.2,87,0,3.2,0,0,0
2021/1/6 1:00,5,87,0,3,0,0,0
2021/1/6 2:00,4.9,86,0,2.8,0,0,0
2021/1/6 3:00,4.6,88,0,2.8,0,0,0
2021/1/6 4:00,5,81,0,2,0,0,0
2021/1/6 5:00,4.2,75,0,0.2,0,0,0
2021/1/6 6:00,4.7,75,0,0.7,0,0,0
2021/1/6 7:00,4.8,82,1,2,0,0,0.282
2021/1/6 8:00,4.6,82,1,1.8,0.11,0,2.544
2021/1/6 9:00,5.4,78,1,1.9,0.61,0.2,4.991
2021/1/6 10:00,6.4,73,1,1.9,0.64,0.1,2.992
2021/1/6 11:00,5.9,68,1,0.5,0.84,0,1.866
2021/1/6 12:00,5.5,67,1,-0.1,0.68,0,1.496
2021/1/6 13:00,6.4,64,1,0.1,0.88,0.1,1.781
2021/1/6 14:00,6.5,65,1,0.4,0.78,0,1.2
2021/1/6 15:00,5.9,66,1,0.1,0.26,0,0.316
2021/1/6 16:00,5.7,68,1,0.3,0.11,0,0.619
2021/1/6 17:00,5.6,69,0,0.4,0.01,0,0
2021/1/6 18:00,5.6,65,0,-0.4,0,0,0
2021/1/6 19:00,5.5,66,0,-0.3,0,0,0
2021/1/6 20:00,5.4,67,0,-0.2,0,0,0
2021/1/6 21:00,4.9,69,0,-0.3,0,0,0
2021/1/6 22:00,5,69,0,-0.2,0,0,0
2021/1/6 23:00,5,69,0,-0.2,0,0,0
2021/1/7 0:00,4.8,72,0,0.2,0,0,0
2021/1/7 1:00,4.1,76,0,0.3,0,0,0
2021/1/7 2:00,3.5,81,0,0.6,0,0,0
2021/1/7 3:00,3.5,79,0,0.2,0,0,0
2021/1/7 4:00,3.7,74,0,-0.5,0,0,0
2021/1/7 5:00,3.5,71,0,-1.3,0,0,0
2021/1/7 6:00,2.5,78,0,-0.9,0,0,0
2021/1/7 7:00,2.2,81,1,-0.7,0,0,0.321
2021/1/7 8:00,3.2,77,1,-0.4,0.1,0,1.663
2021/1/7 9:00,6.2,67,1,0.5,0.56,0.5,3.349
2021/1/7 10:00,10.2,43,1,-1.8,0.99,0.7,5.931
2021/1/7 11:00,10.8,46,1,-0.3,1.7,1,7.076
2021/1/7 12:00,12.2,32,1,-4,1.89,1,6.377
2021/1/7 13:00,11.9,28,1,-6,1.88,1,4.535
2021/1/7 14:00,11.4,28,1,-6.4,1.48,1,2.663
2021/1/7 15:00,10.2,29,1,-7,1.12,1,0.978
2021/1/7 16:00,9.4,32,1,-6.4,0.58,1,0
2021/1/7 17:00,8.1,36,0,-6.1,0.06,0.2,0
2021/1/7 18:00,8,34,0,-6.9,0,0,0
2021/1/7 19:00,6.9,23,0,-12.8,0,0,0
2021/1/7 20:00,5.3,17,0,-17.8,0,0,0
2021/1/7 21:00,4.4,19,0,-17.2,0,0,0
2021/1/7 22:00,4,22,0,-15.8,0,0,0
2021/1/7 23:00,3.6,24,0,-15.1,0,0,0
2021/1/8 0:00,2.9,27,0,-14.3,0,0,0
2021/1/8 1:00,2,33,0,-12.6,0,0,0
2021/1/8 2:00,1.2,38,0,-11.5,0,0,0
2021/1/8 3:00,1.2,39,0,-11.2,0,0,0
2021/1/8 4:00,0.6,44,0,-10.2,0,0,0
2021/1/8 5:00,-0.9,52,0,-9.5,0,0,0
2021/1/8 6:00,-1.5,55,0,-9.4,0,0,0
2021/1/8 7:00,0.1,48,1,-9.6,0.01,0,0.449
2021/1/8 8:00,1.6,42,1,-9.9,0.36,0.4,4.267
2021/1/8 9:00,3.4,38,1,-9.6,0.91,1,6.618
2021/1/8 10:00,4.2,34,1,-10.2,1.45,1,7.284
2021/1/8 11:00,4.6,35,1,-9.5,1.51,0.8,7.235
2021/1/8 12:00,6,32,1,-9.4,1.65,0.9,4.789
2021/1/8 13:00,5.3,38,1,-7.9,1.44,0.9,2.312
2021/1/8 14:00,4.8,35,1,-9.4,0.6,0.1,1.344
2021/1/8 15:00,5.3,35,1,-8.9,0.51,0,0.709
2021/1/8 16:00,4.4,41,1,-7.7,0.28,0.1,0.197
2021/1/8 17:00,3.3,45,0,-7.5,0.07,0.2,0
2021/1/8 18:00,3.6,42,0,-8.1,0,0,0
2021/1/8 19:00,3.7,39,0,-9,0,0,0
2021/1/8 20:00,3,43,0,-8.4,0,0,0
2021/1/8 21:00,1.9,46,0,-8.5,0,0,0
2021/1/8 22:00,0.2,52,0,-8.5,0,0,0
2021/1/8 23:00,0.1,53,0,-8.3,0,0,0
2021/1/9 0:00,-0.6,54,0,-8.7,0,0,0
2021/1/9 1:00,-1.1,60,0,-7.9,0,0,0
2021/1/9 2:00,-0.1,47,0,-10,0,0,0
2021/1/9 3:00,0.5,36,0,-12.8,0,0,0
2021/1/9 4:00,0.4,35,0,-13.3,0,0,0
2021/1/9 5:00,-0.4,36,0,-13.6,0,0,0
2021/1/9 6:00,-0.9,35,0,-14.4,0,0,0
2021/1/9 7:00,-0.4,34,1,-14.3,0,0,0.257
2021/1/9 8:00,1.3,31,1,-14,0.24,0.4,3.97
2021/1/9 9:00,3.6,28,1,-13.2,0.94,1,6.968
2021/1/9 10:00,6.2,23,1,-13.4,1.5,1,7.714
2021/1/9 11:00,6.7,19,1,-15.3,1.92,1,7.563
2021/1/9 12:00,6.6,17,1,-16.7,2.09,1,6.682
2021/1/9 13:00,8.1,18,1,-14.8,2.03,1,5.173
2021/1/9 14:00,7.5,16,1,-16.7,1.74,1,1.799
2021/1/9 15:00,7.5,18,1,-15.3,1.47,1,0.712
2021/1/9 16:00,5.9,20,1,-15.3,0.48,0.7,0.198
2021/1/9 17:00,5.2,22,0,-14.8,0.12,0.4,0
2021/1/9 18:00,4,27,0,-13.3,0,0,0
2021/1/9 19:00,2.8,32,0,-12.3,0,0,0
2021/1/9 20:00,1.7,34,0,-12.5,0,0,0
2021/1/9 21:00,1.6,36,0,-11.9,0,0,0
2021/1/9 22:00,1.3,37,0,-11.8,0,0,0
2021/1/9 23:00,0.8,41,0,-11,0,0,0
2021/1/10 0:00,0.1,48,0,-9.6,0,0,0
2021/1/10 1:00,0,49,0,-9.4,0,0,0
2021/1/10 2:00,-0.5,56,0,-8.2,0,0,0
2021/1/10 3:00,-1.2,59,0,-8.2,0,0,0
2021/1/10 4:00,-1.2,61,0,-7.7,0,0,0
2021/1/10 5:00,-1.7,60,0,-8.4,0,0,0
2021/1/10 6:00,-1.7,64,0,-7.6,0,0,0
2021/1/10 7:00,-1.9,64,1,-7.8,0,0,0.253
2021/1/10 8:00,-0.6,58,1,-7.8,0.24,0.4,3.886
2021/1/10 9:00,2.1,44,1,-8.9,0.93,1,6.748
2021/1/10 10:00,3.5,37,1,-9.8,1.49,1,7.471
2021/1/10 11:00,5.1,33,1,-9.8,1.89,1,7.461
2021/1/10 12:00,6,29,1,-10.7,2.07,1,6.626
2021/1/10 13:00,7.8,28,1,-9.6,2.02,1,5.186
2021/1/10 14:00,7.6,25,1,-11.2,1.74,1,3.085
2021/1/10 15:00,6.5,23,1,-13.1,1.25,1,0.922
2021/1/10 16:00,5.8,31,1,-10,0.65,1,0.0437
2021/1/10 17:00,3.7,36,0,-10,0.11,0.5,0
2021/1/10 18:00,2.5,43,0,-8.8,0,0,0
2021/1/10 19:00,3,42,0,-8.7,0,0,0
2021/1/10 20:00,4,40,0,-8.4,0,0,0
2021/1/10 21:00,3.9,40,0,-8.5,0,0,0
2021/1/10 22:00,4.4,39,0,-8.3,0,0,0
2021/1/10 23:00,3.2,41,0,-8.8,0,0,0
2021/1/11 0:00,1.8,44,0,-9.1,0,0,0
2021/1/11 1:00,1.1,46,0,-9.2,0,0,0
2021/1/11 2:00,0.7,50,0,-8.5,0,0,0
2021/1/11 3:00,-0.3,56,0,-8,0,0,0
2021/1/11 4:00,-0.6,57,0,-8.1,0,0,0
2021/1/11 5:00,-0.5,54,0,-8.7,0,0,0
2021/1/11 6:00,-0.6,56,0,-8.3,0,0,0
2021/1/11 7:00,-0.7,56,1,-8.4,0,0,0.662
2021/1/11 8:00,-0.1,55,1,-8,0.2,0.2,1.74
2021/1/11 9:00,1.2,56,1,-6.6,0.49,0,2.873
2021/1/11 10:00,2.7,51,1,-6.4,0.84,0,3.237
2021/1/11 11:00,3.8,46,1,-6.7,1.01,0,2.263
2021/1/11 12:00,4.7,41,1,-7.4,0.84,0,2.208
2021/1/11 13:00,5.4,38,1,-7.8,0.88,0,2.449
2021/1/11 14:00,5.9,35,1,-8.4,1,0,1.89
2021/1/11 15:00,6.1,34,1,-8.6,0.93,0.6,0.728
2021/1/11 16:00,5.2,36,1,-8.6,0.33,0,0.186
2021/1/11 17:00,4.2,38,0,-8.8,0.05,0,0
2021/1/11 18:00,3.4,42,0,-8.3,0,0,0
2021/1/11 19:00,2.6,43,0,-8.7,0,0,0
2021/1/11 20:00,2.2,45,0,-8.5,0,0,0
2021/1/11 21:00,1.3,46,0,-9,0,0,0
2021/1/11 22:00,1.4,51,0,-7.6,0,0,0
2021/1/11 23:00,2.7,50,0,-6.7,0,0,0
2021/1/12 0:00,3.6,48,0,-6.4,0,0,0
2021/1/12 1:00,3,49,0,-6.7,0,0,0
2021/1/12 2:00,2.3,54,0,-6,0,0,0
2021/1/12 3:00,2.5,53,0,-6.1,0,0,0
2021/1/12 4:00,2.6,54,0,-5.8,0,0,0
2021/1/12 5:00,2.5,58,0,-4.9,0,0,0
2021/1/12 6:00,1.6,63,0,-4.7,0,0,0
2021/1/12 7:00,1.8,62,1,-4.7,0,0,0.0846
2021/1/12 8:00,2.8,56,1,-5.1,0.13,0,1.277
2021/1/12 9:00,3.9,53,1,-4.8,0.4,0,1.823
2021/1/12 10:00,4.6,53,1,-4.1,0.64,0,1.847
2021/1/12 11:00,5.3,53,1,-3.5,0.74,0,1.063
2021/1/12 12:00,5,56,1,-3,0.48,0,1.11
2021/1/12 13:00,4.9,72,1,0.3,0.41,0,0.972
2021/1/12 14:00,4,80,1,0.9,0.27,0,0.469
2021/1/12 15:00,4.2,77,1,0.5,0.21,0,0.287
2021/1/12 16:00,3.6,82,1,0.8,0.11,0,0.599
2021/1/12 17:00,3.5,84,0,1.1,0.02,0,0
2021/1/12 18:00,3.7,83,0,1.1,0,0,0
2021/1/12 19:00,3.6,81,0,0.7,0,0,0
2021/1/12 20:00,3.9,80,0,0.8,0,0,0
2021/1/12 21:00,4.2,78,0,0.7,0,0,0
2021/1/12 22:00,3.9,78,0,0.4,0,0,0
2021/1/12 23:00,2.6,82,0,-0.1,0,0,0
2021/1/13 0:00,2,87,0,0.1,0,0,0
2021/1/13 1:00,1.7,88,0,0,0,0,0
2021/1/13 2:00,1.3,90,0,-0.1,0,0,0
2021/1/13 3:00,1.1,89,0,-0.5,0,0,0
2021/1/13 4:00,1,90,0,-0.4,0,0,0
2021/1/13 5:00,-0.3,94,0,-1.1,0,0,0
2021/1/13 6:00,-0.4,94,0,-1.2,0,0,0
2021/1/13 7:00,0.1,94,1,-0.7,0,0,0.273
2021/1/13 8:00,2.2,88,1,0.4,0.24,0.5,3.869
2021/1/13 9:00,5.4,71,1,0.6,0.91,1,6.588
2021/1/13 10:00,8.6,58,1,0.8,1.46,1,7.324
2021/1/13 11:00,10.2,47,1,-0.6,1.86,1,7.222
2021/1/13 12:00,10.4,41,1,-2.3,2.03,1,5.515
2021/1/13 13:00,11.4,41,1,-1.4,1.98,1,5.1
2021/1/13 14:00,11.9,37,1,-2.3,1.71,1,3.172
2021/1/13 15:00,11.1,35,1,-3.8,1.23,1,1.013
2021/1/13 16:00,10.3,42,1,-2,0.66,1,0.211
2021/1/13 17:00,8.4,45,0,-2.8,0.12,0.6,0
2021/1/13 18:00,6.6,53,0,-2.3,0,0,0
2021/1/13 19:00,6.6,50,0,-3.1,0,0,0
2021/1/13 20:00,6.3,53,0,-2.6,0,0,0
2021/1/13 21:00,5.8,60,0,-1.4,0,0,0
2021/1/13 22:00,6.7,57,0,-1.2,0,0,0
2021/1/13 23:00,5.8,62,0,-0.9,0,0,0
2021/1/14 0:00,6,65,0,-0.1,0,0,0
2021/1/14 1:00,3.8,69,0,-1.4,0,0,0
2021/1/14 2:00,3.3,67,0,-2.2,0,0,0
2021/1/14 3:00,2.9,66,0,-2.8,0,0,0
2021/1/14 4:00,2.7,67,0,-2.8,0,0,0
2021/1/14 5:00,2.2,68,0,-3.1,0,0,0
2021/1/14 6:00,2.1,67,0,-3.4,0,0,0
2021/1/14 7:00,1.5,72,1,-3,0,0,0.329
2021/1/14 8:00,4,65,1,-2,0.24,0.5,3.864
2021/1/14 9:00,7.5,54,1,-1.2,0.89,1,6.428
2021/1/14 10:00,9.4,48,1,-1,1.43,1,5.254
2021/1/14 11:00,10.7,44,1,-1,1.82,1,7.053
2021/1/14 12:00,12.5,45,1,0.9,2.01,1,6.362
2021/1/14 13:00,14.5,41,1,1.4,1.94,1,4.994
2021/1/14 14:00,14.1,36,1,-0.7,1.66,1,3.066
2021/1/14 15:00,13.8,38,1,-0.2,1.21,1,1.015
2021/1/14 16:00,13.2,45,1,1.5,0.62,1,0.23
2021/1/14 17:00,10.3,56,0,1.9,0.11,0.5,0
2021/1/14 18:00,9.1,61,0,2,0,0,0
2021/1/14 19:00,10.7,51,0,1,0,0,0
2021/1/14 20:00,9.9,47,0,-0.9,0,0,0
2021/1/14 21:00,8.6,52,0,-0.7,0,0,0
2021/1/14 22:00,7.5,54,0,-1.2,0,0,0
2021/1/14 23:00,8.1,50,0,-1.7,0,0,0
2021/1/15 0:00,7.5,52,0,-1.7,0,0,0
2021/1/15 1:00,6.9,53,0,-2,0,0,0
2021/1/15 2:00,6.6,54,0,-2,0,0,0
2021/1/15 3:00,6.5,53,0,-2.4,0,0,0
2021/1/15 4:00,5.5,58,0,-2.1,0,0,0
2021/1/15 5:00,5.4,59,0,-2,0,0,0
2021/1/15 6:00,5.8,59,0,-1.6,0,0,0
2021/1/15 7:00,5.9,60,1,-1.3,0,0,0.408
2021/1/15 8:00,6,59,1,-1.4,0.04,0,1.741
2021/1/15 9:00,6.1,60,1,-1.1,0.21,0,0.991
2021/1/15 10:00,6.1,59,1,-1.3,0.38,0,0.667
2021/1/15 11:00,6.8,57,1,-1.1,0.52,0,0.816
2021/1/15 12:00,6.6,60,1,-0.6,0.37,0,1.13
2021/1/15 13:00,7,60,1,-0.2,0.32,0,1.075
2021/1/15 14:00,7,67,1,1.3,0.53,0,0.609
2021/1/15 15:00,7.3,72,1,2.6,0.23,0,0.542
2021/1/15 16:00,7,79,1,3.6,0.15,0,0.0253
2021/1/15 17:00,6.9,83,0,4.2,0.02,0,0
2021/1/15 18:00,6.8,84,0,4.3,0,0,0
2021/1/15 19:00,6.9,84,0,4.4,0,0,0
2021/1/15 20:00,7,83,0,4.3,0,0,0
2021/1/15 21:00,6.9,83,0,4.2,0,0,0
2021/1/15 22:00,6.9,82,0,4.1,0,0,0
2021/1/15 23:00,6.4,81,0,3.4,0,0,0
2021/1/16 0:00,7,76,0,3.1,0,0,0
2021/1/16 1:00,6.9,77,0,3.2,0,0,0
2021/1/16 2:00,5.8,79,0,2.5,0,0,0
2021/1/16 3:00,5.3,83,0,2.7,0,0,0
2021/1/16 4:00,5.2,83,0,2.6,0,0,0
2021/1/16 5:00,6.1,81,0,3.1,0,0,0
2021/1/16 6:00,4.6,88,0,2.8,0,0,0
2021/1/16 7:00,4.9,86,1,2.8,0,0,0.644
2021/1/16 8:00,5.8,79,1,2.5,0.2,0.4,3.373
2021/1/16 9:00,8.3,71,1,3.4,0.81,1,5.805
2021/1/16 10:00,12.7,61,1,5.4,1.37,1,6.671
2021/1/16 11:00,14.9,53,1,5.4,1.77,1,6.45
2021/1/16 12:00,17.2,45,1,5.2,1.85,1,6.246
2021/1/16 13:00,18.1,43,1,5.4,1.88,1,4.891
2021/1/16 14:00,18.3,44,1,5.9,1.61,1,2.828
2021/1/16 15:00,18.2,43,1,5.4,1.19,1,0.971
2021/1/16 16:00,15.5,47,1,4.3,0.61,1,0.228
2021/1/16 17:00,12.9,51,0,3,0.11,0.4,0
2021/1/16 18:00,11.2,54,0,2.3,0,0,0
2021/1/16 19:00,9.9,60,0,2.5,0,0,0
2021/1/16 20:00,8.8,51,0,-0.8,0,0,0
2021/1/16 21:00,8.2,47,0,-2.4,0,0,0
2021/1/16 22:00,7.6,47,0,-3,0,0,0
2021/1/16 23:00,7.4,45,0,-3.7,0,0,0
2021/1/17 0:00,7.3,43,0,-4.4,0,0,0
2021/1/17 1:00,7.1,41,0,-5.2,0,0,0
2021/1/17 2:00,6.7,43,0,-5,0,0,0
2021/1/17 3:00,6.2,46,0,-4.5,0,0,0
2021/1/17 4:00,5.9,48,0,-4.3,0,0,0
2021/1/17 5:00,5.9,47,0,-4.5,0,0,0
2021/1/17 6:00,4.8,51,0,-4.5,0,0,0
2021/1/17 7:00,4.6,54,1,-3.9,0,0,0.358
2021/1/17 8:00,5.6,49,1,-4.3,0.13,0,1.692
2021/1/17 9:00,6.5,47,1,-4,0.53,0.1,1.96
2021/1/17 10:00,6.5,49,1,-3.4,0.7,0,2.962
2021/1/17 11:00,7,46,1,-3.8,1.07,0.1,2.2
2021/1/17 12:00,7.7,46,1,-3.2,0.77,0,1.778
2021/1/17 13:00,7.2,44,1,-4.2,0.61,0,1.964
2021/1/17 14:00,7.8,46,1,-3.1,0.63,0,2.129
2021/1/17 15:00,7.6,49,1,-2.4,0.61,0,1.082
2021/1/17 16:00,6.8,54,1,-1.8,0.34,0,0.221
2021/1/17 17:00,6.3,57,0,-1.6,0.06,0,0
2021/1/17 18:00,6.1,57,0,-1.8,0,0,0
2021/1/17 19:00,5.8,57,0,-2,0,0,0
2021/1/17 20:00,5.4,64,0,-0.8,0,0,0
2021/1/17 21:00,4.5,69,0,-0.7,0,0,0
2021/1/17 22:00,4.9,63,0,-1.5,0,0,0
2021/1/17 23:00,4.9,64,0,-1.3,0,0,0
2021/1/18 0:00,4.1,68,0,-1.3,0,0,0
2021/1/18 1:00,2.9,76,0,-0.9,0,0,0
2021/1/18 2:00,2.1,80,0,-1,0,0,0
2021/1/18 3:00,1.5,82,0,-1.2,0,0,0
2021/1/18 4:00,1.6,78,0,-1.8,0,0,0
2021/1/18 5:00,1.1,81,0,-1.8,0,0,0
2021/1/18 6:00,2.5,73,0,-1.8,0,0,0
2021/1/18 7:00,1.7,73,1,-2.6,0,0,0.296
2021/1/18 8:00,2.5,69,1,-2.6,0.12,0,1.175
2021/1/18 9:00,3.8,66,1,-2,0.36,0.1,1.886
2021/1/18 10:00,3.8,63,1,-2.6,0.72,0.2,2.413
2021/1/18 11:00,4.6,60,1,-2.5,0.8,0.1,5.849
2021/1/18 12:00,6.8,57,1,-1.1,1.88,0.8,6.203
2021/1/18 13:00,6.8,54,1,-1.8,1.7,0.7,5.064
2021/1/18 14:00,7.8,53,1,-1.2,1.41,0.9,3.091
2021/1/18 15:00,7.8,56,1,-0.4,1.2,1,1.11
2021/1/18 16:00,7.3,61,1,0.3,0.66,1,0.25
2021/1/18 17:00,5.4,71,0,0.6,0.13,0.6,0
2021/1/18 18:00,4.4,78,0,0.9,0,0,0
2021/1/18 19:00,4,78,0,0.5,0,0,0
2021/1/18 20:00,5.3,66,0,-0.5,0,0,0
2021/1/18 21:00,4.4,70,0,-0.6,0,0,0
2021/1/18 22:00,4.9,67,0,-0.7,0,0,0
2021/1/18 23:00,5.1,41,0,-7.1,0,0,0
2021/1/19 0:00,5.3,44,0,-6,0,0,0
2021/1/19 1:00,5,47,0,-5.4,0,0,0
2021/1/19 2:00,4.7,49,0,-5.1,0,0,0
2021/1/19 3:00,4.2,52,0,-4.8,0,0,0
2021/1/19 4:00,3.5,57,0,-4.2,0,0,0
2021/1/19 5:00,2,64,0,-4.1,0,0,0
2021/1/19 6:00,2.6,60,0,-4.4,0,0,0
2021/1/19 7:00,3.6,55,1,-4.6,0,0,0.319
2021/1/19 8:00,4.3,43,1,-7.2,0.26,0.5,4.326
2021/1/19 9:00,5.8,36,1,-8.1,0.94,1,7.162
2021/1/19 10:00,6.8,31,1,-9.1,1.52,1,7.887
2021/1/19 11:00,8,27,1,-9.8,1.93,1,7.778
2021/1/19 12:00,9,27,1,-9,2.13,1,7.042
2021/1/19 13:00,8.4,26,1,-10,2.08,1,5.476
2021/1/19 14:00,7.8,27,1,-10,1.81,1,3.506
2021/1/19 15:00,6.4,28,1,-10.8,1.35,1,0.574
2021/1/19 16:00,5.3,27,1,-12.2,0.75,1,0.243
2021/1/19 17:00,4.2,30,0,-11.8,0.17,0.7,0
2021/1/19 18:00,3.3,34,0,-11.1,0,0,0
2021/1/19 19:00,2.6,35,0,-11.3,0,0,0
2021/1/19 20:00,1.9,38,0,-10.9,0,0,0
2021/1/19 21:00,1.8,38,0,-11,0,0,0
2021/1/19 22:00,1.5,41,0,-10.3,0,0,0
2021/1/19 23:00,1.1,43,0,-10.1,0,0,0
2021/1/20 0:00,1.1,42,0,-10.4,0,0,0
2021/1/20 1:00,0.9,42,0,-10.5,0,0,0
2021/1/20 2:00,0.9,41,0,-10.9,0,0,0
2021/1/20 3:00,1,40,0,-11.1,0,0,0
2021/1/20 4:00,0.9,40,0,-11.2,0,0,0
2021/1/20 5:00,0.9,41,0,-10.9,0,0,0
2021/1/20 6:00,0.7,43,0,-10.4,0,0,0
2021/1/20 7:00,0.8,44,1,-10,0,0,0.325
2021/1/20 8:00,1.8,42,1,-9.7,0.27,0.5,4.56
2021/1/20 9:00,3.8,38,1,-9.2,0.96,1,7.09
2021/1/20 10:00,5.2,36,1,-8.6,1.55,1,7.771
2021/1/20 11:00,6.2,33,1,-8.9,1.97,1,7.516
2021/1/20 12:00,7.4,32,1,-8.2,2.17,1,5.797
2021/1/20 13:00,8.2,30,1,-8.3,2.13,1,5.534
2021/1/20 14:00,9.2,29,1,-7.9,1.85,1,3.421
2021/1/20 15:00,7.7,30,1,-8.8,1.38,1,1.192
2021/1/20 16:00,7.8,31,1,-8.3,0.77,1,0.238
2021/1/20 17:00,5.1,44,0,-6.1,0.18,0.7,0
2021/1/20 18:00,4.8,42,0,-7,0,0,0
2021/1/20 19:00,4.6,39,0,-8.2,0,0,0
2021/1/20 20:00,5.4,38,0,-7.8,0,0,0
2021/1/20 21:00,3.3,46,0,-7.2,0,0,0
2021/1/20 22:00,2.7,58,0,-4.7,0,0,0
2021/1/20 23:00,2.2,64,0,-3.9,0,0,0
2021/1/21 0:00,2.8,61,0,-4,0,0,0
2021/1/21 1:00,2,56,0,-5.8,0,0,0
2021/1/21 2:00,1.4,62,0,-5.1,0,0,0
2021/1/21 3:00,1.1,60,0,-5.8,0,0,0
2021/1/21 4:00,0.7,59,0,-6.4,0,0,0
2021/1/21 5:00,0.2,59,0,-6.9,0,0,0
2021/1/21 6:00,0,59,0,-7,0,0,0
2021/1/21 7:00,0,60,1,-6.8,0.01,0,0.486
2021/1/21 8:00,0.9,58,1,-6.4,0.25,0.5,1.369
2021/1/21 9:00,3.2,51,1,-5.9,0.89,1,4.201
2021/1/21 10:00,5.6,44,1,-5.7,1.47,1,7.229
2021/1/21 11:00,7.7,40,1,-5,1.89,1,7.167
2021/1/21 12:00,8.8,41,1,-3.7,1.89,1,6.49
2021/1/21 13:00,9.2,43,1,-2.7,2,1,5.08
2021/1/21 14:00,10.2,41,1,-2.5,1.73,1,3.24
2021/1/21 15:00,9.9,43,1,-2.1,1.27,1,1.173
2021/1/21 16:00,9.5,44,1,-2.1,0.69,1,0.159
2021/1/21 17:00,7.7,50,0,-2.1,0.16,0.6,0
2021/1/21 18:00,7,52,0,-2.2,0,0,0
2021/1/21 19:00,5.8,57,0,-2,0,0,0
2021/1/21 20:00,5.3,59,0,-2.1,0,0,0
2021/1/21 21:00,5.5,57,0,-2.3,0,0,0
2021/1/21 22:00,5.2,58,0,-2.4,0,0,0
2021/1/21 23:00,4,62,0,-2.6,0,0,0
2021/1/22 0:00,3.9,62,0,-2.7,0,0,0
2021/1/22 1:00,4,59,0,-3.3,0,0,0
2021/1/22 2:00,3.5,60,0,-3.5,0,0,0
2021/1/22 3:00,3.7,58,0,-3.8,0,0,0
2021/1/22 4:00,2.9,58,0,-4.5,0,0,0
2021/1/22 5:00,2.5,62,0,-4,0,0,0
2021/1/22 6:00,2.4,60,0,-4.6,0,0,0
2021/1/22 7:00,1.8,67,1,-3.7,0.01,0,0.42
2021/1/22 8:00,3.5,57,1,-4.2,0.24,0.5,2.572
2021/1/22 9:00,6.9,50,1,-2.8,0.88,1,6.465
2021/1/22 10:00,9.1,39,1,-4.1,1.44,1,7.033
2021/1/22 11:00,11,36,1,-3.5,1.85,1,7.045
2021/1/22 12:00,13.3,35,1,-1.8,2.03,1,6.269
2021/1/22 13:00,14.3,28,1,-3.9,1.99,1,4.915
2021/1/22 14:00,15.4,29,1,-2.5,1.74,1,3.174
2021/1/22 15:00,15.3,34,1,-0.4,1.24,0.9,1.673
2021/1/22 16:00,14,38,1,-0.1,0.4,0.1,0.295
2021/1/22 17:00,12.5,40,0,-0.7,0.12,0.2,0
2021/1/22 18:00,10.8,43,0,-1.3,0,0,0
2021/1/22 19:00,10.9,42,0,-1.5,0,0,0
2021/1/22 20:00,10.2,47,0,-0.6,0,0,0
2021/1/22 21:00,11.1,44,0,-0.7,0,0,0
2021/1/22 22:00,9.7,51,0,0.1,0,0,0
2021/1/22 23:00,9.5,53,0,0.4,0,0,0
2021/1/23 0:00,10,53,0,0.9,0,0,0
2021/1/23 1:00,9.7,58,0,1.8,0,0,0
2021/1/23 2:00,9.6,60,0,2.2,0,0,0
2021/1/23 3:00,9.4,64,0,2.9,0,0,0
2021/1/23 4:00,9,67,0,3.2,0,0,0
2021/1/23 5:00,9.2,72,0,4.4,0,0,0
2021/1/23 6:00,9,76,0,5,0,0,0
2021/1/23 7:00,9.2,75,1,5,0,0,0.0984
2021/1/23 8:00,9.1,72,1,4.3,0.02,0,0.839
2021/1/23 9:00,8.6,77,1,4.8,0.07,0,0.51
2021/1/23 10:00,7.6,85,1,5.3,0.14,0,0.314
2021/1/23 11:00,7,93,1,6,0.2,0,0.542
2021/1/23 12:00,6.4,93,1,5.4,0.3,0,0.656
2021/1/23 13:00,5.9,94,1,5,0.23,0,0.466
2021/1/23 14:00,5.2,93,1,4.2,0.18,0,0.214
2021/1/23 15:00,4.9,94,1,4,0.1,0,0.208
2021/1/23 16:00,4.9,96,1,4.3,0.08,0,0.634
2021/1/23 17:00,4.5,96,0,3.9,0.02,0,0
2021/1/23 18:00,4.3,97,0,3.9,0,0,0
2021/1/23 19:00,3.9,97,0,3.5,0,0,0
2021/1/23 20:00,3.5,97,0,3.1,0,0,0
2021/1/23 21:00,3.1,97,0,2.7,0,0,0
2021/1/23 22:00,2.9,97,0,2.5,0,0,0
2021/1/23 23:00,2.8,97,0,2.4,0,0,0
2021/1/24 0:00,2.7,97,0,2.3,0,0,0
2021/1/24 1:00,3,97,0,2.6,0,0,0
2021/1/24 2:00,3,97,0,2.6,0,0,0
2021/1/24 3:00,2.9,97,0,2.5,0,0,0
2021/1/24 4:00,2.7,97,0,2.3,0,0,0
2021/1/24 5:00,2.4,97,0,2,0,0,0
2021/1/24 6:00,2.3,97,0,1.9,0,0,0
2021/1/24 7:00,2.5,96,1,1.9,0,0,0.124
2021/1/24 8:00,2.3,97,1,1.9,0.03,0,0.192
2021/1/24 9:00,2.5,97,1,2.1,0.06,0,0.306
2021/1/24 10:00,3,97,1,2.6,0.12,0,0.625
2021/1/24 11:00,3.6,97,1,3.2,0.29,0,2.208
2021/1/24 12:00,4.7,96,1,4.1,0.54,0,3.641
2021/1/24 13:00,5.4,94,1,4.5,0.52,0,2.666
2021/1/24 14:00,6,93,1,5,0.5,0,1.377
2021/1/24 15:00,6,91,1,4.7,0.37,0,0.636
2021/1/24 16:00,6.3,91,1,5,0.21,0,0.366
2021/1/24 17:00,6.4,90,0,4.9,0.03,0,0
2021/1/24 18:00,6.2,92,0,5,0,0,0
2021/1/24 19:00,6,95,0,5.3,0,0,0
2021/1/24 20:00,5.6,95,0,4.9,0,0,0
2021/1/24 21:00,5.3,95,0,4.6,0,0,0
2021/1/24 22:00,5.3,95,0,4.6,0,0,0
2021/1/24 23:00,5.3,95,0,4.6,0,0,0
2021/1/25 0:00,5.4,94,0,4.5,0,0,0
2021/1/25 1:00,5.2,97,0,4.8,0,0,0
2021/1/25 2:00,5,96,0,4.4,0,0,0
2021/1/25 3:00,4.7,97,0,4.3,0,0,0
2021/1/25 4:00,4.7,96,0,4.1,0,0,0
2021/1/25 5:00,4.3,96,0,3.7,0,0,0
2021/1/25 6:00,3.9,95,0,3.2,0,0,0
2021/1/25 7:00,3.9,95,1,3.2,0.01,0,0.52
2021/1/25 8:00,5.2,89,1,3.5,0.28,0.6,3.553
2021/1/25 9:00,7.1,86,1,4.9,0.93,1,1.595
2021/1/25 10:00,8.9,77,1,5.1,1.53,1,7.456
2021/1/25 11:00,10.6,66,1,4.5,1.95,1,7.364
2021/1/25 12:00,12,59,1,4.3,2.09,1,6.311
2021/1/25 13:00,12.3,52,1,2.7,1.98,1,5.28
2021/1/25 14:00,12.7,46,1,1.4,1.85,1,3.438
2021/1/25 15:00,12.2,46,1,0.9,1.42,1,1.106
2021/1/25 16:00,11.5,44,1,-0.3,0.57,0.7,0.23
2021/1/25 17:00,9.6,53,0,0.5,0.18,0.5,0
2021/1/25 18:00,8.4,60,0,1.1,0,0,0
2021/1/25 19:00,7.4,67,0,1.7,0,0,0
2021/1/25 20:00,7,69,0,1.7,0,0,0
2021/1/25 21:00,6.5,71,0,1.6,0,0,0
2021/1/25 22:00,6.3,73,0,1.8,0,0,0
2021/1/25 23:00,6.3,75,0,2.2,0,0,0
2021/1/26 0:00,6,77,0,2.3,0,0,0
2021/1/26 1:00,4.9,79,0,1.6,0,0,0
2021/1/26 2:00,4.4,83,0,1.8,0,0,0
2021/1/26 3:00,4.8,79,0,1.5,0,0,0
2021/1/26 4:00,4.2,78,0,0.7,0,0,0
2021/1/26 5:00,4,80,0,0.9,0,0,0
2021/1/26 6:00,3.1,84,0,0.7,0,0,0
2021/1/26 7:00,3.9,81,1,0.9,0.01,0,0.734
2021/1/26 8:00,4.8,76,1,0.9,0.3,0.4,1.646
2021/1/26 9:00,6.2,68,1,0.8,0.7,0.3,4.749
2021/1/26 10:00,7.4,65,1,1.3,0.97,0.2,3.803
2021/1/26 11:00,8.7,61,1,1.6,1.45,0.7,3.074
2021/1/26 12:00,9.3,64,1,2.9,0.76,0,1.727
2021/1/26 13:00,10.2,62,1,3.3,0.9,0.1,3.06
2021/1/26 14:00,10.9,62,1,3.9,1.27,0.5,1.695
2021/1/26 15:00,11,64,1,4.5,0.66,0,0.958
2021/1/26 16:00,10.7,71,1,5.7,0.3,0,0.29
2021/1/26 17:00,9.6,74,1,5.2,0.05,0,0
2021/1/26 18:00,9.4,73,0,4.8,0,0,0
2021/1/26 19:00,9.5,73,0,4.9,0,0,0
2021/1/26 20:00,9.2,73,0,4.6,0,0,0
2021/1/26 21:00,8.9,75,0,4.7,0,0,0
2021/1/26 22:00,8.5,76,0,4.5,0,0,0
2021/1/26 23:00,8.5,77,0,4.7,0,0,0
2021/1/27 0:00,8.5,78,0,4.9,0,0,0
2021/1/27 1:00,8.9,76,0,4.9,0,0,0
2021/1/27 2:00,8.4,77,0,4.6,0,0,0
2021/1/27 3:00,7.9,84,0,5.4,0,0,0
2021/1/27 4:00,6.7,96,0,6.1,0,0,0
2021/1/27 5:00,6.6,98,0,6.3,0,0,0
2021/1/27 6:00,6.8,99,0,6.7,0,0,0
2021/1/27 7:00,6.4,97,1,6,0,0,0.303
2021/1/27 8:00,7.4,97,1,7,0.14,0,0.761
2021/1/27 9:00,8.8,91,1,7.4,0.31,0,1.055
2021/1/27 10:00,9.6,84,1,7,0.53,0,0.84
2021/1/27 11:00,10.9,81,1,7.8,0.38,0,1.255
2021/1/27 12:00,13,71,1,7.9,0.79,0,1.644
2021/1/27 13:00,15.7,59,1,7.7,1.21,0.4,2.59
2021/1/27 14:00,15.8,53,1,6.3,1.1,0.4,0.904
2021/1/27 15:00,15.2,50,1,4.9,0.38,0,0.269
2021/1/27 16:00,14.8,47,1,3.6,0.17,0,0.199
2021/1/27 17:00,13.9,44,1,1.9,0.12,0,0
2021/1/27 18:00,12.3,46,0,1,0,0,0
2021/1/27 19:00,11.6,43,0,-0.5,0,0,0
2021/1/27 20:00,10.5,43,0,-1.5,0,0,0
2021/1/27 21:00,9.9,43,0,-2.1,0,0,0
2021/1/27 22:00,9,46,0,-2,0,0,0
2021/1/27 23:00,8.7,46,0,-2.3,0,0,0
2021/1/28 0:00,7.8,49,0,-2.2,0,0,0
2021/1/28 1:00,7,52,0,-2.2,0,0,0
2021/1/28 2:00,6.8,55,0,-1.6,0,0,0
2021/1/28 3:00,5.5,62,0,-1.2,0,0,0
2021/1/28 4:00,5.9,60,0,-1.3,0,0,0
2021/1/28 5:00,6.1,64,0,-0.2,0,0,0
2021/1/28 6:00,6,62,0,-0.7,0,0,0
2021/1/28 7:00,5.5,65,1,-0.5,0.01,0,0.764
2021/1/28 8:00,5.9,62,1,-0.8,0.23,0.2,1.387
2021/1/28 9:00,6,65,1,-0.1,0.3,0,1.227
2021/1/28 10:00,6.1,63,1,-0.4,0.42,0,1.164
2021/1/28 11:00,6.7,63,1,0.2,0.41,0,1.306
2021/1/28 12:00,6.7,64,1,0.4,0.37,0,1.144
2021/1/28 13:00,6.2,72,1,1.5,0.37,0,0.459
2021/1/28 14:00,4.4,90,1,2.9,0.14,0,0.336
2021/1/28 15:00,2.1,96,1,1.5,0.09,0,0.42
2021/1/28 16:00,1.3,98,1,1,0.06,0,0.836
2021/1/28 17:00,1.4,98,1,1.1,0.02,0,0
2021/1/28 18:00,1.9,98,0,1.6,0,0,0
2021/1/28 19:00,1.9,98,0,1.6,0,0,0
2021/1/28 20:00,2.3,97,0,1.9,0,0,0
2021/1/28 21:00,2.4,96,0,1.8,0,0,0
2021/1/28 22:00,2.8,95,0,2.1,0,0,0
2021/1/28 23:00,2.7,96,0,2.1,0,0,0
2021/1/29 0:00,2.8,96,0,2.2,0,0,0
2021/1/29 1:00,3.1,97,0,2.7,0,0,0
2021/1/29 2:00,2.1,98,0,1.8,0,0,0
2021/1/29 3:00,2.9,98,0,2.6,0,0,0
2021/1/29 4:00,3.7,96,0,3.1,0,0,0
2021/1/29 5:00,3.8,92,0,2.6,0,0,0
2021/1/29 6:00,3.9,84,0,1.5,0,0,0
2021/1/29 7:00,2.8,91,1,1.5,0.01,0,0.329
2021/1/29 8:00,4.3,84,1,1.8,0.31,0.5,5.194
2021/1/29 9:00,7,65,1,0.9,1.03,1,7.348
2021/1/29 10:00,8.6,39,1,-4.6,1.64,1,7.947
2021/1/29 11:00,9.2,33,1,-6.2,2.07,1,7.881
2021/1/29 12:00,9.8,22,1,-10.9,2.29,1,7.231
2021/1/29 13:00,9.9,23,1,-10.2,2.22,1,5.916
2021/1/29 14:00,8.7,27,1,-9.2,0.92,0.1,3.908
2021/1/29 15:00,9.5,21,1,-11.7,1.1,0.5,0.939
2021/1/29 16:00,8.3,24,1,-11.1,0.77,0.5,0.368
2021/1/29 17:00,6.6,30,1,-9.7,0.29,0.9,0
2021/1/29 18:00,5.6,34,0,-9,0,0,0
2021/1/29 19:00,4.4,39,0,-8.3,0,0,0
2021/1/29 20:00,4,37,0,-9.4,0,0,0
2021/1/29 21:00,3.5,38,0,-9.5,0,0,0
2021/1/29 22:00,3.2,37,0,-10.1,0,0,0
2021/1/29 23:00,1.6,44,0,-9.3,0,0,0
2021/1/30 0:00,1,44,0,-9.9,0,0,0
2021/1/30 1:00,2,41,0,-9.9,0,0,0
2021/1/30 2:00,1.2,43,0,-10,0,0,0
2021/1/30 3:00,1.9,45,0,-8.8,0,0,0
2021/1/30 4:00,1.6,50,0,-7.7,0,0,0
2021/1/30 5:00,1.6,49,0,-8,0,0,0
2021/1/30 6:00,1.5,50,0,-7.8,0,0,0
2021/1/30 7:00,1.8,45,1,-8.9,0.01,0,0.666
2021/1/30 8:00,2.3,42,1,-9.3,0.33,0.5,5.616
2021/1/30 9:00,4.1,35,1,-10,1.1,1,7.674
2021/1/30 10:00,6.5,25,1,-12.1,1.71,1,8.262
2021/1/30 11:00,7.2,23,1,-12.5,2.14,1,8.138
2021/1/30 12:00,8.1,24,1,-11.3,2.35,1,7.385
2021/1/30 13:00,8.3,22,1,-12.2,2.32,1,5.996
2021/1/30 14:00,8.7,22,1,-11.8,2.04,1,3.915
2021/1/30 15:00,7.9,23,1,-12,1.57,1,1.505
2021/1/30 16:00,7,26,1,-11.2,0.94,1,0.266
2021/1/30 17:00,6,28,1,-11.1,0.28,0.9,0
2021/1/30 18:00,5.5,30,0,-10.7,0,0,0
2021/1/30 19:00,3.8,35,0,-10.2,0,0,0
2021/1/30 20:00,3.6,34,0,-10.8,0,0,0
2021/1/30 21:00,2.7,38,0,-10.2,0,0,0
2021/1/30 22:00,1.9,46,0,-8.5,0,0,0
2021/1/30 23:00,2,43,0,-9.3,0,0,0
2021/1/31 0:00,1.7,44,0,-9.2,0,0,0
2021/1/31 1:00,1.9,48,0,-7.9,0,0,0
2021/1/31 2:00,1.9,51,0,-7.2,0,0,0
2021/1/31 3:00,2.4,50,0,-6.9,0,0,0
2021/1/31 4:00,0.8,59,0,-6.3,0,0,0
2021/1/31 5:00,0.7,55,0,-7.3,0,0,0
2021/1/31 6:00,0.1,57,0,-7.4,0,0,0
2021/1/31 7:00,0.6,54,1,-7.6,0.01,0,0.781
2021/1/31 8:00,3.2,47,1,-7,0.33,0.5,5.273
2021/1/31 9:00,5.5,40,1,-7,1.04,1,7.196
2021/1/31 10:00,8.6,41,1,-3.9,1.64,1,7.136
2021/1/31 11:00,10.8,37,1,-3.3,2.08,1,7.852
2021/1/31 12:00,10.5,35,1,-4.3,2.31,1,7.052
2021/1/31 13:00,10.6,33,1,-5,2.28,1,5.738
2021/1/31 14:00,11.1,33,1,-4.5,2.01,1,3.794
2021/1/31 15:00,9.8,33,1,-5.7,1.54,1,1.344
2021/1/31 16:00,9.2,31,1,-7,0.91,1,0.229
2021/1/31 17:00,7.9,33,1,-7.4,0.27,0.9,0
2021/1/31 18:00,7,33,0,-8.2,0,0,0
2021/1/31 19:00,5.7,37,0,-7.8,0,0,0
2021/1/31 20:00,5.6,36,0,-8.3,0,0,0
2021/1/31 21:00,4.9,38,0,-8.2,0,0,0
2021/1/31 22:00,3.3,42,0,-8.4,0,0,0
2021/1/31 23:00,3.2,45,0,-7.6,0,0,0
2021/2/1 0:00,4.3,43,0,-7.2,0,0,0
2021/2/1 1:00,4.4,44,0,-6.8,0,0,0
2021/2/1 2:00,4.2,48,0,-5.8,0,0,0
2021/2/1 3:00,3.9,49,0,-5.8,0,0,0
2021/2/1 4:00,3.2,51,0,-5.9,0,0,0
2021/2/1 5:00,3,53,0,-5.6,0,0,0
2021/2/1 6:00,2.8,52,0,-6.1,0,0,0
2021/2/1 7:00,2.2,51,1,-6.9,0,0,0.446
2021/2/1 8:00,2.3,56,1,-5.6,0.08,0,1.018
2021/2/1 9:00,2.9,54,1,-5.5,0.33,0,4.399
2021/2/1 10:00,4,53,1,-4.7,0.59,0,5.88
2021/2/1 11:00,6.2,47,1,-4.3,1.77,0.8,4.825
2021/2/1 12:00,8.3,46,1,-2.6,2.1,0.9,2.827
2021/2/1 13:00,8,52,1,-1.2,0.91,0.2,2.469
2021/2/1 14:00,8.4,53,1,-0.6,0.58,0,3.354
2021/2/1 15:00,9.7,55,1,1.1,1.27,0.8,1.401
2021/2/1 16:00,9.2,61,1,2.1,0.83,1,0.262
2021/2/1 17:00,9.1,72,1,4.3,0.24,0.8,0
2021/2/1 18:00,9.9,78,0,6.3,0,0,0
2021/2/1 19:00,11.1,60,0,3.6,0,0,0
2021/2/1 20:00,12.1,62,0,5.1,0,0,0
2021/2/1 21:00,8.9,68,0,3.3,0,0,0
2021/2/1 22:00,12.3,65,0,5.9,0,0,0
2021/2/1 23:00,13.4,65,0,7,0,0,0
2021/2/2 0:00,13.8,67,0,7.8,0,0,0
2021/2/2 1:00,14.3,69,0,8.7,0,0,0
2021/2/2 2:00,13.7,66,0,7.5,0,0,0
2021/2/2 3:00,7.7,70,0,2.6,0,0,0
2021/2/2 4:00,5.9,85,0,3.6,0,0,0
2021/2/2 5:00,4.9,93,0,3.9,0,0,0
2021/2/2 6:00,4.4,94,0,3.5,0,0,0.0001
2021/2/2 7:00,4.9,96,1,4.3,0,0,0.466
2021/2/2 8:00,5.9,96,1,5.3,0.09,0,0.387
2021/2/2 9:00,7.1,99,1,7,0.25,0,2.324
2021/2/2 10:00,8.7,98,1,8.4,0.37,0,1.795
2021/2/2 11:00,9.4,96,1,8.8,0.43,0,1.628
2021/2/2 12:00,11.8,77,1,7.9,1.17,0.1,3.894
2021/2/2 13:00,14.5,66,1,8.2,2.17,1,5.565
2021/2/2 14:00,14.9,67,1,8.8,1.93,1,3.602
2021/2/2 15:00,14.7,68,1,8.9,1.46,1,1.439
2021/2/2 16:00,12.8,45,1,1.2,0.68,0.6,0.255
2021/2/2 17:00,9.8,40,1,-3.1,0.2,0.5,0
2021/2/2 18:00,8.9,39,0,-4.3,0,0,0
2021/2/2 19:00,8,42,0,-4.1,0,0,0
2021/2/2 20:00,7.2,41,0,-5.2,0,0,0
2021/2/2 21:00,6.5,42,0,-5.5,0,0,0
2021/2/2 22:00,6.1,41,0,-6.1,0,0,0
2021/2/2 23:00,5.3,43,0,-6.3,0,0,0
2021/2/3 0:00,4.8,46,0,-5.8,0,0,0
2021/2/3 1:00,4.2,49,0,-5.5,0,0,0
2021/2/3 2:00,3.9,50,0,-5.6,0,0,0
2021/2/3 3:00,2.7,55,0,-5.4,0,0,0
2021/2/3 4:00,2.5,56,0,-5.4,0,0,0
2021/2/3 5:00,2.3,58,0,-5.1,0,0,0
2021/2/3 6:00,1.8,61,0,-4.9,0,0,0.0001
2021/2/3 7:00,1.6,62,1,-4.9,0.01,0,1.006
2021/2/3 8:00,4.5,53,1,-4.2,0.34,0.5,5.332
2021/2/3 9:00,6.3,45,1,-4.7,1.11,1,7.139
2021/2/3 10:00,8.4,43,1,-3.4,1.7,1,7.996
2021/2/3 11:00,9.6,36,1,-4.7,2.11,1,7.816
2021/2/3 12:00,10.5,35,1,-4.3,2.34,1,7.163
2021/2/3 13:00,11.1,30,1,-5.8,2.32,1,5.752
2021/2/3 14:00,11.2,32,1,-4.9,2.08,1,3.837
2021/2/3 15:00,10.2,27,1,-8,1.57,1,1.501
2021/2/3 16:00,9.4,28,1,-8.2,0.9,0.8,0.244
2021/2/3 17:00,8,32,1,-7.7,0.3,0.7,0
2021/2/3 18:00,7.7,31,0,-8.4,0,0,0
2021/2/3 19:00,7.2,32,0,-8.4,0,0,0
2021/2/3 20:00,6.2,34,0,-8.5,0,0,0
2021/2/3 21:00,5.5,39,0,-7.3,0,0,0
2021/2/3 22:00,4.8,43,0,-6.7,0,0,0
2021/2/3 23:00,4.6,40,0,-7.8,0,0,0
2021/2/4 0:00,4.7,42,0,-7.1,0,0,0
2021/2/4 1:00,4.5,43,0,-7,0,0,0
2021/2/4 2:00,3.6,44,0,-7.5,0,0,0
2021/2/4 3:00,3.3,44,0,-7.8,0,0,0
2021/2/4 4:00,2.2,49,0,-7.4,0,0,0
2021/2/4 5:00,1.6,54,0,-6.7,0,0,0
2021/2/4 6:00,1.5,55,0,-6.5,0,0,0.00015
2021/2/4 7:00,1.5,54,1,-6.8,0.01,0,0.973
2021/2/4 8:00,4.6,54,1,-3.9,0.34,0.5,5.462
2021/2/4 9:00,7.7,52,1,-1.5,1.08,1,7.31
2021/2/4 10:00,9.5,40,1,-3.4,1.67,1,8.352
2021/2/4 11:00,11.4,28,1,-6.4,2.14,1,8.177
2021/2/4 12:00,12.2,26,1,-6.7,2.37,1,7.394
2021/2/4 13:00,12,34,1,-3.4,2.33,1,5.826
2021/2/4 14:00,12.3,38,1,-1.6,2.06,1,3.02
2021/2/4 15:00,12,39,1,-1.5,1.57,1,1.514
2021/2/4 16:00,12.2,29,1,-5.3,0.97,1,0.27
2021/2/4 17:00,10.6,29,1,-6.7,0.33,1,0
2021/2/4 18:00,8.8,38,0,-4.7,0.01,0,0
2021/2/4 19:00,7.8,39,0,-5.3,0,0,0
2021/2/4 20:00,6.7,43,0,-5,0,0,0
2021/2/4 21:00,6.1,41,0,-6.1,0,0,0
2021/2/4 22:00,5.6,40,0,-6.9,0,0,0
2021/2/4 23:00,4.9,43,0,-6.6,0,0,0
2021/2/5 0:00,4.6,44,0,-6.6,0,0,0
2021/2/5 1:00,4.4,46,0,-6.2,0,0,0
2021/2/5 2:00,3.9,49,0,-5.8,0,0,0
2021/2/5 3:00,3.2,52,0,-5.7,0,0,0
2021/2/5 4:00,2.7,51,0,-6.4,0,0,0
2021/2/5 5:00,3,52,0,-5.9,0,0,0
2021/2/5 6:00,3.5,49,0,-6.2,0,0,0.032
2021/2/5 7:00,3.3,50,1,-6.1,0.01,0,1.423
2021/2/5 8:00,4.3,46,1,-6.3,0.36,0.5,5.951
2021/2/5 9:00,6.1,42,1,-5.8,1.14,1,7.501
2021/2/5 10:00,7.6,38,1,-5.8,1.73,1,7.836
2021/2/5 11:00,8.4,36,1,-5.8,2.17,1,7.33
2021/2/5 12:00,9.9,38,1,-3.7,2.34,1,6.117
2021/2/5 13:00,10.3,36,1,-4.1,2.33,1,5.626
2021/2/5 14:00,10.9,40,1,-2.2,2.03,1,3.719
2021/2/5 15:00,10.7,52,1,1.3,1.52,1,1.327
2021/2/5 16:00,9.9,55,1,1.3,0.75,0.8,0.392
2021/2/5 17:00,9.7,56,1,1.4,0.28,0.6,0
2021/2/5 18:00,9.1,62,0,2.2,0.01,0,0
2021/2/5 19:00,9.4,67,0,3.6,0,0,0
2021/2/5 20:00,8.6,65,0,2.4,0,0,0
2021/2/5 21:00,8.6,69,0,3.2,0,0,0
2021/2/5 22:00,8,73,0,3.5,0,0,0
2021/2/5 23:00,7.6,75,0,3.5,0,0,0
2021/2/6 0:00,7.2,75,0,3.1,0,0,0
2021/2/6 1:00,7.2,74,0,2.9,0,0,0
2021/2/6 2:00,5.9,76,0,2,0,0,0
2021/2/6 3:00,5.5,77,0,1.8,0,0,0
2021/2/6 4:00,4.7,66,0,-1.1,0,0,0
2021/2/6 5:00,4.7,60,0,-2.4,0,0,0
2021/2/6 6:00,5.1,56,0,-2.9,0,0,0.0002
2021/2/6 7:00,4.5,58,1,-3,0.01,0,0.678
2021/2/6 8:00,5.8,56,1,-2.3,0.34,0.5,5.141
2021/2/6 9:00,8.2,50,1,-1.6,1.08,1,6.972
2021/2/6 10:00,9.3,45,1,-2,1.68,1,7.573
2021/2/6 11:00,11.3,45,1,-0.2,2.11,1,4.009
2021/2/6 12:00,13.1,38,1,-0.9,2.34,1,6.892
2021/2/6 13:00,13.6,41,1,0.6,2.3,1,5.71
2021/2/6 14:00,13.9,40,1,0.5,2.03,1,3.771
2021/2/6 15:00,13.8,35,1,-1.4,1.58,1,1.52
2021/2/6 16:00,13.4,36,1,-1.4,0.98,1,0.265
2021/2/6 17:00,11.1,48,1,0.5,0.31,0.9,0
2021/2/6 18:00,9.7,54,0,0.9,0.01,0,0
2021/2/6 19:00,9,60,0,1.7,0,0,0
2021/2/6 20:00,9.2,61,0,2.1,0,0,0
2021/2/6 21:00,9.2,64,0,2.8,0,0,0
2021/2/6 22:00,9.1,65,0,2.9,0,0,0
2021/2/6 23:00,8.1,59,0,0.6,0,0,0
2021/2/7 0:00,7.4,56,0,-0.8,0,0,0
2021/2/7 1:00,6.7,62,0,0,0,0,0
2021/2/7 2:00,6.2,63,0,-0.3,0,0,0
2021/2/7 3:00,5.4,67,0,-0.2,0,0,0
2021/2/7 4:00,5.3,65,0,-0.7,0,0,0
2021/2/7 5:00,5.7,63,0,-0.8,0,0,0
2021/2/7 6:00,5.6,60,0,-1.5,0,0,0.0989
2021/2/7 7:00,5.1,64,1,-1.1,0.02,0,1.598
2021/2/7 8:00,7.9,54,1,-0.8,0.37,0.5,3.845
2021/2/7 9:00,11,42,1,-1.4,1.1,1,6.924
2021/2/7 10:00,12.2,37,1,-2,1.71,1,7.57
2021/2/7 11:00,13.6,34,1,-1.9,2.14,1,7.42
2021/2/7 12:00,14.7,36,1,-0.2,2.31,1,6.622
2021/2/7 13:00,14.2,37,1,-0.3,2.2,1,5.199
2021/2/7 14:00,15.7,39,1,1.8,1.9,1,3.514
2021/2/7 15:00,15.8,37,1,1.2,1.48,1,1.505
2021/2/7 16:00,14.7,43,1,2.3,0.9,1,0.289
2021/2/7 17:00,12.8,54,1,3.7,0.27,0.6,0
2021/2/7 18:00,12.4,43,0,0.2,0.01,0,0
2021/2/7 19:00,10.8,44,0,-1,0,0,0
2021/2/7 20:00,10.1,44,0,-1.6,0,0,0
2021/2/7 21:00,8.9,48,0,-1.5,0,0,0
2021/2/7 22:00,8.2,46,0,-2.7,0,0,0
2021/2/7 23:00,8.2,46,0,-2.7,0,0,0
2021/2/8 0:00,6.8,51,0,-2.6,0,0,0
2021/2/8 1:00,6.8,46,0,-4,0,0,0
2021/2/8 2:00,5.5,51,0,-3.8,0,0,0
2021/2/8 3:00,4.8,54,0,-3.7,0,0,0
2021/2/8 4:00,4.5,56,0,-3.5,0,0,0
2021/2/8 5:00,5.1,54,0,-3.4,0,0,0
2021/2/8 6:00,5,51,0,-4.3,0,0,0.00015
2021/2/8 7:00,5.6,48,1,-4.5,0,0,0.737
2021/2/8 8:00,5.5,44,1,-5.8,0.07,0,1.159
2021/2/8 9:00,5.6,44,1,-5.7,0.22,0,1.588
2021/2/8 10:00,5.6,42,1,-6.3,0.49,0,2.244
2021/2/8 11:00,6.4,39,1,-6.5,0.61,0,4.447
2021/2/8 12:00,8.1,32,1,-7.6,1.77,0.4,6.531
2021/2/8 13:00,8.5,32,1,-7.2,2.26,0.9,4.22
2021/2/8 14:00,10.1,32,1,-5.8,2.15,0.9,2.308
2021/2/8 15:00,9.4,33,1,-6,1.27,0.4,0.663
2021/2/8 16:00,8.3,31,1,-7.8,0.49,0,0.316
2021/2/8 17:00,7.1,31,1,-8.9,0.17,0.1,0
2021/2/8 18:00,6.4,33,0,-8.7,0.01,0,0
2021/2/8 19:00,6.1,30,0,-10.2,0,0,0
2021/2/8 20:00,6,32,0,-9.4,0,0,0
2021/2/8 21:00,4.7,33,0,-10.2,0,0,0
2021/2/8 22:00,4.2,39,0,-8.5,0,0,0
2021/2/8 23:00,3.3,44,0,-7.8,0,0,0
2021/2/9 0:00,3.1,44,0,-8,0,0,0
2021/2/9 1:00,2.8,43,0,-8.5,0,0,0
2021/2/9 2:00,2.4,44,0,-8.6,0,0,0
2021/2/9 3:00,1.8,43,0,-9.4,0,0,0
2021/2/9 4:00,1.7,42,0,-9.8,0,0,0
2021/2/9 5:00,1.8,40,0,-10.3,0,0,0
2021/2/9 6:00,1.3,40,0,-10.8,0,0,0.167
2021/2/9 7:00,1.5,38,1,-11.3,0.02,0,2.385
2021/2/9 8:00,2.7,34,1,-11.6,0.43,0.6,6.44
2021/2/9 9:00,4.3,29,1,-12.2,1.24,1,7.866
2021/2/9 10:00,5.7,26,1,-12.3,1.87,1,8.531
2021/2/9 11:00,7.7,26,1,-10.6,2.31,1,8.412
2021/2/9 12:00,8.2,18,1,-14.7,2.52,1,7.195
2021/2/9 13:00,9.2,20,1,-12.6,2.49,1,5.727
2021/2/9 14:00,9.5,19,1,-13,2.22,1,4.111
2021/2/9 15:00,8.4,20,1,-13.3,1.74,1,1.65
2021/2/9 16:00,7.8,20,1,-13.8,1.1,1,0.277
2021/2/9 17:00,6.5,25,1,-12.1,0.4,1,0
2021/2/9 18:00,6.2,26,0,-11.9,0.01,0.1,0
2021/2/9 19:00,5.2,28,0,-11.8,0,0,0
2021/2/9 20:00,4.9,32,0,-10.4,0,0,0
2021/2/9 21:00,4,36,0,-9.7,0,0,0
2021/2/9 22:00,3.6,39,0,-9.1,0,0,0
2021/2/9 23:00,3.3,40,0,-9,0,0,0
2021/2/10 0:00,2.8,43,0,-8.5,0,0,0
2021/2/10 1:00,3.4,40,0,-8.9,0,0,0
2021/2/10 2:00,2.5,41,0,-9.4,0,0,0
2021/2/10 3:00,2.7,40,0,-9.5,0,0,0
2021/2/10 4:00,2.9,40,0,-9.4,0,0,0
2021/2/10 5:00,3.1,40,0,-9.2,0,0,0
2021/2/10 6:00,3.2,40,0,-9.1,0,0,0.151
2021/2/10 7:00,2,47,1,-8.1,0.02,0,1.963
2021/2/10 8:00,2.6,45,1,-8.1,0.33,0.6,5.937
2021/2/10 9:00,6.4,40,1,-6.2,1.21,1,7.217
2021/2/10 10:00,8.6,32,1,-7.2,1.76,1,6.678
2021/2/10 11:00,10.1,28,1,-7.6,2.01,1,7.406
2021/2/10 12:00,11.6,32,1,-4.5,2.28,1,6.867
2021/2/10 13:00,11.2,30,1,-5.7,2.34,1,5.413
2021/2/10 14:00,11.6,34,1,-3.7,2.11,1,3.686
2021/2/10 15:00,11,40,1,-2.1,1.5,1,1.693
2021/2/10 16:00,10.2,49,1,0,0.69,0.4,0.441
2021/2/10 17:00,9.7,54,1,0.9,0.18,0,0
2021/2/10 18:00,8.4,57,0,0.4,0.01,0,0
2021/2/10 19:00,8.5,59,0,1,0,0,0
2021/2/10 20:00,7.1,68,0,1.6,0,0,0
2021/2/10 21:00,6.5,72,0,1.8,0,0,0
2021/2/10 22:00,5.9,76,0,2,0,0,0
2021/2/10 23:00,5.6,74,0,1.3,0,0,0
2021/2/11 0:00,4.9,77,0,1.2,0,0,0
2021/2/11 1:00,5.2,72,0,0.6,0,0,0
2021/2/11 2:00,3.6,68,0,-1.7,0,0,0
2021/2/11 3:00,5.5,54,0,-3.1,0,0,0
2021/2/11 4:00,4.5,52,0,-4.5,0,0,0
2021/2/11 5:00,5.2,57,0,-2.6,0,0,0
2021/2/11 6:00,7.1,46,0,-3.7,0,0,0.146
2021/2/11 7:00,6.2,49,1,-3.7,0.02,0,2.51
2021/2/11 8:00,7.1,51,1,-2.3,0.43,0.6,5.881
2021/2/11 9:00,8.8,45,1,-2.5,1.17,1,6.902
2021/2/11 10:00,10.1,38,1,-3.6,1.75,1,7.947
2021/2/11 11:00,12.4,34,1,-3,2.19,1,7.755
2021/2/11 12:00,12.5,33,1,-3.3,2.42,1,7.01
2021/2/11 13:00,13.2,30,1,-4,2.39,1,5.724
2021/2/11 14:00,13.1,29,1,-4.5,2.16,1,3.864
2021/2/11 15:00,12.6,30,1,-4.5,1.69,1,1.695
2021/2/11 16:00,11.9,31,1,-4.7,1.07,1,0.353
2021/2/11 17:00,11.1,30,1,-5.8,0.38,0.8,0
2021/2/11 18:00,9.7,36,0,-4.6,0.01,0,0
2021/2/11 19:00,9,40,0,-3.9,0,0,0
2021/2/11 20:00,8.8,42,0,-3.4,0,0,0
2021/2/11 21:00,8.2,44,0,-3.3,0,0,0
2021/2/11 22:00,7.4,48,0,-2.9,0,0,0
2021/2/11 23:00,7.4,47,0,-3.2,0,0,0
2021/2/12 0:00,7.1,49,0,-2.9,0,0,0
2021/2/12 1:00,6.6,49,0,-3.3,0,0,0
2021/2/12 2:00,5.7,53,0,-3.1,0,0,0
2021/2/12 3:00,5.1,56,0,-2.9,0,0,0
2021/2/12 4:00,4.6,57,0,-3.2,0,0,0
2021/2/12 5:00,4.4,58,0,-3.1,0,0,0
2021/2/12 6:00,4.3,57,0,-3.4,0,0,0.00015
2021/2/12 7:00,3.9,57,1,-3.8,0.02,0,0.774
2021/2/12 8:00,4.9,56,1,-3.1,0.28,0,1.996
2021/2/12 9:00,6.6,50,1,-3.1,0.69,0,2.112
2021/2/12 10:00,7.5,47,1,-3.1,0.92,0,4.398
2021/2/12 11:00,8.3,45,1,-2.9,1.59,0.6,3.736
2021/2/12 12:00,9.5,48,1,-1,1.26,0,3.225
2021/2/12 13:00,10.4,50,1,0.4,1.11,0,3.496
2021/2/12 14:00,11.3,48,1,0.7,1.33,0.4,2.302
2021/2/12 15:00,11.2,49,1,0.9,0.9,0.1,1.457
2021/2/12 16:00,11.1,51,1,1.4,0.69,0.4,0.438
2021/2/12 17:00,9.9,58,1,2,0.24,0,0.144
2021/2/12 18:00,10.5,56,0,2.1,0.01,0,0
2021/2/12 19:00,9.5,63,0,2.8,0,0,0
2021/2/12 20:00,9.1,66,0,3.1,0,0,0
2021/2/12 21:00,9,64,0,2.6,0,0,0
2021/2/12 22:00,8.6,64,0,2.2,0,0,0
2021/2/12 23:00,8.2,66,0,2.2,0,0,0
2021/2/13 0:00,7.7,68,0,2.2,0,0,0
2021/2/13 1:00,6.9,71,0,2,0,0,0
2021/2/13 2:00,7.1,72,0,2.4,0,0,0
2021/2/13 3:00,7.8,69,0,2.5,0,0,0
2021/2/13 4:00,6.7,74,0,2.4,0,0,0
2021/2/13 5:00,6,77,0,2.3,0,0,0
2021/2/13 6:00,6.1,69,0,0.9,0,0,0.299
2021/2/13 7:00,5.3,71,1,0.5,0.03,0,2.272
2021/2/13 8:00,6.7,66,1,0.8,0.43,0.6,5.371
2021/2/13 9:00,8.4,60,1,1.1,1.14,1,6.165
2021/2/13 10:00,9.2,54,1,0.4,1.73,1,7.43
2021/2/13 11:00,11.7,50,1,1.6,2.16,1,7.4
2021/2/13 12:00,13.9,52,1,4.2,2.33,1,6.779
2021/2/13 13:00,14.6,51,1,4.6,2.31,1,5.627
2021/2/13 14:00,15.4,51,1,5.3,2.06,1,3.216
2021/2/13 15:00,15.3,53,1,5.8,1.64,1,1.754
2021/2/13 16:00,14.5,56,1,5.9,1.03,1,0.483
2021/2/13 17:00,13.6,62,1,6.5,0.35,0.8,0.164
2021/2/13 18:00,12.8,65,0,6.4,0.02,0,0
2021/2/13 19:00,12.1,67,0,6.2,0,0,0
2021/2/13 20:00,11.8,70,0,6.5,0,0,0
2021/2/13 21:00,11.4,73,0,6.7,0,0,0
2021/2/13 22:00,11.7,74,0,7.2,0,0,0
2021/2/13 23:00,10.6,81,0,7.5,0,0,0
2021/2/14 0:00,9.7,85,0,7.3,0,0,0
2021/2/14 1:00,9.5,83,0,6.8,0,0,0
2021/2/14 2:00,7.9,77,0,4.1,0,0,0
2021/2/14 3:00,7,80,0,3.8,0,0,0
2021/2/14 4:00,7.9,72,0,3.2,0,0,0
2021/2/14 5:00,8,71,0,3.1,0,0,0
2021/2/14 6:00,7.2,66,0,1.3,0,0,0.126
2021/2/14 7:00,7.6,65,1,1.5,0.02,0,0.166
2021/2/14 8:00,8.5,67,1,2.7,0.25,0,1.627
2021/2/14 9:00,9.9,57,1,1.8,0.82,0.3,2.878
2021/2/14 10:00,11.3,56,1,2.9,1.31,0.7,4.418
2021/2/14 11:00,13.4,50,1,3.2,1.55,0.6,4.783
2021/2/14 12:00,15.6,51,1,5.5,2.11,0.8,6.433
2021/2/14 13:00,16.3,51,1,6.2,2.34,1,5.193
2021/2/14 14:00,17.3,51,1,7.1,2.06,1,3.807
2021/2/14 15:00,17.3,50,1,6.8,1.44,0.9,1.641
2021/2/14 16:00,16,57,1,7.5,1.02,1,0.262
2021/2/14 17:00,14.9,60,1,7.2,0.2,0.1,0.136
2021/2/14 18:00,14.9,60,0,7.2,0.01,0,0
2021/2/14 19:00,14.6,64,0,7.9,0,0,0
2021/2/14 20:00,14.5,65,0,8,0,0,0
2021/2/14 21:00,14.2,66,0,8,0,0,0
2021/2/14 22:00,14.1,69,0,8.5,0,0,0
2021/2/14 23:00,13.5,73,0,8.8,0,0,0
2021/2/15 0:00,13.3,74,0,8.8,0,0,0
2021/2/15 1:00,13.2,73,0,8.5,0,0,0
2021/2/15 2:00,13.3,74,0,8.8,0,0,0
2021/2/15 3:00,12.9,80,0,9.5,0,0,0
2021/2/15 4:00,12.6,85,0,10.2,0,0,0
2021/2/15 5:00,12.7,91,0,11.3,0,0,0
2021/2/15 6:00,11.6,99,0,11.5,0,0,0.00015
2021/2/15 7:00,11.2,99,1,11.1,0.01,0,0.385
2021/2/15 8:00,11.1,96,1,10.5,0.07,0,0.303
2021/2/15 9:00,11.1,99,1,11,0.1,0,0.181
2021/2/15 10:00,11.1,100,1,11.1,0.08,0,0.239
2021/2/15 11:00,11,100,1,11,0.08,0,0.216
2021/2/15 12:00,13.4,100,1,13.4,0.09,0,0.225
2021/2/15 13:00,12.4,99,1,12.3,0.08,0,0.765
2021/2/15 14:00,11.3,100,1,11.3,0.03,0,1.415
2021/2/15 15:00,11.7,99,1,11.6,0.34,0,0.628
2021/2/15 16:00,12.2,97,1,11.7,0.19,0,0.306
2021/2/15 17:00,11.4,86,1,9.2,0.21,0.4,0.16
2021/2/15 18:00,10.1,89,0,8.4,0.02,0.2,0
2021/2/15 19:00,9,95,0,8.2,0,0,0
2021/2/15 20:00,8.8,97,0,8.4,0,0,0
2021/2/15 21:00,9,96,0,8.4,0,0,0
2021/2/15 22:00,8.8,95,0,8.1,0,0,0
2021/2/15 23:00,12.3,70,0,7,0,0,0
2021/2/16 0:00,11.7,63,0,4.9,0,0,0
2021/2/16 1:00,11.8,54,0,2.8,0,0,0
2021/2/16 2:00,10.6,53,0,1.4,0,0,0
2021/2/16 3:00,9.6,64,0,3.1,0,0,0
2021/2/16 4:00,9.6,50,0,-0.3,0,0,0
2021/2/16 5:00,8.4,54,0,-0.3,0,0,0
2021/2/16 6:00,6.5,61,0,-0.5,0,0,0.216
2021/2/16 7:00,6.6,57,1,-1.3,0.02,0,2.391
2021/2/16 8:00,9.5,44,1,-2.1,0.52,0.8,5.694
2021/2/16 9:00,11,36,1,-3.5,1.29,1,7.501
2021/2/16 10:00,12,38,1,-1.9,1.88,1,7.041
2021/2/16 11:00,12.8,36,1,-1.9,2.3,1,7.206
2021/2/16 12:00,14.5,34,1,-1.2,2.52,1,7.189
2021/2/16 13:00,15.8,20,1,-7.1,2.55,1,6.037
2021/2/16 14:00,15.9,20,1,-7,2.33,1,4.105
2021/2/16 15:00,15.3,23,1,-5.7,1.84,1,1.8
2021/2/16 16:00,13.2,19,1,-9.9,1.2,1,0.362
2021/2/16 17:00,12,20,1,-10.2,0.48,1,0.172
2021/2/16 18:00,10.1,28,0,-7.6,0.03,0.2,0
2021/2/16 19:00,9.6,28,0,-8,0,0,0
2021/2/16 20:00,9.9,25,0,-9.2,0,0,0
2021/2/16 21:00,8.5,30,0,-8.1,0,0,0
2021/2/16 22:00,8.1,36,0,-6.1,0,0,0
2021/2/16 23:00,7.2,41,0,-5.2,0,0,0
2021/2/17 0:00,6.8,42,0,-5.2,0,0,0
2021/2/17 1:00,6.8,42,0,-5.2,0,0,0
2021/2/17 2:00,6.3,43,0,-5.3,0,0,0
2021/2/17 3:00,7.3,39,0,-5.7,0,0,0
2021/2/17 4:00,6.9,46,0,-3.9,0,0,0
2021/2/17 5:00,6.6,48,0,-3.6,0,0,0
2021/2/17 6:00,6.3,51,0,-3.1,0,0,0.175
2021/2/17 7:00,7.1,48,1,-3.2,0.03,0,3.137
2021/2/17 8:00,8.5,43,1,-3.3,0.53,0.8,6.517
2021/2/17 9:00,10.4,38,1,-3.3,1.31,1,7.967
2021/2/17 10:00,12.1,29,1,-5.4,1.93,1,7.944
2021/2/17 11:00,12.7,35,1,-2.4,2.35,1,2.076
2021/2/17 12:00,11.5,35,1,-3.4,2.21,0.9,0.335
2021/2/17 13:00,11.6,34,1,-3.7,2.1,0.7,0.208
2021/2/17 14:00,11,30,1,-5.9,1.16,0.3,1.06
2021/2/17 15:00,10.4,31,1,-6,0.56,0,0.53
2021/2/17 16:00,10,35,1,-4.7,0.42,0.2,0.248
2021/2/17 17:00,8.6,20,1,-13.1,0.6,1,0.195
2021/2/17 18:00,5.3,42,0,-6.6,0.04,0.1,0
2021/2/17 19:00,4.1,50,0,-5.4,0,0,0
2021/2/17 20:00,4.3,33,0,-10.5,0,0,0
2021/2/17 21:00,4.3,23,0,-15,0,0,0
2021/2/17 22:00,4,24,0,-14.7,0,0,0
2021/2/17 23:00,3.3,29,0,-13,0,0,0
2021/2/18 0:00,2.8,37,0,-10.4,0,0,0
2021/2/18 1:00,1.6,45,0,-9,0,0,0
2021/2/18 2:00,1.9,42,0,-9.6,0,0,0
2021/2/18 3:00,1.1,48,0,-8.7,0,0,0
2021/2/18 4:00,-0.3,54,0,-8.5,0,0,0
2021/2/18 5:00,1.4,40,0,-10.7,0,0,0
2021/2/18 6:00,0.8,41,0,-11,0,0,0.202
2021/2/18 7:00,1,39,1,-11.4,0.03,0,3.699
2021/2/18 8:00,3.1,31,1,-12.4,0.6,0.8,6.763
2021/2/18 9:00,5.1,27,1,-12.4,1.38,1,7.305
2021/2/18 10:00,5.8,20,1,-15.4,2.01,1,8.582
2021/2/18 11:00,7.2,21,1,-13.7,2.46,1,8.309
2021/2/18 12:00,7.7,18,1,-15.1,2.68,1,7.739
2021/2/18 13:00,7.5,19,1,-14.6,2.65,1,6.26
2021/2/18 14:00,9,23,1,-11,2.49,0.9,3.509
2021/2/18 15:00,7.2,22,1,-13.1,0.74,0.1,1.09
2021/2/18 16:00,7.1,29,1,-9.7,0.55,0,0.472
2021/2/18 17:00,6.1,39,1,-6.8,0.32,0.2,0.179
2021/2/18 18:00,5.8,39,0,-7.1,0.02,0,0
2021/2/18 19:00,5.7,40,0,-6.8,0,0,0
2021/2/18 20:00,5.1,30,0,-11,0,0,0
2021/2/18 21:00,3.8,39,0,-8.9,0,0,0
2021/2/18 22:00,3,44,0,-8.1,0,0,0
2021/2/18 23:00,3.4,40,0,-8.9,0,0,0
2021/2/19 0:00,2.8,44,0,-8.2,0,0,0
2021/2/19 1:00,2.7,40,0,-9.5,0,0,0
2021/2/19 2:00,2.8,39,0,-9.8,0,0,0
2021/2/19 3:00,2.2,40,0,-10,0,0,0
2021/2/19 4:00,1.9,42,0,-9.6,0,0,0
2021/2/19 5:00,2,42,0,-9.5,0,0,0
2021/2/19 6:00,1.5,42,0,-10,0,0,0.191
2021/2/19 7:00,2,43,1,-9.3,0.03,0,3.533
2021/2/19 8:00,5.1,33,1,-9.8,0.6,0.8,6.443
2021/2/19 9:00,7.5,28,1,-9.8,1.36,1,7.955
2021/2/19 10:00,8.7,23,1,-11.3,1.99,1,7.857
2021/2/19 11:00,8.8,20,1,-12.9,2.45,1,8.231
2021/2/19 12:00,10.9,24,1,-8.9,2.66,1,7.593
2021/2/19 13:00,10.9,19,1,-11.8,2.65,1,6.23
2021/2/19 14:00,12,29,1,-5.5,2.34,1,4.292
2021/2/19 15:00,11.8,37,1,-2.4,1.85,1,1.867
2021/2/19 16:00,10.8,37,1,-3.3,1.2,1,0.335
2021/2/19 17:00,9.6,51,1,0,0.49,1,0.0281
2021/2/19 18:00,8.8,57,0,0.8,0.03,0.2,0
2021/2/19 19:00,8.7,60,0,1.4,0,0,0
2021/2/19 20:00,8.8,60,0,1.5,0,0,0
2021/2/19 21:00,7.3,68,0,1.8,0,0,0
2021/2/19 22:00,7.6,48,0,-2.7,0,0,0
2021/2/19 23:00,7.4,51,0,-2.1,0,0,0
2021/2/20 0:00,5.7,62,0,-1,0,0,0
2021/2/20 1:00,4.7,67,0,-0.9,0,0,0
2021/2/20 2:00,4.1,59,0,-3.2,0,0,0
2021/2/20 3:00,3.2,60,0,-3.8,0,0,0
2021/2/20 4:00,2.5,67,0,-3,0,0,0
2021/2/20 5:00,2.7,65,0,-3.2,0,0,0
2021/2/20 6:00,1.6,71,0,-3.1,0,0,0.191
2021/2/20 7:00,2.6,67,1,-2.9,0.03,0,3.398
2021/2/20 8:00,4.6,58,1,-2.9,0.62,0.8,6.34
2021/2/20 9:00,6.9,51,1,-2.5,1.38,1,7.604
2021/2/20 10:00,9.2,42,1,-3,1.98,1,8.241
2021/2/20 11:00,12.1,38,1,-1.8,2.43,1,8.183
2021/2/20 12:00,15.1,31,1,-1.9,2.63,1,7.043
2021/2/20 13:00,16.8,28,1,-1.8,2.59,1,6.091
2021/2/20 14:00,17.4,28,1,-1.3,2.31,1,4.142
2021/2/20 15:00,17,31,1,-0.2,1.81,1,1.842
2021/2/20 16:00,16.3,32,1,-0.4,1.16,1,0.38
2021/2/20 17:00,15.2,36,1,0.3,0.45,1,0.165
2021/2/20 18:00,14.6,39,0,0.8,0.03,0.1,0
2021/2/20 19:00,13.9,41,0,0.9,0,0,0
2021/2/20 20:00,12.8,44,0,0.9,0,0,0
2021/2/20 21:00,13,44,0,1.1,0,0,0
2021/2/20 22:00,12.4,46,0,1.1,0,0,0
2021/2/20 23:00,12.9,43,0,0.6,0,0,0
2021/2/21 0:00,12.1,48,0,1.4,0,0,0
2021/2/21 1:00,11.4,54,0,2.4,0,0,0
2021/2/21 2:00,10.5,57,0,2.4,0,0,0
2021/2/21 3:00,8.4,66,0,2.4,0,0,0
2021/2/21 4:00,8.4,66,0,2.4,0,0,0
2021/2/21 5:00,7.4,73,0,2.9,0,0,0
2021/2/21 6:00,8.2,68,0,2.7,0,0,0.243
2021/2/21 7:00,8.3,70,1,3.2,0.05,0,2.78
2021/2/21 8:00,12.2,62,1,5.2,0.57,0.9,5.59
2021/2/21 9:00,14.4,48,1,3.5,1.27,1,7.077
2021/2/21 10:00,16.4,44,1,4.1,1.88,1,7.669
2021/2/21 11:00,17.9,40,1,4.1,2.3,1,7.677
2021/2/21 12:00,18.2,37,1,3.3,2.51,1,5.726
2021/2/21 13:00,19.7,36,1,4.2,2.47,1,5.687
2021/2/21 14:00,20.6,39,1,6.2,2.17,1,3.853
2021/2/21 15:00,19.6,39,1,5.3,1.74,1,1.735
2021/2/21 16:00,18.8,43,1,6,1.11,1,0.378
2021/2/21 17:00,17.2,56,1,8.4,0.42,1,0.152
2021/2/21 18:00,16.1,61,0,8.6,0.03,0,0
2021/2/21 19:00,14.8,68,0,9,0,0,0
2021/2/21 20:00,14.5,67,0,8.5,0,0,0
2021/2/21 21:00,13,65,0,6.6,0,0,0
2021/2/21 22:00,13.5,59,0,5.7,0,0,0
2021/2/21 23:00,12.6,61,0,5.3,0,0,0
2021/2/22 0:00,11.3,71,0,6.3,0,0,0
2021/2/22 1:00,10.2,80,0,6.9,0,0,0
2021/2/22 2:00,9.9,81,0,6.8,0,0,0
2021/2/22 3:00,9,81,0,5.9,0,0,0
2021/2/22 4:00,8.7,78,0,5.1,0,0,0
2021/2/22 5:00,8.5,78,0,4.9,0,0,0
2021/2/22 6:00,8.5,75,0,4.3,0,0,0.285
2021/2/22 7:00,8.7,73,1,4.1,0.06,0.1,0.436
2021/2/22 8:00,12.3,63,1,5.5,0.56,0.9,5.616
2021/2/22 9:00,14.6,59,1,6.7,1.24,1,6.815
2021/2/22 10:00,16.6,54,1,7.3,1.83,1,7.373
2021/2/22 11:00,17.9,49,1,7.1,2.26,1,7.533
2021/2/22 12:00,18.6,51,1,8.3,2.47,1,7.041
2021/2/22 13:00,19.8,45,1,7.5,2.43,1,5.32
2021/2/22 14:00,20.9,36,1,5.3,2.21,1,3.916
2021/2/22 15:00,21.2,33,1,4.3,1.78,1,1.799
2021/2/22 16:00,20.5,29,1,1.9,1.16,1,0.368
2021/2/22 17:00,19.1,29,1,0.7,0.48,1,0.181
2021/2/22 18:00,18.1,30,0,0.3,0.04,0.2,0
2021/2/22 19:00,17.6,32,0,0.7,0,0,0
2021/2/22 20:00,17.2,38,0,2.8,0,0,0
2021/2/22 21:00,16.3,37,0,1.6,0,0,0
2021/2/22 22:00,15.9,39,0,2,0,0,0
2021/2/22 23:00,14.1,44,0,2,0,0,0
2021/2/23 0:00,13.4,50,0,3.2,0,0,0
2021/2/23 1:00,10.9,63,0,4.2,0,0,0
2021/2/23 2:00,13.6,46,0,2.2,0,0,0
2021/2/23 3:00,13.5,50,0,3.3,0,0,0
2021/2/23 4:00,13.2,50,0,3,0,0,0
2021/2/23 5:00,12.7,54,0,3.6,0,0,0
2021/2/23 6:00,12.2,51,0,2.4,0,0,0.261
2021/2/23 7:00,11.6,46,1,0.4,0.04,0,2.511
2021/2/23 8:00,12.5,42,1,0,0.55,0.8,5.974
2021/2/23 9:00,12.9,39,1,-0.7,1.35,1,6.551
2021/2/23 10:00,13.8,34,1,-1.8,1.96,1,8.146
2021/2/23 11:00,14.1,32,1,-2.3,2.38,1,7.94
2021/2/23 12:00,14.5,30,1,-2.8,2.6,1,7.231
2021/2/23 13:00,14.8,27,1,-4,2.6,1,6.074
2021/2/23 14:00,13.4,28,1,-4.7,2.33,1,4.136
2021/2/23 15:00,13,29,1,-4.6,1.88,1,1.581
2021/2/23 16:00,11.4,30,1,-5.5,1.25,1,0
2021/2/23 17:00,10,30,1,-6.8,0.47,0.9,0
2021/2/23 18:00,8.5,33,0,-6.8,0.03,0,0
2021/2/23 19:00,7.5,36,0,-6.6,0,0,0
2021/2/23 20:00,6.8,37,0,-6.9,0,0,0
2021/2/23 21:00,6.3,39,0,-6.6,0,0,0
2021/2/23 22:00,5.9,36,0,-8,0,0,0
2021/2/23 23:00,5.8,38,0,-7.4,0,0,0
2021/2/24 0:00,5.5,37,0,-8,0,0,0
2021/2/24 1:00,5.2,40,0,-7.3,0,0,0
2021/2/24 2:00,4.8,39,0,-8,0,0,0
2021/2/24 3:00,4.5,40,0,-7.9,0,0,0
2021/2/24 4:00,4.1,42,0,-7.7,0,0,0
2021/2/24 5:00,3.8,44,0,-7.3,0,0,0
2021/2/24 6:00,3.4,45,0,-7.4,0,0,0.178
2021/2/24 7:00,3.5,42,1,-8.2,0.04,0,3.378
2021/2/24 8:00,5.2,40,1,-7.3,0.66,0.9,6.081
2021/2/24 9:00,5.9,34,1,-8.8,1.34,1,8.243
2021/2/24 10:00,7.4,31,1,-8.6,2.07,1,8.781
2021/2/24 11:00,9.2,30,1,-7.5,2.52,1,8.453
2021/2/24 12:00,10.3,27,1,-7.9,2.71,1,7.619
2021/2/24 13:00,10.9,26,1,-7.8,2.7,1,6.188
2021/2/24 14:00,11.1,24,1,-8.7,2.44,1,4.357
2021/2/24 15:00,10.8,24,1,-9,1.94,1,1.925
2021/2/24 16:00,9.1,25,1,-9.9,1.3,1,0.404
2021/2/24 17:00,7.7,27,1,-10.1,0.5,1,0.186
2021/2/24 18:00,7,30,0,-9.4,0.04,0.2,0
2021/2/24 19:00,6.7,28,0,-10.5,0,0,0
2021/2/24 20:00,5.9,30,0,-10.3,0,0,0
2021/2/24 21:00,5.3,35,0,-8.9,0,0,0
2021/2/24 22:00,4.8,37,0,-8.7,0,0,0
2021/2/24 23:00,4.2,39,0,-8.5,0,0,0
2021/2/25 0:00,3.8,41,0,-8.2,0,0,0
2021/2/25 1:00,3.3,43,0,-8.1,0,0,0
2021/2/25 2:00,3.1,43,0,-8.3,0,0,0
2021/2/25 3:00,2.7,44,0,-8.3,0,0,0
2021/2/25 4:00,2.5,44,0,-8.5,0,0,0
2021/2/25 5:00,2.2,47,0,-7.9,0,0,0
2021/2/25 6:00,2.2,46,0,-8.2,0,0,0.278
2021/2/25 7:00,2,49,1,-7.6,0.09,0.2,3.392
2021/2/25 8:00,3,46,1,-7.5,0.73,1,6.691
2021/2/25 9:00,4.4,37,1,-9,1.46,1,7.629
2021/2/25 10:00,6.5,34,1,-8.2,2.12,1,8.513
2021/2/25 11:00,7.8,33,1,-7.5,1.44,0.1,6.479
2021/2/25 12:00,8.4,27,1,-9.5,2.48,0.8,7.146
2021/2/25 13:00,9,29,1,-8.1,2.64,1,5.948
2021/2/25 14:00,9.7,21,1,-11.6,2.4,1,3.855
2021/2/25 15:00,11.1,28,1,-6.7,1.86,1,2.135
2021/2/25 16:00,10.2,33,1,-5.3,1.23,1,0.387
2021/2/25 17:00,9.7,40,1,-3.2,0.41,0.4,0.587
2021/2/25 18:00,9.2,49,0,-0.9,0.02,0,0
2021/2/25 19:00,9.2,57,0,1.1,0,0,0
2021/2/25 20:00,9.3,61,0,2.2,0,0,0
2021/2/25 21:00,9.3,64,0,2.9,0,0,0
2021/2/25 22:00,7.9,72,0,3.2,0,0,0
2021/2/25 23:00,8.1,73,0,3.6,0,0,0
2021/2/26 0:00,8.3,65,0,2.1,0,0,0
2021/2/26 1:00,7.6,64,0,1.2,0,0,0
2021/2/26 2:00,7.1,66,0,1.2,0,0,0
2021/2/26 3:00,6.4,63,0,-0.1,0,0,0
2021/2/26 4:00,6.5,63,0,0,0,0,0
2021/2/26 5:00,6.2,57,0,-1.7,0,0,0
2021/2/26 6:00,6.9,47,0,-3.6,0,0,0.198
2021/2/26 7:00,7.6,43,1,-4.2,0.07,0,0.778
2021/2/26 8:00,7.9,47,1,-2.7,0.3,0,2.164
2021/2/26 9:00,9.1,39,1,-4.1,0.69,0,1.976
2021/2/26 10:00,9.6,41,1,-3,0.79,0,2.019
2021/2/26 11:00,10.2,39,1,-3.1,0.76,0,1.485
2021/2/26 12:00,10.5,39,1,-2.9,0.7,0,0.322
2021/2/26 13:00,11.2,43,1,-0.9,0.53,0,0.892
2021/2/26 14:00,10.9,42,1,-1.5,0.48,0,0.947
2021/2/26 15:00,11.7,41,1,-1.1,0.45,0,0.672
2021/2/26 16:00,11.5,39,1,-2,0.32,0,0.244
2021/2/26 17:00,10.6,39,1,-2.8,0.11,0,0.457
2021/2/26 18:00,10.1,33,0,-5.4,0.01,0,0
2021/2/26 19:00,9.3,32,0,-6.5,0,0,0
2021/2/26 20:00,8.6,30,0,-8,0,0,0
2021/2/26 21:00,8.1,27,0,-9.8,0,0,0
2021/2/26 22:00,7.7,26,0,-10.6,0,0,0
2021/2/26 23:00,7.1,28,0,-10.2,0,0,0
2021/2/27 0:00,6.6,34,0,-8.1,0,0,0
2021/2/27 1:00,6.4,35,0,-7.9,0,0,0
2021/2/27 2:00,5.9,40,0,-6.7,0,0,0
2021/2/27 3:00,5.6,42,0,-6.3,0,0,0
2021/2/27 4:00,5.1,43,0,-6.4,0,0,0
2021/2/27 5:00,4.9,41,0,-7.2,0,0,0
2021/2/27 6:00,4.7,39,0,-8.1,0,0,0.658
2021/2/27 7:00,4.5,38,1,-8.6,0.11,0.2,3.073
2021/2/27 8:00,4.2,40,1,-8.2,0.67,0.8,4.342
2021/2/27 9:00,5.5,37,1,-8,1.07,0.7,6.528
2021/2/27 10:00,5.9,35,1,-8.4,1.83,1,8.147
2021/2/27 11:00,7.1,32,1,-8.5,2.38,1,8.081
2021/2/27 12:00,7.6,29,1,-9.3,2.58,1,7.444
2021/2/27 13:00,8,27,1,-9.8,2.5,1,6.063
2021/2/27 14:00,9.2,27,1,-8.8,2.39,1,4.462
2021/2/27 15:00,7.9,22,1,-12.5,1.98,1,2.338
2021/2/27 16:00,8,24,1,-11.3,1.32,1,0.426
2021/2/27 17:00,6.9,27,1,-10.8,0.58,1,0.185
2021/2/27 18:00,5.8,30,0,-10.4,0.06,0.2,0
2021/2/27 19:00,5.1,36,0,-8.7,0,0,0
2021/2/27 20:00,4.7,49,0,-5.1,0,0,0
2021/2/27 21:00,3.8,54,0,-4.6,0,0,0
2021/2/27 22:00,3.8,53,0,-4.9,0,0,0
2021/2/27 23:00,3.2,53,0,-5.4,0,0,0
2021/2/28 0:00,2.5,48,0,-7.4,0,0,0
2021/2/28 1:00,2.6,55,0,-5.5,0,0,0
2021/2/28 2:00,2.2,49,0,-7.4,0,0,0
2021/2/28 3:00,1.6,50,0,-7.7,0,0,0
2021/2/28 4:00,1,52,0,-7.7,0,0,0
2021/2/28 5:00,1,51,0,-8,0,0,0
2021/2/28 6:00,0.8,52,0,-7.9,0,0,0.29
2021/2/28 7:00,0.9,53,1,-7.6,0.13,0.4,3.352
2021/2/28 8:00,2.7,47,1,-7.5,0.77,1,6.698
2021/2/28 9:00,4.3,41,1,-7.8,1.5,1,8.032
2021/2/28 10:00,7.2,41,1,-5.2,2.13,1,8.384
2021/2/28 11:00,8.4,41,1,-4.1,2.58,1,8.26
2021/2/28 12:00,10.5,38,1,-3.2,2.8,1,7.118
2021/2/28 13:00,9.4,39,1,-3.8,2.75,1,6.124
2021/2/28 14:00,11.6,43,1,-0.5,2.47,1,4.21
2021/2/28 15:00,12,43,1,-0.2,1.97,1,1.961
2021/2/28 16:00,12.2,47,1,1.2,1.3,1,0.371
2021/2/28 17:00,10.6,54,1,1.7,0.52,0.9,0.177
2021/2/28 18:00,9.8,60,0,2.4,0.04,0.1,0
2021/2/28 19:00,9.8,65,0,3.6,0,0,0
2021/2/28 20:00,9.6,70,0,4.4,0,0,0
2021/2/28 21:00,8.4,76,0,4.4,0,0,0
2021/2/28 22:00,7.8,79,0,4.4,0,0,0
2021/2/28 23:00,7.8,81,0,4.8,0,0,0
2021/3/1 0:00,6.8,80,0,3.6,0,0,0
2021/3/1 1:00,7,72,0,2.3,0,0,0
2021/3/1 2:00,5.4,64,0,-0.8,0,0,0
2021/3/1 3:00,4.8,65,0,-1.2,0,0,0
2021/3/1 4:00,5.5,65,0,-0.5,0,0,0
2021/3/1 5:00,5.7,59,0,-1.7,0,0,0
2021/3/1 6:00,6.4,55,0,-2,0,0,0.219
2021/3/1 7:00,6.5,54,1,-2.1,0.06,0,0.803
2021/3/1 8:00,6.4,57,1,-1.5,0.35,0.1,2.571
2021/3/1 9:00,9.3,47,1,-1.4,1.22,0.9,6.44
2021/3/1 10:00,10.8,44,1,-1,1.98,1,7.313
2021/3/1 11:00,13.4,44,1,1.4,2.4,1,7.297
2021/3/1 12:00,15.9,50,1,5.5,2.58,1,6.919
2021/3/1 13:00,16.7,54,1,7.4,2.49,1,5.496
2021/3/1 14:00,18.1,52,1,8.1,2.13,0.9,3.865
2021/3/1 15:00,17,58,1,8.7,1.42,0.6,2.059
2021/3/1 16:00,16.7,61,1,9.2,0.97,0.6,0.599
2021/3/1 17:00,15.7,64,1,8.9,0.41,0.2,0.185
2021/3/1 18:00,15.2,71,0,10,0.05,0,0
2021/3/1 19:00,15,73,0,10.2,0,0,0
2021/3/1 20:00,14.5,74,0,9.9,0,0,0
2021/3/1 21:00,14.4,77,0,10.4,0,0,0
2021/3/1 22:00,14.6,81,0,11.4,0,0,0
2021/3/1 23:00,14.1,92,0,12.8,0,0,0
2021/3/2 0:00,13.1,98,0,12.8,0,0,0
2021/3/2 1:00,12.8,97,0,12.3,0,0,0
2021/3/2 2:00,12.9,96,0,12.3,0,0,0
2021/3/2 3:00,13.7,95,0,12.9,0,0,0
2021/3/2 4:00,13.6,96,0,13,0,0,0
2021/3/2 5:00,14,95,0,13.2,0,0,0
2021/3/2 6:00,13.9,96,0,13.3,0,0,0.000151
2021/3/2 7:00,14.4,95,1,13.6,0.03,0,0.362
2021/3/2 8:00,15.3,95,1,14.5,0.22,0,0.775
2021/3/2 9:00,15.4,98,1,15.1,0.27,0,2.877
2021/3/2 10:00,17.1,88,1,15.1,0.68,0.1,2.443
2021/3/2 11:00,18.3,81,1,15,1,0.1,2.7
2021/3/2 12:00,18.4,80,1,14.9,0.67,0,4.3
2021/3/2 13:00,19.3,75,1,14.8,0.68,0,3.31
2021/3/2 14:00,18.3,85,1,15.8,0.31,0,0.655
2021/3/2 15:00,18.8,85,1,16.2,0.26,0,0.61
2021/3/2 16:00,18.4,87,1,16.2,0.23,0,0
2021/3/2 17:00,10.3,94,1,9.4,0.02,0,0
2021/3/2 18:00,9,90,0,7.5,0,0,0
2021/3/2 19:00,8.1,74,0,3.8,0,0,0
2021/3/2 20:00,8.6,63,0,2,0,0,0
2021/3/2 21:00,8.8,57,0,0.8,0,0,0
2021/3/2 22:00,8.6,53,0,-0.4,0,0,0
2021/3/2 23:00,8.4,48,0,-2,0,0,0
2021/3/3 0:00,7.9,47,0,-2.7,0,0,0
2021/3/3 1:00,7.3,48,0,-3,0,0,0
2021/3/3 2:00,7,46,0,-3.8,0,0,0
2021/3/3 3:00,6.2,45,0,-4.8,0,0,0
2021/3/3 4:00,5.3,45,0,-5.7,0,0,0
2021/3/3 5:00,4.8,45,0,-6.1,0,0,0
2021/3/3 6:00,4.1,47,0,-6.2,0,0,0.191
2021/3/3 7:00,4.2,46,1,-6.4,0.15,0.4,1.803
2021/3/3 8:00,5.8,42,1,-6.1,0.88,1,7.472
2021/3/3 9:00,7,40,1,-5.7,1.63,1,8.631
2021/3/3 10:00,8.1,36,1,-6.1,2.26,1,9.204
2021/3/3 11:00,8.3,31,1,-7.8,2.7,1,8.895
2021/3/3 12:00,9.5,33,1,-6,2.92,1,7.891
2021/3/3 13:00,10.4,31,1,-6,2.88,1,6.964
2021/3/3 14:00,10.9,30,1,-6,2.6,1,0
2021/3/3 15:00,10.5,30,1,-6.3,2.09,1,0
2021/3/3 16:00,10.6,37,1,-3.5,1.39,1,0
2021/3/3 17:00,9.4,36,1,-4.9,0.64,1,0.0234
2021/3/3 18:00,8.7,40,0,-4.1,0.07,0.4,0
2021/3/3 19:00,7.6,45,0,-3.6,0,0,0
2021/3/3 20:00,7.1,48,0,-3.2,0,0,0
2021/3/3 21:00,6.9,55,0,-1.5,0,0,0
2021/3/3 22:00,6.5,60,0,-0.7,0,0,0
2021/3/3 23:00,6.2,61,0,-0.7,0,0,0
2021/3/4 0:00,5.8,63,0,-0.7,0,0,0
2021/3/4 1:00,5.6,62,0,-1.1,0,0,0
2021/3/4 2:00,4.8,66,0,-1,0,0,0
2021/3/4 3:00,4.5,64,0,-1.7,0,0,0
2021/3/4 4:00,4.2,61,0,-2.6,0,0,0
2021/3/4 5:00,3.1,66,0,-2.6,0,0,0
2021/3/4 6:00,2.6,69,0,-2.5,0,0,0.401
2021/3/4 7:00,3.8,63,1,-2.6,0.11,0.2,2.883
2021/3/4 8:00,5.2,57,1,-2.6,0.65,0.7,6.549
2021/3/4 9:00,7.7,57,1,-0.3,1.41,0.8,7.419
2021/3/4 10:00,8.7,50,1,-1.1,2.15,1,8.225
2021/3/4 11:00,11.1,46,1,-0.1,2.57,1,7.859
2021/3/4 12:00,11.8,47,1,0.9,2.72,1,6.947
2021/3/4 13:00,12.6,46,1,1.3,2.45,1,5.597
2021/3/4 14:00,13.2,49,1,2.7,2.33,1,3.797
2021/3/4 15:00,13.9,49,1,3.4,1.9,1,1.972
2021/3/4 16:00,12.5,57,1,4.2,1.06,0.7,0.799
2021/3/4 17:00,12.1,60,1,4.6,0.38,0,0.219
2021/3/4 18:00,11.7,66,0,5.6,0.04,0,0
2021/3/4 19:00,11.6,63,0,4.8,0,0,0
2021/3/4 20:00,11.6,64,0,5,0,0,0
2021/3/4 21:00,10.9,69,0,5.5,0,0,0
2021/3/4 22:00,11.2,69,0,5.7,0,0,0
2021/3/4 23:00,11.1,71,0,6.1,0,0,0
2021/3/5 0:00,9.6,78,0,6,0,0,0
2021/3/5 1:00,9.8,77,0,6,0,0,0
2021/3/5 2:00,9.6,79,0,6.2,0,0,0
2021/3/5 3:00,9.7,78,0,6.1,0,0,0
2021/3/5 4:00,9.4,81,0,6.3,0,0,0
2021/3/5 5:00,9,81,0,5.9,0,0,0
2021/3/5 6:00,8.9,81,0,5.8,0,0,0.317
2021/3/5 7:00,9.1,80,1,5.8,0.13,0.1,2.129
2021/3/5 8:00,10.9,73,1,6.3,0.63,0.8,3.808
2021/3/5 9:00,12.2,67,1,6.3,1.3,0.8,3.795
2021/3/5 10:00,12.4,62,1,5.3,1.18,0.1,4.15
2021/3/5 11:00,13.9,61,1,6.5,1.51,0.4,5.629
2021/3/5 12:00,15.4,54,1,6.2,2.06,0.6,5.772
2021/3/5 13:00,16.6,55,1,7.5,2.36,0.7,1.79
2021/3/5 14:00,15.6,56,1,6.9,1.15,0.1,0.82
2021/3/5 15:00,15.1,61,1,7.7,0.33,0,0.344
2021/3/5 16:00,14.8,64,1,8.1,0.18,0,0.488
2021/3/5 17:00,14.1,70,1,8.7,0.06,0,0.879
2021/3/5 18:00,11.9,93,0,10.8,0,0,0
2021/3/5 19:00,11.1,96,0,10.5,0,0,0
2021/3/5 20:00,11.1,98,0,10.8,0,0,0
2021/3/5 21:00,10.9,99,0,10.8,0,0,0
2021/3/5 22:00,11.2,98,0,10.9,0,0,0
2021/3/5 23:00,10.9,99,0,10.8,0,0,0
2021/3/6 0:00,10.6,99,0,10.5,0,0,0
2021/3/6 1:00,10.7,99,0,10.6,0,0,0
2021/3/6 2:00,10.6,99,0,10.5,0,0,0
2021/3/6 3:00,10.3,99,0,10.2,0,0,0
2021/3/6 4:00,9.6,98,0,9.3,0,0,0
2021/3/6 5:00,10,95,0,9.2,0,0,0
2021/3/6 6:00,9.8,93,0,8.7,0,0,0.099
2021/3/6 7:00,10.4,93,1,9.3,0.04,0,0.55
2021/3/6 8:00,11.5,83,1,8.7,0.36,0,1.304
2021/3/6 9:00,12.4,77,1,8.5,0.66,0,2.36
2021/3/6 10:00,14.1,72,1,9.1,1.07,0,2.341
2021/3/6 11:00,15.2,62,1,8,1.41,0.3,3.949
2021/3/6 12:00,18.8,49,1,7.9,2.36,0.6,4.166
2021/3/6 13:00,19.1,50,1,8.5,2.21,1,4.476
2021/3/6 14:00,20.5,48,1,9.1,2.31,1,4.068
2021/3/6 15:00,20.1,45,1,7.8,1.76,1,2.095
2021/3/6 16:00,19.6,49,1,8.6,1.16,1,0.769
2021/3/6 17:00,18.1,43,1,5.4,0.37,0,0.194
2021/3/6 18:00,16.7,62,0,9.4,0.05,0,0
2021/3/6 19:00,14.4,64,0,7.7,0,0,0
2021/3/6 20:00,13,71,0,7.9,0,0,0
2021/3/6 21:00,12.2,70,0,6.9,0,0,0
2021/3/6 22:00,11.6,62,0,4.6,0,0,0
2021/3/6 23:00,11.1,63,0,4.3,0,0,0
2021/3/7 0:00,10.4,43,0,-1.6,0,0,0
2021/3/7 1:00,9.8,42,0,-2.5,0,0,0
2021/3/7 2:00,9.1,65,0,2.9,0,0,0
2021/3/7 3:00,8.3,63,0,1.7,0,0,0
2021/3/7 4:00,7.2,62,0,0.4,0,0,0
2021/3/7 5:00,6.6,61,0,-0.4,0,0,0
2021/3/7 6:00,6.2,51,0,-3.2,0,0,0.311
2021/3/7 7:00,6.2,53,1,-2.7,0.07,0,0.954
2021/3/7 8:00,6.5,52,1,-2.6,0.32,0,3.322
2021/3/7 9:00,6.5,52,1,-2.6,0.81,0,3.237
2021/3/7 10:00,8,52,1,-1.2,1.12,0,3.616
2021/3/7 11:00,9,51,1,-0.6,1.39,0.1,5.18
2021/3/7 12:00,8.7,48,1,-1.7,1.73,0.1,4.473
2021/3/7 13:00,9.3,50,1,-0.6,1.54,0,3.029
2021/3/7 14:00,8.7,52,1,-0.6,1.23,0,2.401
2021/3/7 15:00,8.6,53,1,-0.4,0.76,0,1.334
2021/3/7 16:00,8.5,53,1,-0.5,0.43,0,0.341
2021/3/7 17:00,7.9,56,1,-0.3,0.2,0,0.544
2021/3/7 18:00,8,58,0,0.3,0.02,0,0
2021/3/7 19:00,7.5,61,0,0.5,0,0,0
2021/3/7 20:00,7.3,64,0,1,0,0,0
2021/3/7 21:00,7.3,62,0,0.5,0,0,0
2021/3/7 22:00,7.5,62,0,0.7,0,0,0
2021/3/7 23:00,7.7,60,0,0.4,0,0,0
2021/3/8 0:00,7.5,63,0,0.9,0,0,0
2021/3/8 1:00,7,73,0,2.5,0,0,0
2021/3/8 2:00,5.8,87,0,3.8,0,0,0
2021/3/8 3:00,5.5,93,0,4.5,0,0,0
2021/3/8 4:00,5.5,93,0,4.5,0,0,0
2021/3/8 5:00,5.6,97,0,5.2,0,0,0
2021/3/8 6:00,5.5,95,0,4.8,0,0,0.0001
2021/3/8 7:00,5.3,93,1,4.3,0.01,0,0.216
2021/3/8 8:00,5.3,93,1,4.3,0.09,0,0.546
2021/3/8 9:00,5.9,90,1,4.4,0.25,0,0.903
2021/3/8 10:00,6.3,91,1,5,0.35,0,0.81
2021/3/8 11:00,6.7,89,1,5,0.41,0,1.494
2021/3/8 12:00,7.2,87,1,5.2,0.59,0,1.556
2021/3/8 13:00,6.9,91,1,5.5,0.53,0,0.979
2021/3/8 14:00,7.3,91,1,5.9,0.39,0,0.632
2021/3/8 15:00,7.2,93,1,6.2,0.22,0,0.38
2021/3/8 16:00,7.3,89,1,5.6,0.16,0,0.196
2021/3/8 17:00,7.3,84,1,4.8,0.12,0,0.848
2021/3/8 18:00,7.4,83,0,4.7,0.02,0,0
2021/3/8 19:00,7.4,82,0,4.5,0,0,0
2021/3/8 20:00,7.5,80,0,4.3,0,0,0
2021/3/8 21:00,7.5,78,0,3.9,0,0,0
2021/3/8 22:00,7.2,78,0,3.6,0,0,0
2021/3/8 23:00,7,79,0,3.6,0,0,0
2021/3/9 0:00,7,74,0,2.7,0,0,0
2021/3/9 1:00,6.8,75,0,2.7,0,0,0
2021/3/9 2:00,6.8,72,0,2.1,0,0,0
2021/3/9 3:00,6.3,73,0,1.8,0,0,0
2021/3/9 4:00,6.1,74,0,1.8,0,0,0
2021/3/9 5:00,5.9,73,0,1.4,0,0,0
2021/3/9 6:00,5.9,73,0,1.4,0,0,0.262
2021/3/9 7:00,5.9,74,1,1.6,0.11,0,1.659
2021/3/9 8:00,6.2,69,1,1,0.39,0,3.324
2021/3/9 9:00,7.7,66,1,1.8,1.11,0.2,3.808
2021/3/9 10:00,8.4,65,1,2.2,1.47,0.4,5.23
2021/3/9 11:00,10.4,57,1,2.3,2.53,1,6.334
2021/3/9 12:00,11.4,56,1,3,2.29,1,4.323
2021/3/9 13:00,12.3,57,1,4,1.84,0.4,4.168
2021/3/9 14:00,13.1,55,1,4.3,1.32,0.1,2.907
2021/3/9 15:00,13.2,58,1,5.1,1.39,0.4,1.872
2021/3/9 16:00,13.2,62,1,6.1,0.71,0.2,0.343
2021/3/9 17:00,12.6,68,1,6.9,0.26,0,0.253
2021/3/9 18:00,11.9,72,0,7,0.04,0,0
2021/3/9 19:00,12,71,0,6.9,0,0,0
2021/3/9 20:00,11.7,74,0,7.2,0,0,0
2021/3/9 21:00,11.4,78,0,7.7,0,0,0
2021/3/9 22:00,10.9,81,0,7.8,0,0,0
2021/3/9 23:00,10,86,0,7.8,0,0,0
2021/3/10 0:00,9.2,91,0,7.8,0,0,0
2021/3/10 1:00,9.5,90,0,7.9,0,0,0
2021/3/10 2:00,9,91,0,7.6,0,0,0
2021/3/10 3:00,9.1,87,0,7.1,0,0,0
2021/3/10 4:00,8.9,88,0,7,0,0,0
2021/3/10 5:00,8.7,79,0,5.3,0,0,0
2021/3/10 6:00,8.3,81,0,5.2,0,0,0.513
2021/3/10 7:00,9.2,76,1,5.2,0.14,0,3.595
2021/3/10 8:00,12.1,51,1,2.3,0.87,0.9,6.68
2021/3/10 9:00,14.2,38,1,0.1,1.64,1,8.182
2021/3/10 10:00,15.8,33,1,-0.4,2.28,1,8.673
2021/3/10 11:00,17.5,31,1,0.2,2.73,1,7.753
2021/3/10 12:00,18.1,27,1,-1.2,2.97,1,7.494
2021/3/10 13:00,19.3,31,1,1.8,2.93,1,6.303
2021/3/10 14:00,18.2,26,1,-1.6,2.62,1,4.415
2021/3/10 15:00,17,23,1,-4.3,2.11,1,2.147
2021/3/10 16:00,14.8,22,1,-6.7,1.46,1,0.522
2021/3/10 17:00,13.5,20,1,-9,0.71,1,0.214
2021/3/10 18:00,12.3,22,0,-8.8,0.11,0.4,0
2021/3/10 19:00,11.1,22,0,-9.8,0,0,0
2021/3/10 20:00,10,25,0,-9.1,0,0,0
2021/3/10 21:00,9.2,27,0,-8.8,0,0,0
2021/3/10 22:00,8.2,31,0,-7.9,0,0,0
2021/3/10 23:00,7.8,33,0,-7.5,0,0,0
2021/3/11 0:00,7.1,36,0,-6.9,0,0,0
2021/3/11 1:00,6.8,39,0,-6.2,0,0,0
2021/3/11 2:00,5,42,0,-6.8,0,0,0
2021/3/11 3:00,4.7,46,0,-5.9,0,0,0
2021/3/11 4:00,5.3,45,0,-5.7,0,0,0
2021/3/11 5:00,5.2,45,0,-5.7,0,0,0
2021/3/11 6:00,4.8,41,1,-7.3,0,0,0.608
2021/3/11 7:00,5.9,41,1,-6.3,0.22,0.4,4.429
2021/3/11 8:00,8,41,1,-4.4,0.9,1,6.6
2021/3/11 9:00,8.8,36,1,-5.4,1.63,1,7.924
2021/3/11 10:00,10.2,41,1,-2.5,2.25,1,8.418
2021/3/11 11:00,12.4,42,1,-0.1,2.69,1,8.273
2021/3/11 12:00,13.3,40,1,0,2.91,1,7.567
2021/3/11 13:00,13.7,37,1,-0.7,2.88,1,6.021
2021/3/11 14:00,14.1,34,1,-1.5,2.57,1,4.423
2021/3/11 15:00,14.6,36,1,-0.3,2.07,1,2.156
2021/3/11 16:00,14.6,47,1,3.4,1.39,1,0.512
2021/3/11 17:00,13.4,51,1,3.5,0.67,1,0.215
2021/3/11 18:00,12.4,63,0,5.6,0.1,0.3,0
2021/3/11 19:00,12.3,69,0,6.8,0,0,0
2021/3/11 20:00,11.8,72,0,6.9,0,0,0
2021/3/11 21:00,11.8,73,0,7.1,0,0,0
2021/3/11 22:00,10.2,81,0,7.1,0,0,0
2021/3/11 23:00,9.5,86,0,7.3,0,0,0
2021/3/12 0:00,9.3,91,0,7.9,0,0,0
2021/3/12 1:00,9.7,82,0,6.8,0,0,0
2021/3/12 2:00,8.7,77,0,4.9,0,0,0
2021/3/12 3:00,8.3,76,0,4.3,0,0,0
2021/3/12 4:00,9,70,0,3.8,0,0,0
2021/3/12 5:00,8.6,59,0,1.1,0,0,0
2021/3/12 6:00,8.1,52,1,-1.2,0,0,0.7
2021/3/12 7:00,8.7,48,1,-1.7,0.21,0.1,1.242
2021/3/12 8:00,10.8,48,1,0.3,0.76,0.7,1.654
2021/3/12 9:00,11.5,45,1,0,1.09,0.5,2.502
2021/3/12 10:00,13.6,45,1,1.9,1.47,0.4,3.768
2021/3/12 11:00,15.3,51,1,5.2,1.63,0.3,5.031
2021/3/12 12:00,16.4,50,1,6,2.02,0.8,3.278
2021/3/12 13:00,16.5,51,1,6.4,1.37,0,2.132
2021/3/12 14:00,16.8,47,1,5.4,1.09,0,2.375
2021/3/12 15:00,17,53,1,7.4,1.07,0,1.869
2021/3/12 16:00,16.4,56,1,7.6,0.75,0,0.381
2021/3/12 17:00,15.2,62,1,8,0.15,0,0.509
2021/3/12 18:00,14.5,68,0,8.7,0.02,0,0
2021/3/12 19:00,14.1,73,0,9.3,0,0,0
2021/3/12 20:00,14.1,77,0,10.1,0,0,0
2021/3/12 21:00,14.2,77,0,10.2,0,0,0
2021/3/12 22:00,13.8,78,0,10.1,0,0,0
2021/3/12 23:00,12.8,81,0,9.6,0,0,0
2021/3/13 0:00,11.8,85,0,9.4,0,0,0
2021/3/13 1:00,11.6,88,0,9.7,0,0,0
2021/3/13 2:00,11.6,87,0,9.5,0,0,0
2021/3/13 3:00,12,80,0,8.7,0,0,0
2021/3/13 4:00,10.4,96,0,9.8,0,0,0
2021/3/13 5:00,10.2,97,0,9.8,0,0,0
2021/3/13 6:00,10.7,98,1,10.4,0,0,0.000148
2021/3/13 7:00,11.2,98,1,10.9,0.01,0,0.000151
2021/3/13 8:00,11,99,1,10.9,0.02,0,0.336
2021/3/13 9:00,10.4,99,1,10.3,0.12,0,0.639
2021/3/13 10:00,11.1,99,1,11,0.36,0,0.964
2021/3/13 11:00,11.9,99,1,11.8,0.39,0,0.875
2021/3/13 12:00,13.2,100,1,13.2,0.29,0,1.136
2021/3/13 13:00,13.8,96,1,13.2,0.35,0,0.342
2021/3/13 14:00,13.2,98,1,12.9,0.14,0,0.697
2021/3/13 15:00,11.7,96,1,11.1,0.03,0,0.506
2021/3/13 16:00,11.6,97,1,11.1,0.05,0,0.897
2021/3/13 17:00,10.6,98,1,10.3,0.04,0,0.167
2021/3/13 18:00,10.7,98,0,10.4,0.01,0,0
2021/3/13 19:00,10.7,96,0,10.1,0,0,0
2021/3/13 20:00,10.7,94,0,9.8,0,0,0
2021/3/13 21:00,10.5,89,0,8.8,0,0,0
2021/3/13 22:00,10.3,88,0,8.4,0,0,0
2021/3/13 23:00,9.6,91,0,8.2,0,0,0
2021/3/14 0:00,8.4,98,0,8.1,0,0,0
2021/3/14 1:00,8.5,97,0,8.1,0,0,0
2021/3/14 2:00,8.5,98,0,8.2,0,0,0
2021/3/14 3:00,9.3,89,0,7.6,0,0,0
2021/3/14 4:00,11.2,59,0,3.5,0,0,0
2021/3/14 5:00,11.4,56,0,3,0,0,0
2021/3/14 6:00,11.1,55,1,2.4,0,0,0.261
2021/3/14 7:00,11.7,50,1,1.6,0.21,0.3,4.586
2021/3/14 8:00,13.4,45,1,1.7,1.04,1,6.189
2021/3/14 9:00,14.8,37,1,0.3,1.77,1,8.588
2021/3/14 10:00,15.7,37,1,1.1,2.37,1,8.911
2021/3/14 11:00,16.7,35,1,1.2,2.8,1,8.578
2021/3/14 12:00,16.8,35,1,1.3,3.01,1,7.721
2021/3/14 13:00,17.2,30,1,-0.5,2.95,1,6.436
2021/3/14 14:00,17.1,26,1,-2.5,2.67,1,4.491
2021/3/14 15:00,16.5,29,1,-1.6,2.18,1,1.677
2021/3/14 16:00,15.4,30,1,-2.1,1.53,1,0.466
2021/3/14 17:00,13.7,31,1,-3.1,0.75,1,0.191
2021/3/14 18:00,12.5,31,0,-4.1,0.13,0.5,0
2021/3/14 19:00,11.4,33,0,-4.3,0,0,0
2021/3/14 20:00,10.7,33,0,-4.9,0,0,0
2021/3/14 21:00,9.9,37,0,-4.1,0,0,0
2021/3/14 22:00,9.1,41,0,-3.4,0,0,0
2021/3/14 23:00,9.4,38,0,-4.2,0,0,0
2021/3/15 0:00,8.9,44,0,-2.7,0,0,0
2021/3/15 1:00,9.2,43,0,-2.7,0,0,0
2021/3/15 2:00,9,42,0,-3.2,0,0,0
2021/3/15 3:00,8.4,42,0,-3.7,0,0,0
2021/3/15 4:00,8.8,41,0,-3.7,0,0,0
2021/3/15 5:00,8.5,43,0,-3.3,0,0,0
2021/3/15 6:00,8.9,43,1,-3,0,0,0.42
2021/3/15 7:00,9.6,41,1,-3,0.28,0.8,4.277
2021/3/15 8:00,11.3,43,1,-0.8,1,1,7.045
2021/3/15 9:00,13.1,41,1,0.2,1.74,1,8.276
2021/3/15 10:00,14.7,39,1,0.9,2.34,1,8.626
2021/3/15 11:00,15.9,37,1,1.2,2.78,1,8.188
2021/3/15 12:00,16.6,34,1,0.7,2.99,1,7.565
2021/3/15 13:00,17.7,31,1,0.4,2.95,1,6.304
2021/3/15 14:00,18.6,29,1,0.2,2.68,1,4.444
2021/3/15 15:00,18.7,26,1,-1.2,2.18,1,2.113
2021/3/15 16:00,18,23,1,-3.4,1.52,1,0.48
2021/3/15 17:00,16.6,26,1,-3,0.76,1,0.228
2021/3/15 18:00,15.4,21,0,-6.8,0.13,0.5,0
2021/3/15 19:00,14.3,23,0,-6.5,0,0,0
2021/3/15 20:00,12.7,28,0,-5.3,0,0,0
2021/3/15 21:00,11.4,31,0,-5.1,0,0,0
2021/3/15 22:00,11.9,30,0,-5.1,0,0,0
2021/3/15 23:00,10.5,34,0,-4.7,0,0,0
2021/3/16 0:00,9.7,36,0,-4.6,0,0,0
2021/3/16 1:00,9.3,37,0,-4.6,0,0,0
2021/3/16 2:00,10,33,0,-5.5,0,0,0
2021/3/16 3:00,8.9,41,0,-3.6,0,0,0
2021/3/16 4:00,9,41,0,-3.5,0,0,0
2021/3/16 5:00,8.9,45,0,-2.4,0,0,0
2021/3/16 6:00,7.8,52,1,-1.4,0,0,0.216
2021/3/16 7:00,8.5,51,1,-1,0.15,0,3.975
2021/3/16 8:00,11.4,45,1,-0.1,0.92,0.7,2.926
2021/3/16 9:00,11.3,42,1,-1.1,0.86,0.1,1.462
2021/3/16 10:00,12.8,40,1,-0.4,0.9,0.1,7.249
2021/3/16 11:00,15.2,38,1,1,2.66,1,7.957
2021/3/16 12:00,20,35,1,4.1,2.9,1,6.935
2021/3/16 13:00,20.6,35,1,4.6,2.72,1,5.808
2021/3/16 14:00,21.1,34,1,4.7,2.37,1,4.121
2021/3/16 15:00,21.3,36,1,5.7,1.97,0.9,2.473
2021/3/16 16:00,20.7,41,1,7,1.18,0.7,0.641
2021/3/16 17:00,19.5,50,1,8.8,0.67,1,0.234
2021/3/16 18:00,18.4,55,0,9.2,0.11,0.2,0
2021/3/16 19:00,18.1,58,0,9.7,0,0,0
2021/3/16 20:00,16.9,61,0,9.3,0,0,0
2021/3/16 21:00,16.4,65,0,9.8,0,0,0
2021/3/16 22:00,15,71,0,9.8,0,0,0
2021/3/16 23:00,14.2,53,0,4.8,0,0,0
2021/3/17 0:00,13.6,55,0,4.8,0,0,0
2021/3/17 1:00,13.4,57,0,5.1,0,0,0
2021/3/17 2:00,12.5,57,0,4.2,0,0,0
2021/3/17 3:00,12.2,53,0,2.9,0,0,0
2021/3/17 4:00,11.5,52,0,2,0,0,0
2021/3/17 5:00,10.6,52,0,1.2,0,0,0
2021/3/17 6:00,10.5,49,1,0.3,0,0,0.302
2021/3/17 7:00,11.1,48,1,0.5,0.3,0.7,4.447
2021/3/17 8:00,12.8,42,1,0.2,1.01,1,6.883
2021/3/17 9:00,14.4,36,1,-0.5,1.73,1,7.977
2021/3/17 10:00,15.8,31,1,-1.3,2.33,1,8.251
2021/3/17 11:00,17.2,29,1,-1,2.76,1,7.986
2021/3/17 12:00,18.2,28,1,-0.6,2.97,1,7.313
2021/3/17 13:00,18.7,24,1,-2.3,2.89,1,5.467
2021/3/17 14:00,19.2,27,1,-0.2,2.43,1,3.299
2021/3/17 15:00,18.5,28,1,-0.3,1.7,1,1.86
2021/3/17 16:00,17.4,31,1,0.1,1,0.4,0.864
2021/3/17 17:00,16,30,1,-1.5,0.51,0.4,0.3
2021/3/17 18:00,14.4,28,0,-3.9,0.13,0.1,0
2021/3/17 19:00,12.7,33,0,-3.1,0,0,0
2021/3/17 20:00,11.6,33,0,-4.1,0,0,0
2021/3/17 21:00,10.9,33,0,-4.7,0,0,0
2021/3/17 22:00,10.3,34,0,-4.9,0,0,0
2021/3/17 23:00,9.6,36,0,-4.7,0,0,0
2021/3/18 0:00,9,39,0,-4.2,0,0,0
2021/3/18 1:00,8.6,40,0,-4.2,0,0,0
2021/3/18 2:00,8.3,40,0,-4.5,0,0,0
2021/3/18 3:00,7.3,44,0,-4.1,0,0,0
2021/3/18 4:00,7.4,42,0,-4.7,0,0,0
2021/3/18 5:00,7.9,42,0,-4.2,0,0,0
2021/3/18 6:00,7.4,44,1,-4,0.01,0,0.665
2021/3/18 7:00,8.3,43,1,-3.5,0.32,0.7,4.471
2021/3/18 8:00,9.6,37,1,-4.4,1.03,1,6.678
2021/3/18 9:00,10.6,37,1,-3.5,1.76,1,7.091
2021/3/18 10:00,13.1,36,1,-1.6,2.35,1,8.17
2021/3/18 11:00,13.2,31,1,-3.5,2.78,1,8.005
2021/3/18 12:00,15.9,31,1,-1.2,2.95,1,7.458
2021/3/18 13:00,16.3,35,1,0.8,2.91,1,6.135
2021/3/18 14:00,16.4,32,1,-0.3,2.62,1,4.377
2021/3/18 15:00,16.4,37,1,1.7,2.06,1,2.275
2021/3/18 16:00,16.3,46,1,4.7,1.41,1,0.161
2021/3/18 17:00,15.3,59,1,7.4,0.67,1,0.178
2021/3/18 18:00,14.9,67,0,8.8,0.12,0.2,0
2021/3/18 19:00,14.8,69,0,9.2,0,0,0
2021/3/18 20:00,14.2,70,0,8.8,0,0,0
2021/3/18 21:00,13.5,73,0,8.8,0,0,0
2021/3/18 22:00,12.4,80,0,9.1,0,0,0
2021/3/18 23:00,13,78,0,9.3,0,0,0
2021/3/19 0:00,13.5,73,0,8.8,0,0,0
2021/3/19 1:00,11.4,71,0,6.3,0,0,0
2021/3/19 2:00,10.6,62,0,3.6,0,0,0
2021/3/19 3:00,10.5,64,0,4,0,0,0
2021/3/19 4:00,10.2,62,0,3.3,0,0,0
2021/3/19 5:00,9.7,55,0,1.1,0,0,0
2021/3/19 6:00,9.6,49,1,-0.6,0,0,0.49
2021/3/19 7:00,10.4,45,1,-1,0.18,0,2.602
2021/3/19 8:00,12.4,39,1,-1.2,0.7,0.2,3.99
2021/3/19 9:00,13.7,46,1,2.3,1.42,0.7,6.197
2021/3/19 10:00,13.1,59,1,5.3,1.72,0.6,5.78
2021/3/19 11:00,15.8,57,1,7.3,2.33,0.8,6.283
2021/3/19 12:00,16.3,55,1,7.3,2.59,0.8,7.233
2021/3/19 13:00,16.9,53,1,7.3,2.67,0.8,6.147
2021/3/19 14:00,16.6,48,1,5.6,2.36,0.9,4.276
2021/3/19 15:00,16.9,49,1,6.1,1.99,0.9,2.219
2021/3/19 16:00,16.1,49,1,5.4,1.44,1,0.769
2021/3/19 17:00,14.7,57,1,6.3,0.57,0.8,0.237
2021/3/19 18:00,13.3,61,0,6,0.12,0.1,0
2021/3/19 19:00,12.7,63,0,5.9,0,0,0
2021/3/19 20:00,12.2,64,0,5.6,0,0,0
2021/3/19 21:00,11.5,68,0,5.8,0,0,0
2021/3/19 22:00,12,67,0,6.1,0,0,0
2021/3/19 23:00,11.9,66,0,5.8,0,0,0
2021/3/20 0:00,11.6,66,0,5.5,0,0,0
2021/3/20 1:00,11.1,68,0,5.4,0,0,0
2021/3/20 2:00,11.1,68,0,5.4,0,0,0
2021/3/20 3:00,10.9,66,0,4.8,0,0,0
2021/3/20 4:00,10.9,68,0,5.2,0,0,0
2021/3/20 5:00,11,67,0,5.1,0,0,0
2021/3/20 6:00,11,69,1,5.6,0,0,0.173
2021/3/20 7:00,11.2,70,1,6,0.04,0,0.68
2021/3/20 8:00,11.6,68,1,5.9,0.23,0,1.538
2021/3/20 9:00,12.2,66,1,6.1,0.53,0,3.236
2021/3/20 10:00,13,65,1,6.6,0.85,0,5.244
2021/3/20 11:00,14.5,62,1,7.3,1.65,0.1,6.709
2021/3/20 12:00,15.9,60,1,8.2,2.1,0.5,4.253
2021/3/20 13:00,16.4,57,1,7.9,1.74,0.2,3.626
2021/3/20 14:00,17.4,58,1,9.1,1.19,0.1,2.208
2021/3/20 15:00,17.9,57,1,9.3,0.9,0.1,1.713
2021/3/20 16:00,17.1,63,1,10,0.5,0,0.624
2021/3/20 17:00,16.9,66,1,10.5,0.31,0,0.472
2021/3/20 18:00,16,71,0,10.8,0.04,0,0
2021/3/20 19:00,15.6,71,0,10.4,0,0,0
2021/3/20 20:00,15.9,72,0,10.9,0,0,0
2021/3/20 21:00,15.6,76,0,11.4,0,0,0
2021/3/20 22:00,15.6,78,0,11.8,0,0,0
2021/3/20 23:00,15.4,80,0,12,0,0,0
2021/3/21 0:00,14.9,85,0,12.4,0,0,0
2021/3/21 1:00,15.1,85,0,12.6,0,0,0
2021/3/21 2:00,14.6,95,0,13.8,0,0,0
2021/3/21 3:00,14.4,97,0,13.9,0,0,0
2021/3/21 4:00,14.5,99,0,14.4,0,0,0
2021/3/21 5:00,13.3,100,0,13.3,0,0,0
2021/3/21 6:00,13.1,100,1,13.1,0,0,0.21
2021/3/21 7:00,13.5,100,1,13.5,0.02,0,0.23
2021/3/21 8:00,15.9,99,1,15.8,0.06,0,0.691
2021/3/21 9:00,16.5,98,1,16.2,0.15,0,1.192
2021/3/21 10:00,17,97,1,16.5,0.23,0,1.462
2021/3/21 11:00,17.4,97,1,16.9,0.3,0,1.163
2021/3/21 12:00,17.7,98,1,17.4,0.29,0,0.52
2021/3/21 13:00,17.6,98,1,17.3,0.23,0,0.859
2021/3/21 14:00,18,97,1,17.5,0.28,0,0.742
2021/3/21 15:00,18.2,97,1,17.7,0.1,0,0.337
2021/3/21 16:00,18.5,96,1,17.9,0.07,0,0.283
2021/3/21 17:00,18.7,96,1,18.1,0.03,0,0.00032
2021/3/21 18:00,18.7,96,0,18.1,0,0,0
2021/3/21 19:00,19.3,92,0,18,0,0,0
2021/3/21 20:00,19.7,89,0,17.8,0,0,0
2021/3/21 21:00,19.3,94,0,18.3,0,0,0
2021/3/21 22:00,19.3,91,0,17.8,0,0,0
2021/3/21 23:00,15.1,87,0,13,0,0,0
2021/3/22 0:00,14.9,77,0,10.9,0,0,0
2021/3/22 1:00,14.5,72,0,9.5,0,0,0
2021/3/22 2:00,14.2,66,0,8,0,0,0
2021/3/22 3:00,13.3,79,0,9.8,0,0,0
2021/3/22 4:00,13.2,60,0,5.6,0,0,0
2021/3/22 5:00,12.8,56,0,4.3,0,0,0.0001
2021/3/22 6:00,11.9,51,1,2.1,0.01,0,0.513
2021/3/22 7:00,11.5,48,1,0.9,0.23,0,1.089
2021/3/22 8:00,11.5,44,1,-0.3,0.51,0,3.448
2021/3/22 9:00,12,42,1,-0.5,1.16,0.3,5.353
2021/3/22 10:00,14.2,37,1,-0.3,2.35,1,0
2021/3/22 11:00,14.5,34,1,-1.2,1.71,0.3,0
2021/3/22 12:00,15,36,1,0.1,1.58,0.1,0.0003
2021/3/22 13:00,14.8,35,1,-0.5,1.73,0.1,1.654
2021/3/22 14:00,14.2,36,1,-0.6,0.9,0,1.274
2021/3/22 15:00,13.7,33,1,-2.3,0.43,0,0.526
2021/3/22 16:00,13,35,1,-2.1,0.14,0,0.302
2021/3/22 17:00,12.4,43,1,0.2,0.05,0,0.985
2021/3/22 18:00,11.3,51,0,1.5,0,0,0
2021/3/22 19:00,10.3,60,0,2.9,0,0,0
2021/3/22 20:00,8.9,76,0,4.9,0,0,0
2021/3/22 21:00,8.8,69,0,3.4,0,0,0
2021/3/22 22:00,7.8,81,0,4.8,0,0,0
2021/3/22 23:00,7.7,79,0,4.3,0,0,0
2021/3/23 0:00,8.1,70,0,3,0,0,0
2021/3/23 1:00,8.3,49,0,-1.8,0,0,0
2021/3/23 2:00,7.6,50,0,-2.1,0,0,0
2021/3/23 3:00,7.3,48,0,-3,0,0,0
2021/3/23 4:00,6.7,52,0,-2.4,0,0,0
2021/3/23 5:00,6.3,52,0,-2.8,0,0,0.0001
2021/3/23 6:00,5.7,56,1,-2.4,0.02,0.1,0.834
2021/3/23 7:00,7.5,49,1,-2.5,0.43,1,5.502
2021/3/23 8:00,9.1,47,1,-1.6,1.19,1,7.302
2021/3/23 9:00,10.6,39,1,-2.8,1.91,1,8.086
2021/3/23 10:00,11.9,33,1,-3.8,2.51,1,8.441
2021/3/23 11:00,12.7,34,1,-2.7,2.96,1,8.241
2021/3/23 12:00,14.2,34,1,-1.4,3.01,1,7.785
2021/3/23 13:00,13.9,33,1,-2.1,3.02,1,6.416
2021/3/23 14:00,15,35,1,-0.3,2.7,1,4.525
2021/3/23 15:00,14.4,34,1,-1.2,2.16,1,2.356
2021/3/23 16:00,14.3,33,1,-1.7,1.49,1,0
2021/3/23 17:00,13.4,35,1,-1.7,0.76,1,0.0002
2021/3/23 18:00,12.6,43,0,0.4,0.16,0.5,0
2021/3/23 19:00,11.9,51,0,2.1,0,0,0
2021/3/23 20:00,11.9,56,0,3.4,0,0,0
2021/3/23 21:00,12.1,57,0,3.9,0,0,0
2021/3/23 22:00,11.4,61,0,4.2,0,0,0
2021/3/23 23:00,10.9,64,0,4.4,0,0,0
2021/3/24 0:00,10.2,68,0,4.6,0,0,0
2021/3/24 1:00,9.7,74,0,5.3,0,0,0
2021/3/24 2:00,8.5,78,0,4.9,0,0,0
2021/3/24 3:00,9,71,0,4,0,0,0
2021/3/24 4:00,7.9,70,0,2.8,0,0,0
2021/3/24 5:00,7.9,69,0,2.6,0,0,0.0001
2021/3/24 6:00,7,74,1,2.7,0.02,0,1.032
2021/3/24 7:00,8.7,66,1,2.7,0.41,1,4.962
2021/3/24 8:00,10.9,56,1,2.5,1.16,1,6.859
2021/3/24 9:00,12.9,51,1,3,1.87,1,7.87
2021/3/24 10:00,16.1,48,1,5.1,2.44,1,8.268
2021/3/24 11:00,17,46,1,5.3,2.82,1,8.226
2021/3/24 12:00,18.7,35,1,3,3.06,1,7.75
2021/3/24 13:00,19,38,1,4.4,3.03,1,6.412
2021/3/24 14:00,19.7,40,1,5.7,2.7,1,3.437
2021/3/24 15:00,19.2,49,1,8.2,2.2,1,2.243
2021/3/24 16:00,18.2,51,1,7.9,1.48,1,0.619
2021/3/24 17:00,16.7,58,1,8.4,0.74,1,0.253
2021/3/24 18:00,15.5,64,0,8.7,0.21,0.5,0
2021/3/24 19:00,15.5,65,0,9,0,0,0
2021/3/24 20:00,15.2,65,0,8.7,0,0,0
2021/3/24 21:00,14.9,69,0,9.3,0,0,0
2021/3/24 22:00,14.4,71,0,9.2,0,0,0
2021/3/24 23:00,14,74,0,9.5,0,0,0
2021/3/25 0:00,14.1,73,0,9.3,0,0,0
2021/3/25 1:00,13.9,73,0,9.2,0,0,0
2021/3/25 2:00,13,76,0,8.9,0,0,0
2021/3/25 3:00,13.2,75,0,8.9,0,0,0
2021/3/25 4:00,13.2,73,0,8.5,0,0,0
2021/3/25 5:00,12.9,74,0,8.4,0,0,0.0001
2021/3/25 6:00,12.3,77,1,8.4,0.01,0,0.598
2021/3/25 7:00,14,72,1,9,0.26,0.2,2.172
2021/3/25 8:00,15.6,65,1,9.1,1.11,1,0
2021/3/25 9:00,16.7,58,1,8.4,1.29,0.5,0
2021/3/25 10:00,17.6,55,1,8.5,1.45,0.3,0
2021/3/25 11:00,17.1,60,1,9.3,1.03,0,0
2021/3/25 12:00,17.5,61,1,9.9,1.24,0,2.544
2021/3/25 13:00,17.8,58,1,9.4,0.82,0,2.245
2021/3/25 14:00,16.3,64,1,9.5,0.84,0,1.212
2021/3/25 15:00,15.3,80,1,11.9,0.43,0,0.455
2021/3/25 16:00,14.6,88,1,12.6,0.23,0,0.325
2021/3/25 17:00,14.3,83,1,11.5,0.2,0,0.435
2021/3/25 18:00,14.1,82,0,11.1,0.05,0,0
2021/3/25 19:00,14.2,83,0,11.4,0,0,0
2021/3/25 20:00,13.8,87,0,11.7,0,0,0
2021/3/25 21:00,13.1,90,0,11.5,0,0,0
2021/3/25 22:00,12.4,92,0,11.1,0,0,0
2021/3/25 23:00,12,94,0,11.1,0,0,0
2021/3/26 0:00,11.9,95,0,11.1,0,0,0
2021/3/26 1:00,12.1,95,0,11.3,0,0,0
2021/3/26 2:00,12.1,67,0,6.2,0,0,0
2021/3/26 3:00,11.6,58,0,3.6,0,0,0
2021/3/26 4:00,11.2,59,0,3.5,0,0,0
2021/3/26 5:00,10.5,59,0,2.8,0,0,0.216
2021/3/26 6:00,11.3,53,1,2.1,0.03,0.1,1.303
2021/3/26 7:00,11.6,54,1,2.6,0.46,1,5.352
2021/3/26 8:00,14.6,43,1,2.2,1.21,1,6.385
2021/3/26 9:00,15.7,32,1,-0.9,1.93,1,8.044
2021/3/26 10:00,17.8,34,1,1.7,2.5,1,8.257
2021/3/26 11:00,18.3,27,1,-1,2.88,1,7.949
2021/3/26 12:00,19.7,21,1,-3.2,3.07,1,7.36
2021/3/26 13:00,19.6,19,1,-4.6,3,1,6.185
2021/3/26 14:00,20.6,26,1,0.5,2.67,1,3.837
2021/3/26 15:00,19.5,28,1,0.5,1.13,0.3,1.534
2021/3/26 16:00,17.7,30,1,-0.1,1.46,0.8,0.604
2021/3/26 17:00,16.1,30,1,-1.5,0.82,1,0.246
2021/3/26 18:00,14.8,33,0,-1.3,0.2,0.6,0
2021/3/26 19:00,13.8,36,0,-1,0,0,0
2021/3/26 20:00,12.8,39,0,-0.8,0,0,0
2021/3/26 21:00,11.9,42,0,-0.6,0,0,0
2021/3/26 22:00,11.5,43,0,-0.6,0,0,0
2021/3/26 23:00,11.5,43,0,-0.6,0,0,0
2021/3/27 0:00,10.8,45,0,-0.6,0,0,0
2021/3/27 1:00,10.5,47,0,-0.3,0,0,0
2021/3/27 2:00,10.5,49,0,0.3,0,0,0
2021/3/27 3:00,10.1,50,0,0.2,0,0,0
2021/3/27 4:00,9.4,54,0,0.6,0,0,0
2021/3/27 5:00,8.8,57,0,0.8,0,0,0.233
2021/3/27 6:00,9.3,52,1,0,0.02,0,1.372
2021/3/27 7:00,10.3,48,1,-0.2,0.44,1,4.966
2021/3/27 8:00,11.8,45,1,0.3,1.19,1,6.971
2021/3/27 9:00,13.5,42,1,0.9,1.89,1,8.043
2021/3/27 10:00,14.1,31,1,-2.8,2.48,1,8.31
2021/3/27 11:00,16.4,29,1,-1.7,2.88,1,8.263
2021/3/27 12:00,16.8,25,1,-3.3,3.09,1,7.367
2021/3/27 13:00,17.4,31,1,0.1,3.03,1,6.027
2021/3/27 14:00,16.6,36,1,1.5,2.59,1,3.619
2021/3/27 15:00,16.9,39,1,2.9,1.62,1,2.023
2021/3/27 16:00,17.3,42,1,4.3,1.38,1,0.882
2021/3/27 17:00,16,46,1,4.4,0.53,0.2,0.261
2021/3/27 18:00,15.4,49,0,4.8,0.09,0,0
2021/3/27 19:00,14.9,59,0,7,0,0,0
2021/3/27 20:00,14.3,65,0,7.8,0,0,0
2021/3/27 21:00,14.1,70,0,8.7,0,0,0
2021/3/27 22:00,14.6,72,0,9.6,0,0,0
2021/3/27 23:00,14.9,74,0,10.3,0,0,0
2021/3/28 0:00,14.7,74,0,10.1,0,0,0
2021/3/28 1:00,14.9,75,0,10.5,0,0,0
2021/3/28 2:00,14.9,73,0,10.1,0,0,0
2021/3/28 3:00,15.1,73,0,10.3,0,0,0
2021/3/28 4:00,15.4,77,0,11.4,0,0,0
2021/3/28 5:00,15.3,78,0,11.5,0,0,0.0001
2021/3/28 6:00,15.6,79,1,12,0,0,0.465
2021/3/28 7:00,16.3,74,1,11.7,0.11,0,3.255
2021/3/28 8:00,16.9,71,1,11.6,0.46,0,3.163
2021/3/28 9:00,17.9,68,1,11.9,0.71,0,2.798
2021/3/28 10:00,17.8,66,1,11.4,0.95,0,1.577
2021/3/28 11:00,17.1,74,1,12.4,0.51,0,0.366
2021/3/28 12:00,15.3,96,1,14.7,0.19,0,1.189
2021/3/28 13:00,16.7,90,1,15.1,0.66,0,1.744
2021/3/28 14:00,17.3,88,1,15.3,0.6,0,1.527
2021/3/28 15:00,18.1,74,1,13.4,0.55,0,0.76
2021/3/28 16:00,18.2,70,1,12.7,0.3,0,0.29
2021/3/28 17:00,17.8,78,1,13.9,0.14,0,0.599
2021/3/28 18:00,17.4,82,0,14.3,0.03,0,0
2021/3/28 19:00,17.1,81,0,13.8,0,0,0
2021/3/28 20:00,17.5,80,0,14,0,0,0
2021/3/28 21:00,16.4,93,0,15.3,0,0,0
2021/3/28 22:00,16.2,95,0,15.4,0,0,0
2021/3/28 23:00,15.5,96,0,14.9,0,0,0
2021/3/29 0:00,15.3,97,0,14.8,0,0,0
2021/3/29 1:00,16,99,0,15.9,0,0,0
2021/3/29 2:00,16,99,0,15.9,0,0,0
2021/3/29 3:00,13.3,99,0,13.2,0,0,0
2021/3/29 4:00,13.6,100,0,13.6,0,0,0
2021/3/29 5:00,13.8,100,0,13.8,0,0,0.0001
2021/3/29 6:00,13.9,100,1,13.9,0.02,0,0
2021/3/29 7:00,14.9,99,1,14.8,0.42,0.5,1.792
2021/3/29 8:00,17.1,88,1,15.1,1.25,1,3.395
2021/3/29 9:00,18.4,71,1,13.1,1.96,1,6.736
2021/3/29 10:00,20.2,70,1,14.6,2.38,1,7.86
2021/3/29 11:00,20.3,71,1,14.9,2.97,1,8.001
2021/3/29 12:00,21.2,66,1,14.6,3.13,1,7.088
2021/3/29 13:00,21.8,58,1,13.2,3.06,1,5.078
2021/3/29 14:00,22.1,60,1,14,2.35,0.9,4.066
2021/3/29 15:00,22.1,63,1,14.7,2.25,1,2.469
2021/3/29 16:00,21.1,67,1,14.8,1.47,1,0.755
2021/3/29 17:00,19.7,73,1,14.7,0.8,1,0.305
2021/3/29 18:00,18.2,81,0,14.9,0.18,0.1,0
2021/3/29 19:00,17.3,86,0,15,0,0,0
2021/3/29 20:00,16.5,91,0,15,0,0,0
2021/3/29 21:00,16.2,93,0,15.1,0,0,0
2021/3/29 22:00,15.7,93,0,14.6,0,0,0
2021/3/29 23:00,15.5,94,0,14.6,0,0,0
2021/3/30 0:00,16.2,91,0,14.7,0,0,0
2021/3/30 1:00,15.3,92,0,14,0,0,0
2021/3/30 2:00,14.9,93,0,13.8,0,0,0
2021/3/30 3:00,14.6,92,0,13.3,0,0,0
2021/3/30 4:00,14.6,95,0,13.8,0,0,0
2021/3/30 5:00,14.3,96,0,13.7,0,0,0.0601
2021/3/30 6:00,14.9,93,1,13.8,0.02,0,0.103
2021/3/30 7:00,15.7,82,1,12.6,0.24,0,1.222
2021/3/30 8:00,16.4,75,1,12,0.44,0,2.804
2021/3/30 9:00,17.5,70,1,12,0.71,0,5.844
2021/3/30 10:00,19.7,67,1,13.4,2.01,0.6,6.768
2021/3/30 11:00,19.8,66,1,13.3,2.17,0.6,6.982
2021/3/30 12:00,20.4,64,1,13.4,2.17,0.6,6.558
2021/3/30 13:00,20.7,62,1,13.2,1.41,0.2,5.577
2021/3/30 14:00,21.7,56,1,12.6,1.93,0.5,3.633
2021/3/30 15:00,22.5,57,1,13.6,1.63,0.6,1.685
2021/3/30 16:00,20.9,65,1,14.1,0.58,0,0.819
2021/3/30 17:00,19.8,68,1,13.7,0.18,0,0.379
2021/3/30 18:00,19,73,0,14.1,0.04,0,0
2021/3/30 19:00,18.1,77,0,14,0,0,0
2021/3/30 20:00,17.6,78,0,13.7,0,0,0
2021/3/30 21:00,17.2,78,0,13.3,0,0,0
2021/3/30 22:00,17.1,78,0,13.2,0,0,0
2021/3/30 23:00,16.8,79,0,13.2,0,0,0
2021/3/31 0:00,16.9,74,0,12.2,0,0,0
2021/3/31 1:00,16.6,73,0,11.8,0,0,0
2021/3/31 2:00,16.5,74,0,11.9,0,0,0
2021/3/31 3:00,16.7,76,0,12.5,0,0,0
2021/3/31 4:00,16.6,76,0,12.4,0,0,0
2021/3/31 5:00,15.8,85,0,13.3,0,0,0.189
2021/3/31 6:00,15.8,78,1,12,0.01,0,0.367
2021/3/31 7:00,16.1,68,1,10.2,0.28,0.2,3.201
2021/3/31 8:00,17.4,46,1,5.7,1.12,1,5.584
2021/3/31 9:00,18.2,37,1,3.3,1.94,1,7.624
2021/3/31 10:00,19.9,27,1,0.4,2.55,1,8.072
2021/3/31 11:00,19.9,25,1,-0.7,2.97,1,7.413
2021/3/31 12:00,20.3,30,1,2.2,3.13,1,6.851
2021/3/31 13:00,21.5,33,1,4.6,3.05,1,5.819
2021/3/31 14:00,22.8,32,1,5.3,2.75,1,4.14
2021/3/31 15:00,21,45,1,8.6,2.12,1,2.17
2021/3/31 16:00,20.1,46,1,8.1,1.41,1,0.852
2021/3/31 17:00,18.8,46,1,7,0.65,0.7,0.257
2021/3/31 18:00,18.1,52,1,8.1,0.12,0,0
2021/3/31 19:00,17.2,51,0,7,0,0,0
2021/3/31 20:00,16.5,54,0,7.2,0,0,0
2021/3/31 21:00,16.1,60,0,8.3,0,0,0
2021/3/31 22:00,16.2,58,0,7.9,0,0,0
2021/3/31 23:00,15.8,63,0,8.8,0,0,0
2021/4/1 0:00,15.9,65,0,9.3,0,0,0
2021/4/1 1:00,15.9,64,0,9.1,0,0,0
2021/4/1 2:00,16,65,0,9.4,0,0,0
2021/4/1 3:00,16.1,61,0,8.6,0,0,0
2021/4/1 4:00,15.4,64,0,8.6,0,0,0
2021/4/1 5:00,14.4,62,0,7.2,0,0,0.0001
2021/4/1 6:00,14.1,62,1,6.9,0.02,0,0.268
2021/4/1 7:00,14.4,57,1,6,0.32,0.1,3.657
2021/4/1 8:00,14.7,56,1,6,0.54,0,5.334
2021/4/1 9:00,16.4,55,1,7.4,1.4,0.5,5.147
2021/4/1 10:00,17.9,51,1,7.6,2.17,0.7,5.6
2021/4/1 11:00,18.3,56,1,9.4,2.36,0.7,5.357
2021/4/1 12:00,19.8,51,1,9.4,2.39,0.6,6.796
2021/4/1 13:00,18.7,51,1,8.4,2.06,0.5,5.577
2021/4/1 14:00,20.6,50,1,9.8,2.3,0.7,4.193
2021/4/1 15:00,20.4,47,1,8.7,2.22,1,2.22
2021/4/1 16:00,19.7,54,1,10.2,1.47,1,0.803
2021/4/1 17:00,18.1,59,1,10,0.63,0.7,0.283
2021/4/1 18:00,16.6,67,1,10.5,0.17,0,0
2021/4/1 19:00,16,69,0,10.3,0,0,0
2021/4/1 20:00,15.8,69,0,10.1,0,0,0
2021/4/1 21:00,15,70,0,9.6,0,0,0
2021/4/1 22:00,14.9,72,0,9.9,0,0,0
2021/4/1 23:00,14.6,70,0,9.2,0,0,0
2021/4/2 0:00,14.6,70,0,9.2,0,0,0
2021/4/2 1:00,14.7,70,0,9.3,0,0,0
2021/4/2 2:00,14.5,68,0,8.7,0,0,0
2021/4/2 3:00,14.1,68,0,8.3,0,0,0
2021/4/2 4:00,14.2,69,0,8.6,0,0,0
2021/4/2 5:00,14,70,0,8.6,0,0,0.0001
2021/4/2 6:00,13.9,69,1,8.3,0.01,0,1.55
2021/4/2 7:00,14.5,68,1,8.7,0.36,0.4,2.277
2021/4/2 8:00,15,66,1,8.7,0.83,0.3,3.687
2021/4/2 9:00,15.9,65,1,9.3,0.98,0,5.583
2021/4/2 10:00,16.5,61,1,9,1.52,0,5.86
2021/4/2 11:00,17.2,58,1,8.9,1.45,0,3.709
2021/4/2 12:00,19.3,54,1,9.8,1.42,0.2,1.417
2021/4/2 13:00,18.3,52,1,8.3,1,0,2.743
2021/4/2 14:00,18.7,53,1,8.9,0.94,0,2.491
2021/4/2 15:00,19.2,52,1,9.1,1.09,0.1,1.867
2021/4/2 16:00,18.6,56,1,9.7,0.47,0,0.292
2021/4/2 17:00,17.8,60,1,10,0.11,0,0.221
2021/4/2 18:00,17.3,60,1,9.5,0.03,0,0
2021/4/2 19:00,16.2,64,0,9.4,0,0,0
2021/4/2 20:00,15.6,64,0,8.8,0,0,0
2021/4/2 21:00,15.5,63,0,8.5,0,0,0
2021/4/2 22:00,15.1,67,0,9,0,0,0
2021/4/2 23:00,14.7,67,0,8.6,0,0,0
2021/4/3 0:00,14,70,0,8.6,0,0,0
2021/4/3 1:00,14.5,69,0,8.9,0,0,0
2021/4/3 2:00,14.6,69,0,9,0,0,0
2021/4/3 3:00,14,72,0,9,0,0,0
2021/4/3 4:00,13.4,75,0,9.1,0,0,0
2021/4/3 5:00,12.5,80,0,9.2,0,0,0.325
2021/4/3 6:00,12.5,79,1,9,0.05,0.1,1.971
2021/4/3 7:00,15,67,1,8.9,0.52,1,4.321
2021/4/3 8:00,15.8,63,1,8.8,1.04,0.8,4.066
2021/4/3 9:00,17.7,63,1,10.6,1.23,0.4,7.769
2021/4/3 10:00,19.1,48,1,7.9,2.66,1,8.198
2021/4/3 11:00,19.9,45,1,7.6,2.4,0.7,7.887
2021/4/3 12:00,20,43,1,7.1,3.26,1,6.925
2021/4/3 13:00,20.8,42,1,7.4,3.21,1,5.656
2021/4/3 14:00,19.8,46,1,7.9,2.7,0.9,4.164
2021/4/3 15:00,20.3,48,1,8.9,1.61,0.5,1.89
2021/4/3 16:00,19.6,52,1,9.5,1.31,0.6,0.725
2021/4/3 17:00,19,54,1,9.5,0.51,0.1,0.186
2021/4/3 18:00,18.2,57,1,9.6,0.13,0,0
2021/4/3 19:00,17.3,66,0,10.9,0,0,0
2021/4/3 20:00,17.2,69,0,11.5,0,0,0
2021/4/3 21:00,16.7,73,0,11.8,0,0,0
2021/4/3 22:00,16.6,75,0,12.2,0,0,0
2021/4/3 23:00,16,78,0,12.2,0,0,0
2021/4/4 0:00,16.1,79,0,12.5,0,0,0
2021/4/4 1:00,16.4,79,0,12.8,0,0,0
2021/4/4 2:00,16.2,81,0,12.9,0,0,0
2021/4/4 3:00,16.6,78,0,12.8,0,0,0
2021/4/4 4:00,16.6,78,0,12.8,0,0,0
2021/4/4 5:00,16.6,78,0,12.8,0,0,0.183
2021/4/4 6:00,16.9,77,1,12.9,0.01,0,0.366
2021/4/4 7:00,17.3,75,1,12.8,0.2,0,3.473
2021/4/4 8:00,19.4,65,1,12.7,1.24,0.8,4.226
2021/4/4 9:00,19.7,60,1,11.7,1.28,0.4,6.838
2021/4/4 10:00,20.1,55,1,10.8,2.03,0.6,8.349
2021/4/4 11:00,21.7,52,1,11.4,2.59,0.7,5.28
2021/4/4 12:00,21.8,54,1,12.1,2.31,0.5,4.365
2021/4/4 13:00,20.7,59,1,12.4,1.94,0.3,2.446
2021/4/4 14:00,21.9,58,1,13.3,1.23,0,1.806
2021/4/4 15:00,20.6,59,1,12.3,0.83,0,0.594
2021/4/4 16:00,20.4,62,1,12.9,0.36,0,0.488
2021/4/4 17:00,19.3,70,1,13.7,0.24,0,0.419
2021/4/4 18:00,19.1,72,1,13.9,0.05,0,0
2021/4/4 19:00,17.3,90,0,15.7,0,0,0
2021/4/4 20:00,16.9,99,0,16.8,0,0,0
2021/4/4 21:00,16.9,99,0,16.8,0,0,0
2021/4/4 22:00,17.1,100,0,17.1,0,0,0
2021/4/4 23:00,17.4,100,0,17.4,0,0,0
2021/4/5 0:00,16.9,100,0,16.9,0,0,0
2021/4/5 1:00,17.2,100,0,17.2,0,0,0
2021/4/5 2:00,17.1,100,0,17.1,0,0,0
2021/4/5 3:00,15.5,100,0,15.5,0,0,0
2021/4/5 4:00,15.2,100,0,15.2,0,0,0
2021/4/5 5:00,14.9,100,0,14.9,0,0,0.0001
2021/4/5 6:00,15,99,1,14.9,0,0,0.317
2021/4/5 7:00,14.8,97,1,14.3,0.09,0,0.788
2021/4/5 8:00,14.9,82,1,11.9,0.35,0,1.624
2021/4/5 9:00,16.2,72,1,11.2,0.62,0,1.497
2021/4/5 10:00,16.3,74,1,11.7,0.63,0,1.174
2021/4/5 11:00,13.9,96,1,13.3,0.26,0,0.897
2021/4/5 12:00,13.3,97,1,12.8,0.26,0,1.268
2021/4/5 13:00,12.5,97,1,12,0.2,0,0.718
2021/4/5 14:00,11.6,95,1,10.8,0.18,0,0.573
2021/4/5 15:00,11,93,1,9.9,0.16,0,0.531
2021/4/5 16:00,10.8,89,1,9.1,0.2,0,0.255
2021/4/5 17:00,10.7,88,1,8.8,0.09,0,0.212
2021/4/5 18:00,10.6,82,1,7.7,0.05,0,0
2021/4/5 19:00,10.8,80,0,7.5,0,0,0
2021/4/5 20:00,10.8,77,0,6.9,0,0,0
2021/4/5 21:00,9.5,83,0,6.8,0,0,0
2021/4/5 22:00,9.8,80,0,6.5,0,0,0
2021/4/5 23:00,9.1,79,0,5.7,0,0,0
2021/4/6 0:00,8.6,76,0,4.6,0,0,0
2021/4/6 1:00,8.6,73,0,4.1,0,0,0
2021/4/6 2:00,8.3,72,0,3.6,0,0,0
2021/4/6 3:00,8,72,0,3.3,0,0,0
2021/4/6 4:00,7.2,77,0,3.5,0,0,0
2021/4/6 5:00,7.1,77,0,3.4,0,0,0.35
2021/4/6 6:00,7.4,77,1,3.6,0.06,0.2,2.158
2021/4/6 7:00,8.1,70,1,3,0.42,0.4,3.074
2021/4/6 8:00,9.1,64,1,2.7,0.59,0,4.123
2021/4/6 9:00,10.6,61,1,3.4,1.18,0.1,2.414
2021/4/6 10:00,11.1,61,1,3.9,1.76,0.4,5.538
2021/4/6 11:00,12.7,57,1,4.4,1.47,0,3.195
2021/4/6 12:00,13.2,49,1,2.7,2.21,0.3,5.103
2021/4/6 13:00,12.8,52,1,3.2,1.45,0,6.348
2021/4/6 14:00,14.5,50,1,4.2,2.65,0.7,4.23
2021/4/6 15:00,13.6,54,1,4.5,1.41,0.4,2.203
2021/4/6 16:00,13.1,54,1,4,0.65,0,0.832
2021/4/6 17:00,12.8,56,1,4.3,0.29,0,0.305
2021/4/6 18:00,11.9,60,1,4.4,0.13,0,0
2021/4/6 19:00,10.6,70,0,5.4,0,0,0
2021/4/6 20:00,10.8,69,0,5.4,0,0,0
2021/4/6 21:00,10.7,69,0,5.3,0,0,0
2021/4/6 22:00,10.5,70,0,5.3,0,0,0
2021/4/6 23:00,10.3,72,0,5.5,0,0,0
2021/4/7 0:00,10.2,75,0,6,0,0,0
2021/4/7 1:00,9.6,78,0,6,0,0,0
2021/4/7 2:00,9.4,77,0,5.6,0,0,0
2021/4/7 3:00,9.5,77,0,5.7,0,0,0
2021/4/7 4:00,8.9,80,0,5.7,0,0,0
2021/4/7 5:00,8.6,78,0,5,0,0,0.266
2021/4/7 6:00,8.7,75,1,4.5,0.04,0,3.107
2021/4/7 7:00,10.1,69,1,4.7,0.49,0.4,5.239
2021/4/7 8:00,11.7,61,1,4.4,1.35,0.9,7.113
2021/4/7 9:00,13.4,55,1,4.6,2.11,1,7.332
2021/4/7 10:00,14.3,52,1,4.6,2.69,1,8.506
2021/4/7 11:00,15.9,46,1,4.3,3.1,1,8.181
2021/4/7 12:00,17.4,44,1,5,3.25,1,7.627
2021/4/7 13:00,17.5,36,1,2.3,3.23,1,6.497
2021/4/7 14:00,19,42,1,5.8,2.91,1,4.622
2021/4/7 15:00,18.7,43,1,5.9,2.36,1,2.302
2021/4/7 16:00,17.7,40,1,4,1.69,1,0.628
2021/4/7 17:00,16.6,42,1,3.7,0.92,1,0.152
2021/4/7 18:00,14.9,51,1,4.9,0.24,0.6,0
2021/4/7 19:00,14.4,59,0,6.5,0,0,0
2021/4/7 20:00,13.6,61,0,6.2,0,0,0
2021/4/7 21:00,13.1,64,0,6.5,0,0,0
2021/4/7 22:00,12.7,75,0,8.4,0,0,0
2021/4/7 23:00,12.3,48,0,1.6,0,0,0
2021/4/8 0:00,11.7,62,0,4.7,0,0,0
2021/4/8 1:00,11.5,64,0,4.9,0,0,0
2021/4/8 2:00,11,77,0,7.1,0,0,0
2021/4/8 3:00,10.8,80,0,7.5,0,0,0
2021/4/8 4:00,10.9,58,0,3,0,0,0
2021/4/8 5:00,10.8,51,0,1.1,0,0,0.225
2021/4/8 6:00,10.7,48,1,0.2,0.06,0,1.427
2021/4/8 7:00,11.6,49,1,1.3,0.51,0.5,2.914
2021/4/8 8:00,13.2,45,1,1.5,1.38,1,6.146
2021/4/8 9:00,14.6,44,1,2.5,2.13,1,7.831
2021/4/8 10:00,16.6,48,1,5.6,2.73,1,7.838
2021/4/8 11:00,15.7,41,1,2.5,2.75,1,7.286
2021/4/8 12:00,16.8,54,1,7.5,3.08,1,7.515
2021/4/8 13:00,16.7,50,1,6.2,2.93,1,5.732
2021/4/8 14:00,16.7,58,1,8.4,2.18,0.8,3.849
2021/4/8 15:00,16.9,59,1,8.9,1.52,0.4,2.658
2021/4/8 16:00,16.7,59,1,8.7,1.09,0.4,0.817
2021/4/8 17:00,15.9,62,1,8.6,0.37,0.1,0.359
2021/4/8 18:00,15.3,65,1,8.8,0.09,0,0
2021/4/8 19:00,9.9,95,0,9.1,0,0,0
2021/4/8 20:00,11.3,97,0,10.9,0,0,0
2021/4/8 21:00,11.9,93,0,10.8,0,0,0
2021/4/8 22:00,12.6,87,0,10.5,0,0,0
2021/4/8 23:00,11.3,82,0,8.3,0,0,0
2021/4/9 0:00,10,87,0,7.9,0,0,0
2021/4/9 1:00,10.1,86,0,7.9,0,0,0
2021/4/9 2:00,9.6,79,0,6.2,0,0,0
2021/4/9 3:00,9.1,73,0,4.5,0,0,0
2021/4/9 4:00,8.5,72,0,3.8,0,0,0
2021/4/9 5:00,7.5,79,0,4.1,0,0,0.292
2021/4/9 6:00,8.2,75,1,4,0.07,0.1,0.918
2021/4/9 7:00,9.5,66,1,3.5,0.39,0.3,4.862
2021/4/9 8:00,11.6,51,1,1.8,1.28,0.8,4.598
2021/4/9 9:00,12.3,39,1,-1.2,1.67,0.6,7.898
2021/4/9 10:00,14.2,30,1,-3.1,2.8,1,8.586
2021/4/9 11:00,15.4,26,1,-4,3.18,1,7.276
2021/4/9 12:00,16,30,1,-1.5,2.86,0.8,3.999
2021/4/9 13:00,16.1,25,1,-3.9,2.84,0.6,2.413
2021/4/9 14:00,16,28,1,-2.5,1.33,0.1,1.338
2021/4/9 15:00,15.4,35,1,0,0.6,0,1.33
2021/4/9 16:00,15.2,35,1,-0.1,0.54,0,0.168
2021/4/9 17:00,14.4,40,1,1,0.18,0,0.694
2021/4/9 18:00,13.9,31,1,-2.9,0.04,0,0
2021/4/9 19:00,12.1,32,0,-4.1,0,0,0
2021/4/9 20:00,11.3,31,0,-5.2,0,0,0
2021/4/9 21:00,10.4,34,0,-4.8,0,0,0
2021/4/9 22:00,9.8,34,0,-5.3,0,0,0
2021/4/9 23:00,9.2,38,0,-4.4,0,0,0
2021/4/10 0:00,8.8,33,0,-6.6,0,0,0
2021/4/10 1:00,8.5,37,0,-5.3,0,0,0
2021/4/10 2:00,8.4,31,0,-7.7,0,0,0
2021/4/10 3:00,8.1,34,0,-6.8,0,0,0
2021/4/10 4:00,7.6,37,0,-6.1,0,0,0
2021/4/10 5:00,7.3,41,0,-5.1,0,0,0.0001
2021/4/10 6:00,7.1,44,1,-4.3,0.05,0,0.621
2021/4/10 7:00,7.2,46,1,-3.6,0.32,0.1,1.068
2021/4/10 8:00,8,43,1,-3.8,0.6,0,3.501
2021/4/10 9:00,10.6,44,1,-1.1,1.56,0.4,7.02
2021/4/10 10:00,10.5,32,1,-5.5,2.78,1,6.068
2021/4/10 11:00,13.3,38,1,-0.7,3.35,1,6.71
2021/4/10 12:00,13,29,1,-4.6,3.41,1,7.874
2021/4/10 13:00,14.4,30,1,-2.9,3.34,1,6.523
2021/4/10 14:00,13.7,31,1,-3.1,3.02,1,4.673
2021/4/10 15:00,14.4,31,1,-2.5,2.48,1,2.368
2021/4/10 16:00,13.9,31,1,-2.9,1.77,1,0.695
2021/4/10 17:00,12.2,49,1,1.8,0.98,1,0.22
2021/4/10 18:00,11.5,49,1,1.2,0.29,0.8,0
2021/4/10 19:00,10.9,51,0,1.2,0,0,0
2021/4/10 20:00,10.2,53,0,1.1,0,0,0
2021/4/10 21:00,9.8,55,0,1.2,0,0,0
2021/4/10 22:00,9.8,57,0,1.7,0,0,0
2021/4/10 23:00,9.2,60,0,1.9,0,0,0
2021/4/11 0:00,9.7,58,0,1.8,0,0,0
2021/4/11 1:00,8.8,63,0,2.2,0,0,0
2021/4/11 2:00,8.5,66,0,2.5,0,0,0
2021/4/11 3:00,7.8,69,0,2.5,0,0,0
2021/4/11 4:00,8.1,67,0,2.4,0,0,0
2021/4/11 5:00,7.5,69,0,2.2,0,0,0.31
2021/4/11 6:00,7.7,70,1,2.6,0.1,0.2,2.81
2021/4/11 7:00,9.4,61,1,2.3,0.7,1,5.924
2021/4/11 8:00,11.6,59,1,3.9,1.46,1,7.551
2021/4/11 9:00,13.9,56,1,5.3,2.18,1,7.483
2021/4/11 10:00,13.7,47,1,2.6,2.77,1,8.433
2021/4/11 11:00,15.7,43,1,3.2,3.17,1,8.181
2021/4/11 12:00,16.3,43,1,3.7,3.34,1,7.412
2021/4/11 13:00,16.3,42,1,3.4,3.36,1,6.264
2021/4/11 14:00,18,40,1,4.2,3.01,1,4.533
2021/4/11 15:00,17.1,34,1,1.1,2.46,1,2.319
2021/4/11 16:00,17,39,1,3,1.76,1,0.628
2021/4/11 17:00,15.6,47,1,4.4,0.97,1,0.0595
2021/4/11 18:00,14.5,50,1,4.2,0.27,0.7,0
2021/4/11 19:00,14.1,55,0,5.2,0,0,0
2021/4/11 20:00,13,62,0,5.9,0,0,0
2021/4/11 21:00,12.4,67,0,6.5,0,0,0
2021/4/11 22:00,11.6,74,0,7.1,0,0,0
2021/4/11 23:00,11.3,77,0,7.4,0,0,0
2021/4/12 0:00,10.7,82,0,7.8,0,0,0
2021/4/12 1:00,10.3,84,0,7.7,0,0,0
2021/4/12 2:00,10.2,84,0,7.6,0,0,0
2021/4/12 3:00,9.9,82,0,7,0,0,0
2021/4/12 4:00,9.6,82,0,6.7,0,0,0
2021/4/12 5:00,9.5,81,0,6.4,0,0,0.379
2021/4/12 6:00,10.1,78,1,6.5,0.1,0.2,1.755
2021/4/12 7:00,11.9,70,1,6.6,0.66,1,3.916
2021/4/12 8:00,13.7,65,1,7.3,1.3,1,4.786
2021/4/12 9:00,15.2,59,1,7.3,1.67,0.7,7.895
2021/4/12 10:00,16.9,46,1,5.2,2.77,0.9,8.529
2021/4/12 11:00,18.3,43,1,5.5,3.28,1,7.695
2021/4/12 12:00,18.4,40,1,4.6,3.43,1,6.012
2021/4/12 13:00,18.7,39,1,4.5,3.2,1,5.996
2021/4/12 14:00,19.2,44,1,6.7,2.81,1,4.44
2021/4/12 15:00,17.9,46,1,6.1,2.19,0.9,2.316
2021/4/12 16:00,18,45,1,5.9,1.3,0.7,0.717
2021/4/12 17:00,16.7,50,1,6.2,0.69,0.5,0.244
2021/4/12 18:00,16.2,48,1,5.2,0.13,0,0
2021/4/12 19:00,15.2,53,0,5.7,0,0,0
2021/4/12 20:00,14.7,56,0,6,0,0,0
2021/4/12 21:00,14.5,55,0,5.6,0,0,0
2021/4/12 22:00,14.3,59,0,6.4,0,0,0
2021/4/12 23:00,12.9,65,0,6.5,0,0,0
2021/4/13 0:00,12.2,71,0,7.1,0,0,0
2021/4/13 1:00,12.8,71,0,7.7,0,0,0
2021/4/13 2:00,13.5,74,0,9,0,0,0
2021/4/13 3:00,12.7,83,0,9.9,0,0,0
2021/4/13 4:00,13,79,0,9.5,0,0,0
2021/4/13 5:00,13.2,79,0,9.7,0,0,0.0001
2021/4/13 6:00,13.5,79,1,10,0.03,0,0.0587
2021/4/13 7:00,14.7,76,1,10.5,0.17,0,0.392
2021/4/13 8:00,14.9,77,1,10.9,0.17,0,1.02
2021/4/13 9:00,15.3,72,1,10.3,0.34,0,2.125
2021/4/13 10:00,17.6,68,1,11.6,1.14,0.1,5.826
2021/4/13 11:00,16.8,74,1,12.2,1.25,0.2,6.989
2021/4/13 12:00,18.4,64,1,11.5,1.95,0.4,3.388
2021/4/13 13:00,17.9,67,1,11.7,0.75,0,3.029
2021/4/13 14:00,17.1,72,1,12,0.76,0,1.231
2021/4/13 15:00,17.7,73,1,12.8,0.66,0,0.641
2021/4/13 16:00,16.1,89,1,14.3,0.29,0,0.488
2021/4/13 17:00,16.5,87,1,14.3,0.15,0,0.715
2021/4/13 18:00,16,95,1,15.2,0.04,0,0
2021/4/13 19:00,16.2,88,0,14.2,0,0,0
2021/4/13 20:00,16.7,83,0,13.8,0,0,0
2021/4/13 21:00,16.7,81,0,13.4,0,0,0
2021/4/13 22:00,17,83,0,14.1,0,0,0
2021/4/13 23:00,16.6,93,0,15.5,0,0,0
2021/4/14 0:00,17,91,0,15.5,0,0,0
2021/4/14 1:00,16.9,89,0,15.1,0,0,0
2021/4/14 2:00,16.8,93,0,15.7,0,0,0
2021/4/14 3:00,17.3,92,0,16,0,0,0
2021/4/14 4:00,17.5,93,0,16.4,0,0,0
2021/4/14 5:00,18.2,91,0,16.7,0,0,0.18
2021/4/14 6:00,17.6,98,1,17.3,0.03,0,0.238
2021/4/14 7:00,17.9,99,1,17.7,0.07,0,0.733
2021/4/14 8:00,16.2,100,1,16.2,0.16,0,1.209
2021/4/14 9:00,16.3,100,1,16.3,0.29,0,1.272
2021/4/14 10:00,19.1,99,1,18.9,0.55,0,2.643
2021/4/14 11:00,18.3,98,1,18,0.68,0,0.442
2021/4/14 12:00,18.5,100,1,18.5,0.5,0,0.861
2021/4/14 13:00,17.4,99,1,17.3,0.56,0,0.99
2021/4/14 14:00,17,98,1,16.7,0.69,0,0.868
2021/4/14 15:00,17.7,95,1,16.9,0.55,0,0.517
2021/4/14 16:00,16.6,95,1,15.8,0.31,0,0.29
2021/4/14 17:00,14.9,96,1,14.3,0.11,0,0.913
2021/4/14 18:00,13.1,95,1,12.3,0.02,0,0
2021/4/14 19:00,12.1,97,0,11.6,0,0,0
2021/4/14 20:00,11.6,97,0,11.1,0,0,0
2021/4/14 21:00,10.7,96,0,10.1,0,0,0
2021/4/14 22:00,9.6,92,0,8.4,0,0,0
2021/4/14 23:00,8.2,92,0,7,0,0,0
2021/4/15 0:00,7.7,89,0,6,0,0,0
2021/4/15 1:00,7.8,83,0,5.1,0,0,0
2021/4/15 2:00,7.9,80,0,4.7,0,0,0
2021/4/15 3:00,7.6,70,0,2.5,0,0,0
2021/4/15 4:00,7,69,0,1.7,0,0,0
2021/4/15 5:00,6.6,64,0,0.3,0,0,0.0001
2021/4/15 6:00,6.5,59,1,-0.9,0.11,0.2,0
2021/4/15 7:00,7.7,52,1,-1.5,0.82,1,6.912
2021/4/15 8:00,8.9,44,1,-2.7,1.62,1,8.055
2021/4/15 9:00,10.4,40,1,-2.6,2.35,1,8.737
2021/4/15 10:00,11.4,32,1,-4.7,3.01,1,8.845
2021/4/15 11:00,12.5,36,1,-2.1,3.21,1,8.527
2021/4/15 12:00,14,33,1,-2,3.46,1,7.671
2021/4/15 13:00,14.5,35,1,-0.8,3.27,1,6.323
2021/4/15 14:00,14.6,32,1,-1.9,2.92,1,4.685
2021/4/15 15:00,15.1,32,1,-1.5,2.46,1,2.342
2021/4/15 16:00,14.4,38,1,0.3,1.36,0.7,1.147
2021/4/15 17:00,13,45,1,1.4,0.7,0.2,0.384
2021/4/15 18:00,12.1,51,1,2.3,0.21,0,0
2021/4/15 19:00,11.3,53,0,2.1,0,0,0
2021/4/15 20:00,11.2,54,0,2.3,0,0,0
2021/4/15 21:00,11,59,0,3.3,0,0,0
2021/4/15 22:00,10.7,64,0,4.2,0,0,0
2021/4/15 23:00,10.9,65,0,4.6,0,0,0
2021/4/16 0:00,9.8,72,0,5,0,0,0
2021/4/16 1:00,9.6,74,0,5.2,0,0,0
2021/4/16 2:00,9.3,72,0,4.5,0,0,0
2021/4/16 3:00,9,73,0,4.4,0,0,0
2021/4/16 4:00,8.8,72,0,4,0,0,0
2021/4/16 5:00,8.2,77,0,4.4,0,0,0.382
2021/4/16 6:00,9.4,72,1,4.6,0.08,0,1.215
2021/4/16 7:00,10.4,69,1,5,0.33,0,4.474
2021/4/16 8:00,11.7,65,1,5.4,0.67,0,2.493
2021/4/16 9:00,13.5,61,1,6.1,0.97,0,5.214
2021/4/16 10:00,14.5,55,1,5.6,1.55,0,6.33
2021/4/16 11:00,17.2,49,1,6.4,2.89,0.7,1.917
2021/4/16 12:00,16.7,49,1,6,2.36,0.5,0.0003
2021/4/16 13:00,18,46,1,6.2,1.43,0,4.504
2021/4/16 14:00,17.2,45,1,5.2,1.36,0,3.046
2021/4/16 15:00,17.3,55,1,8.2,1.39,0.2,1.985
2021/4/16 16:00,16.6,65,1,10,1.12,0.3,0.665
2021/4/16 17:00,15.7,67,1,9.6,0.15,0,0.877
2021/4/16 18:00,15.3,68,1,9.4,0.03,0,0
2021/4/16 19:00,15.4,65,0,8.9,0,0,0
2021/4/16 20:00,15.3,66,0,9,0,0,0
2021/4/16 21:00,15.4,64,0,8.6,0,0,0
2021/4/16 22:00,14.7,70,0,9.3,0,0,0
2021/4/16 23:00,14.6,71,0,9.4,0,0,0
2021/4/17 0:00,14.4,73,0,9.6,0,0,0
2021/4/17 1:00,14.2,75,0,9.9,0,0,0
2021/4/17 2:00,14.3,76,0,10.1,0,0,0
2021/4/17 3:00,14.3,77,0,10.3,0,0,0
2021/4/17 4:00,14.6,74,0,10,0,0,0
2021/4/17 5:00,15.1,71,0,9.9,0,0,0.174
2021/4/17 6:00,14.9,72,1,9.9,0.03,0,0.36
2021/4/17 7:00,15.8,68,1,9.9,0.14,0,0.577
2021/4/17 8:00,15.5,74,1,10.9,0.21,0,1.334
2021/4/17 9:00,16.2,69,1,10.5,0.27,0,1.156
2021/4/17 10:00,16.5,71,1,11.2,0.36,0,1
2021/4/17 11:00,16.8,73,1,11.9,0.36,0,1.693
2021/4/17 12:00,17.7,63,1,10.6,0.58,0,2.175
2021/4/17 13:00,17.8,62,1,10.4,0.61,0,2.16
2021/4/17 14:00,18.4,64,1,11.5,0.87,0,1.187
2021/4/17 15:00,17.4,70,1,11.9,0.62,0,0.363
2021/4/17 16:00,16.1,80,1,12.7,0.26,0,0.536
2021/4/17 17:00,15.7,89,1,13.9,0.31,0,0.18
2021/4/17 18:00,14.9,94,1,14,0.04,0,0
2021/4/17 19:00,14.8,96,0,14.2,0,0,0
2021/4/17 20:00,14.7,97,0,14.2,0,0,0
2021/4/17 21:00,14.7,98,0,14.4,0,0,0
2021/4/17 22:00,15,98,0,14.7,0,0,0
2021/4/17 23:00,15.6,99,0,15.5,0,0,0
2021/4/18 0:00,16.4,99,0,16.3,0,0,0
2021/4/18 1:00,14.5,100,0,14.5,0,0,0
2021/4/18 2:00,14.1,100,0,14.1,0,0,0
2021/4/18 3:00,13.6,99,0,13.5,0,0,0
2021/4/18 4:00,13.7,100,0,13.7,0,0,0
2021/4/18 5:00,12.5,100,0,12.5,0,0,0.441
2021/4/18 6:00,13.5,99,1,13.4,0.14,0.3,3.313
2021/4/18 7:00,14.6,84,1,11.9,0.79,1,5.868
2021/4/18 8:00,17.2,64,1,10.4,1.54,1,7.566
2021/4/18 9:00,19,53,1,9.2,2.29,1,7.488
2021/4/18 10:00,20.4,26,1,0.3,2.87,1,8.848
2021/4/18 11:00,20.7,25,1,0,3.33,1,8.659
2021/4/18 12:00,21.6,24,1,0.2,3.5,1,8.052
2021/4/18 13:00,21.4,19,1,-3.1,3.45,1,6.645
2021/4/18 14:00,21,22,1,-1.5,3.12,1,4.675
2021/4/18 15:00,20.5,21,1,-2.5,2.61,1,2.488
2021/4/18 16:00,19.7,17,1,-6,1.93,1,0.623
2021/4/18 17:00,18.2,21,1,-4.5,1.11,1,0.237
2021/4/18 18:00,17,22,1,-4.8,0.38,0.9,0
2021/4/18 19:00,15.3,32,0,-1.3,0.01,0,0
2021/4/18 20:00,14,36,0,-0.8,0,0,0
2021/4/18 21:00,12.6,45,0,1,0,0,0
2021/4/18 22:00,12.8,39,0,-0.8,0,0,0
2021/4/18 23:00,12.9,40,0,-0.3,0,0,0
2021/4/19 0:00,13.2,38,0,-0.8,0,0,0
2021/4/19 1:00,12.9,38,0,-1.1,0,0,0
2021/4/19 2:00,13.2,35,0,-1.9,0,0,0
2021/4/19 3:00,12.9,34,0,-2.6,0,0,0
2021/4/19 4:00,11.7,39,0,-1.8,0,0,0
2021/4/19 5:00,11.7,40,0,-1.4,0,0,0.581
2021/4/19 6:00,11.6,42,1,-0.9,0.15,0.3,3.234
2021/4/19 7:00,13.1,38,1,-0.9,0.79,1,5.934
2021/4/19 8:00,15.2,35,1,-0.1,1.58,1,7.561
2021/4/19 9:00,17.3,31,1,0,2.3,1,8.431
2021/4/19 10:00,17.9,29,1,-0.4,2.85,1,8.57
2021/4/19 11:00,19.3,30,1,1.3,3.24,1,4.158
2021/4/19 12:00,20.4,28,1,1.3,3.44,1,7.239
2021/4/19 13:00,20.3,28,1,1.2,3.35,1,6.234
2021/4/19 14:00,19.6,23,1,-2.1,3.03,1,4.455
2021/4/19 15:00,20.2,24,1,-1,2.49,1,2.307
2021/4/19 16:00,19.6,28,1,0.6,1.78,1,0.688
2021/4/19 17:00,18.8,30,1,0.9,0.99,1,0.251
2021/4/19 18:00,17.4,38,1,3,0.31,0.8,0
2021/4/19 19:00,16.2,44,0,4,0.01,0,0
2021/4/19 20:00,15.4,56,0,6.7,0,0,0
2021/4/19 21:00,14.4,66,0,8.1,0,0,0
2021/4/19 22:00,13.9,71,0,8.7,0,0,0
2021/4/19 23:00,13,77,0,9.1,0,0,0
2021/4/20 0:00,12.9,76,0,8.8,0,0,0
2021/4/20 1:00,12.5,76,0,8.4,0,0,0
2021/4/20 2:00,12.6,75,0,8.3,0,0,0
2021/4/20 3:00,11.4,61,0,4.2,0,0,0
2021/4/20 4:00,10.9,57,0,2.7,0,0,0
2021/4/20 5:00,11.4,52,0,1.9,0,0,0.104
2021/4/20 6:00,12.4,47,1,1.4,0.16,0.4,3.57
2021/4/20 7:00,13.8,50,1,3.6,0.77,1,5.38
2021/4/20 8:00,16.2,40,1,2.6,1.48,1,6.91
2021/4/20 9:00,18.8,40,1,4.9,2.19,1,7.997
2021/4/20 10:00,19.8,40,1,5.8,2.76,1,8.265
2021/4/20 11:00,22,39,1,7.4,3.16,1,8.126
2021/4/20 12:00,22.9,35,1,6.7,3.32,1,7.572
2021/4/20 13:00,23.6,37,1,8.1,3.26,1,6.287
2021/4/20 14:00,24,32,1,6.3,2.92,1,0
2021/4/20 15:00,24.1,34,1,7.3,2.42,1,1.924
2021/4/20 16:00,23.2,28,1,3.7,1.76,1,0.684
2021/4/20 17:00,21.1,42,1,7.7,1.01,1,0.252
2021/4/20 18:00,19.4,52,1,9.3,0.32,0.7,0.122
2021/4/20 19:00,17.9,58,0,9.5,0.01,0,0
2021/4/20 20:00,16.4,58,0,8.1,0,0,0
2021/4/20 21:00,15.6,65,0,9.1,0,0,0
2021/4/20 22:00,14.5,70,0,9.1,0,0,0
2021/4/20 23:00,14.5,74,0,9.9,0,0,0
2021/4/21 0:00,14.2,76,0,10.1,0,0,0
2021/4/21 1:00,16.7,52,0,6.8,0,0,0
2021/4/21 2:00,15,57,0,6.6,0,0,0
2021/4/21 3:00,15.5,45,0,3.6,0,0,0
2021/4/21 4:00,14.9,47,0,3.7,0,0,0
2021/4/21 5:00,15.6,39,0,1.7,0,0,0.665
2021/4/21 6:00,16.6,29,1,-1.5,0.19,0.4,3.87
2021/4/21 7:00,18.3,29,1,0,0.89,1,4.253
2021/4/21 8:00,18.9,28,1,0,1.64,1,2.099
2021/4/21 9:00,20.1,41,1,6.5,2.32,1,8.08
2021/4/21 10:00,20.8,32,1,3.5,2.9,1,8.219
2021/4/21 11:00,23.1,29,1,4.1,3.28,1,7.985
2021/4/21 12:00,23.5,24,1,1.8,3.41,1,7.287
2021/4/21 13:00,24.1,30,1,5.5,3.35,1,6.184
2021/4/21 14:00,23.4,35,1,7.1,3,1,4.396
2021/4/21 15:00,22.7,40,1,8.4,2.48,1,2.255
2021/4/21 16:00,23.3,32,1,5.7,1.79,1,0.393
2021/4/21 17:00,21.3,42,1,7.9,1.05,1,0.24
2021/4/21 18:00,19.9,44,1,7.3,0.35,0.9,0.0805
2021/4/21 19:00,18.2,51,0,7.9,0.01,0,0
2021/4/21 20:00,17.9,33,0,1.4,0,0,0
2021/4/21 21:00,18.3,19,0,-5.7,0,0,0
2021/4/21 22:00,17.2,19,0,-6.6,0,0,0
2021/4/21 23:00,16.8,18,0,-7.6,0,0,0
2021/4/22 0:00,16.2,20,0,-6.8,0,0,0
2021/4/22 1:00,15.9,21,0,-6.4,0,0,0
2021/4/22 2:00,15.1,23,0,-5.9,0,0,0
2021/4/22 3:00,14.3,25,0,-5.4,0,0,0
2021/4/22 4:00,13.4,28,0,-4.7,0,0,0
2021/4/22 5:00,13.1,31,0,-3.6,0,0,0.808
2021/4/22 6:00,13.8,32,1,-2.6,0.2,0.4,3.969
2021/4/22 7:00,16,31,1,-1.1,0.91,1,6.129
2021/4/22 8:00,18.9,27,1,-0.5,1.7,1,7.607
2021/4/22 9:00,21.1,24,1,-0.2,2.43,1,8.229
2021/4/22 10:00,23.5,15,1,-4.6,3,1,8.138
2021/4/22 11:00,24.7,15,1,-3.6,3.38,1,8.203
2021/4/22 12:00,26,14,1,-3.5,3.53,1,6.019
2021/4/22 13:00,25.1,13,1,-5.2,2.23,0.6,4.736
2021/4/22 14:00,25.5,11,1,-7.1,1.95,0.4,3.148
2021/4/22 15:00,24.5,12,1,-6.7,1.46,0.2,2.1
2021/4/22 16:00,24,14,1,-5.1,0.91,0,0.948
2021/4/22 17:00,23.1,13,1,-6.8,0.59,0.1,0.14
2021/4/22 18:00,21.7,15,1,-6,0.33,0.9,0.122
2021/4/22 19:00,14.5,67,0,8.5,0.03,0.1,0
2021/4/22 20:00,13.1,69,0,7.6,0,0,0
2021/4/22 21:00,12.4,67,0,6.5,0,0,0
2021/4/22 22:00,12.1,67,0,6.2,0,0,0
2021/4/22 23:00,11.5,67,0,5.6,0,0,0
2021/4/23 0:00,11.5,68,0,5.8,0,0,0
2021/4/23 1:00,11.1,68,0,5.4,0,0,0
2021/4/23 2:00,10.3,71,0,5.3,0,0,0
2021/4/23 3:00,9.7,71,0,4.7,0,0,0
2021/4/23 4:00,9.3,67,0,3.5,0,0,0
2021/4/23 5:00,9.3,63,1,2.6,0,0,0.879
2021/4/23 6:00,9.8,59,1,2.2,0.21,0.5,3.987
2021/4/23 7:00,10.6,53,1,1.4,0.9,1,6.349
2021/4/23 8:00,12.2,52,1,2.6,1.68,1,7.748
2021/4/23 9:00,13.6,53,1,4.2,2.4,1,8.259
2021/4/23 10:00,15.1,45,1,3.3,2.99,1,8.521
2021/4/23 11:00,16.2,36,1,1.1,3.36,1,8.298
2021/4/23 12:00,18.2,34,1,2.1,3.53,1,7.662
2021/4/23 13:00,18.6,28,1,-0.2,3.46,1,6.412
2021/4/23 14:00,18.6,29,1,0.2,3.09,1,4.587
2021/4/23 15:00,19.3,31,1,1.8,2.56,1,2.378
2021/4/23 16:00,18.7,29,1,0.3,1.91,1,0.598
2021/4/23 17:00,16.7,41,1,3.4,1.14,1,0.0714
2021/4/23 18:00,15.4,51,1,5.3,0.39,0.9,0
2021/4/23 19:00,14.3,52,0,4.6,0.01,0,0
2021/4/23 20:00,13.7,62,0,6.6,0,0,0
2021/4/23 21:00,13.3,63,0,6.4,0,0,0
2021/4/23 22:00,13,62,0,5.9,0,0,0
2021/4/23 23:00,12.1,62,0,5.1,0,0,0
2021/4/24 0:00,11.9,63,0,5.1,0,0,0
2021/4/24 1:00,11.7,65,0,5.4,0,0,0
2021/4/24 2:00,11.2,70,0,6,0,0,0
2021/4/24 3:00,10.7,71,0,5.7,0,0,0
2021/4/24 4:00,9.9,73,0,5.3,0,0,0
2021/4/24 5:00,9.1,77,1,5.3,0,0,0.766
2021/4/24 6:00,10.8,69,1,5.4,0.19,0.5,3.708
2021/4/24 7:00,13.4,63,1,6.5,0.87,1,5.98
2021/4/24 8:00,15.3,55,1,6.3,1.63,1,7.431
2021/4/24 9:00,16,51,1,5.9,2.36,1,7.138
2021/4/24 10:00,15.7,47,1,4.4,2.39,0.8,7.941
2021/4/24 11:00,17.8,43,1,5.1,3.1,0.9,7.364
2021/4/24 12:00,19.8,39,1,5.5,3.36,1,6.846
2021/4/24 13:00,20,39,1,5.7,3.06,1,5.65
2021/4/24 14:00,20.2,36,1,4.7,2.62,1,4.184
2021/4/24 15:00,19.7,38,1,5,1.91,0.8,2.099
2021/4/24 16:00,19.5,43,1,6.6,1.34,0.8,1.301
2021/4/24 17:00,18.6,50,1,8,1.02,0.8,0.0903
2021/4/24 18:00,17.2,55,1,8.1,0.32,0.4,0
2021/4/24 19:00,16.3,57,0,7.8,0.02,0,0
2021/4/24 20:00,15.4,60,0,7.7,0,0,0
2021/4/24 21:00,15.5,59,0,7.5,0,0,0
2021/4/24 22:00,14.6,63,0,7.7,0,0,0
2021/4/24 23:00,14.5,72,0,9.5,0,0,0
2021/4/25 0:00,14.6,73,0,9.8,0,0,0
2021/4/25 1:00,14.5,72,0,9.5,0,0,0
2021/4/25 2:00,14.2,72,0,9.2,0,0,0
2021/4/25 3:00,13.7,74,0,9.2,0,0,0
2021/4/25 4:00,13.3,77,0,9.4,0,0,0
2021/4/25 5:00,13.4,74,1,8.9,0,0,0.932
2021/4/25 6:00,13.7,74,1,9.2,0.22,0.5,3.431
2021/4/25 7:00,15,67,1,8.9,0.7,0.6,2.088
2021/4/25 8:00,16.3,65,1,9.7,0.75,0,3.193
2021/4/25 9:00,17.6,57,1,9,1.21,0,5.45
2021/4/25 10:00,19.3,54,1,9.8,1.77,0.2,7.609
2021/4/25 11:00,20.4,56,1,11.3,2.9,1,8.177
2021/4/25 12:00,21.1,50,1,10.3,3.3,1,6.108
2021/4/25 13:00,22.3,45,1,9.8,2.96,1,4.886
2021/4/25 14:00,21.6,51,1,11,2.13,0.6,3.862
2021/4/25 15:00,20.5,56,1,11.4,1.7,0.4,1.495
2021/4/25 16:00,20,57,1,11.2,0.71,0,0.789
2021/4/25 17:00,19.4,63,1,12.2,0.54,0.2,0.404
2021/4/25 18:00,19.2,60,1,11.3,0.21,0.2,0.413
2021/4/25 19:00,18,56,0,9.1,0.01,0,0
2021/4/25 20:00,16.4,53,0,6.8,0,0,0
2021/4/25 21:00,15.3,63,0,8.3,0,0,0
2021/4/25 22:00,14.9,40,0,1.4,0,0,0
2021/4/25 23:00,13.7,34,0,-1.9,0,0,0
2021/4/26 0:00,12.3,30,0,-4.8,0,0,0
2021/4/26 1:00,11.3,39,0,-2.1,0,0,0
2021/4/26 2:00,10.5,37,0,-3.6,0,0,0
2021/4/26 3:00,10,34,0,-5.1,0,0,0
2021/4/26 4:00,9.6,34,0,-5.5,0,0,0
2021/4/26 5:00,9.4,36,1,-4.9,0,0,2.198
2021/4/26 6:00,9.3,37,1,-4.6,0.24,0.5,4.291
2021/4/26 7:00,11,36,1,-3.5,0.97,1,6.494
2021/4/26 8:00,12.7,34,1,-2.7,1.72,1,4.495
2021/4/26 9:00,13.6,32,1,-2.8,2.42,1,8.363
2021/4/26 10:00,14.8,33,1,-1.3,3.02,1,8.733
2021/4/26 11:00,14.9,27,1,-3.9,3.38,1,7.808
2021/4/26 12:00,16.6,23,1,-4.6,3.53,1,7.32
2021/4/26 13:00,17,16,1,-9,3.51,1,6.437
2021/4/26 14:00,18,18,1,-6.7,3.19,1,4.704
2021/4/26 15:00,18.7,20,1,-4.7,2.66,1,2.871
2021/4/26 16:00,18.3,18,1,-6.4,1.97,1,0.565
2021/4/26 17:00,16.8,24,1,-3.9,1.19,1,0.261
2021/4/26 18:00,15,38,1,0.8,0.44,1,0.165
2021/4/26 19:00,13.6,42,0,0.9,0.02,0.1,0
2021/4/26 20:00,13.1,47,0,2.1,0,0,0
2021/4/26 21:00,12.5,52,0,2.9,0,0,0
2021/4/26 22:00,12.5,50,0,2.4,0,0,0
2021/4/26 23:00,11.4,58,0,3.4,0,0,0
2021/4/27 0:00,11.6,57,0,3.4,0,0,0
2021/4/27 1:00,10.3,42,0,-2,0,0,0
2021/4/27 2:00,10,43,0,-2,0,0,0
2021/4/27 3:00,10.1,43,0,-1.9,0,0,0
2021/4/27 4:00,8.7,54,0,-0.1,0,0,0
2021/4/27 5:00,8.7,57,1,0.7,0,0,1.118
2021/4/27 6:00,10.3,51,1,0.6,0.23,0.5,3.625
2021/4/27 7:00,11.4,47,1,0.5,0.91,1,6.072
2021/4/27 8:00,12.8,45,1,1.2,1.68,1,7.632
2021/4/27 9:00,14.3,46,1,2.9,2.37,1,8.38
2021/4/27 10:00,15.6,46,1,4,2.92,1,7.476
2021/4/27 11:00,16.9,50,1,6.4,3.28,1,8.067
2021/4/27 12:00,16.6,49,1,5.9,3.29,1,7.359
2021/4/27 13:00,18.7,51,1,8.4,3.32,0.9,4.796
2021/4/27 14:00,18,52,1,8,2.41,0.7,4.145
2021/4/27 15:00,18.2,53,1,8.5,1.66,0.5,2.76
2021/4/27 16:00,18.1,57,1,9.5,1.16,0.4,1.398
2021/4/27 17:00,18.2,60,1,10.3,0.89,0.5,0.467
2021/4/27 18:00,17.4,60,1,9.6,0.37,0.6,0.161
2021/4/27 19:00,17,56,0,8.2,0.05,0,0
2021/4/27 20:00,16.6,59,0,8.6,0,0,0
2021/4/27 21:00,16.2,64,0,9.4,0,0,0
2021/4/27 22:00,15.7,68,0,9.8,0,0,0
2021/4/27 23:00,15.7,69,0,10.1,0,0,0
2021/4/28 0:00,15,70,0,9.6,0,0,0
2021/4/28 1:00,14.9,65,0,8.4,0,0,0
2021/4/28 2:00,13.9,69,0,8.3,0,0,0
2021/4/28 3:00,12.9,81,0,9.7,0,0,0
2021/4/28 4:00,11.3,88,0,9.4,0,0,0
2021/4/28 5:00,11,91,1,9.6,0,0,1.219
2021/4/28 6:00,12.7,87,1,10.6,0.25,0.5,3.27
2021/4/28 7:00,15.8,68,1,9.9,0.85,0.9,5.302
2021/4/28 8:00,17.3,58,1,9,1.58,1,6.7
2021/4/28 9:00,19.6,48,1,8.3,2.23,1,7.638
2021/4/28 10:00,21.6,49,1,10.5,2.79,1,6.763
2021/4/28 11:00,21.4,50,1,10.6,1.91,0.4,3.799
2021/4/28 12:00,21.5,55,1,12.1,1.47,0,4.038
2021/4/28 13:00,22,56,1,12.8,1.82,0.2,4.49
2021/4/28 14:00,23,51,1,12.3,2.56,0.7,4.377
2021/4/28 15:00,22.7,52,1,12.4,2.38,1,2.255
2021/4/28 16:00,22.3,52,1,12,1.38,0.7,0.795
2021/4/28 17:00,20.7,58,1,12.2,0.89,0.6,0.399
2021/4/28 18:00,19.8,60,1,11.8,0.27,0,0.179
2021/4/28 19:00,19.3,57,0,10.6,0.02,0,0
2021/4/28 20:00,18.9,57,0,10.2,0,0,0
2021/4/28 21:00,18.7,60,0,10.8,0,0,0
2021/4/28 22:00,18.7,60,0,10.8,0,0,0
2021/4/28 23:00,18.9,62,0,11.5,0,0,0
2021/4/29 0:00,17.9,70,0,12.4,0,0,0
2021/4/29 1:00,18.1,67,0,11.9,0,0,0
2021/4/29 2:00,17.9,71,0,12.6,0,0,0
2021/4/29 3:00,16.8,80,0,13.3,0,0,0
2021/4/29 4:00,17.1,79,0,13.4,0,0,0
2021/4/29 5:00,16.3,88,1,14.3,0,0,0.133
2021/4/29 6:00,17.2,88,1,15.2,0.03,0,0.284
2021/4/29 7:00,17,87,1,14.8,0.16,0,0.707
2021/4/29 8:00,17.2,89,1,15.4,0.47,0,1.272
2021/4/29 9:00,17.2,94,1,16.2,0.59,0,1.467
2021/4/29 10:00,16.9,95,1,16.1,0.77,0,1.902
2021/4/29 11:00,16.9,97,1,16.4,0.52,0,1.507
2021/4/29 12:00,18.1,96,1,17.5,0.8,0,1.551
2021/4/29 13:00,17.9,92,1,16.6,0.79,0,0.406
2021/4/29 14:00,18.3,90,1,16.6,0.87,0,0.902
2021/4/29 15:00,17.7,96,1,17.1,0.41,0,0.726
2021/4/29 16:00,17.1,95,1,16.3,0.44,0,0.335
2021/4/29 17:00,16.8,96,1,16.2,0.18,0,0.23
2021/4/29 18:00,16.5,98,1,16.2,0.07,0,0.929
2021/4/29 19:00,16.3,97,0,15.8,0,0,0
2021/4/29 20:00,16.3,94,0,15.3,0,0,0
2021/4/29 21:00,16.3,97,0,15.8,0,0,0
2021/4/29 22:00,16.6,99,0,16.5,0,0,0
2021/4/29 23:00,17.6,100,0,17.6,0,0,0
2021/4/30 0:00,18.3,98,0,18,0,0,0
2021/4/30 1:00,15.5,99,0,15.4,0,0,0
2021/4/30 2:00,15.4,99,0,15.3,0,0,0
2021/4/30 3:00,14.7,100,0,14.7,0,0,0
2021/4/30 4:00,14.2,99,0,14.1,0,0,0
2021/4/30 5:00,13.2,100,1,13.2,0,0,0.294
2021/4/30 6:00,13.4,100,1,13.4,0.22,0.4,4.08
2021/4/30 7:00,15.9,97,1,15.4,0.98,1,6.138
2021/4/30 8:00,18.8,67,1,12.6,1.73,1,7.375
2021/4/30 9:00,20.1,48,1,8.8,2.43,1,8.17
2021/4/30 10:00,21.3,44,1,8.6,2.96,1,7.183
2021/4/30 11:00,22.2,51,1,11.6,3.28,1,7.898
2021/4/30 12:00,22.8,52,1,12.4,3.42,1,7.295
2021/4/30 13:00,22.9,47,1,11,3.33,1,6.142
2021/4/30 14:00,23.2,46,1,11,3.01,1,4.451
2021/4/30 15:00,23.7,48,1,12.1,2.48,1,1.708
2021/4/30 16:00,23.7,43,1,10.4,1.8,1,0.791
2021/4/30 17:00,22.4,43,1,9.2,1.08,1,0.321
2021/4/30 18:00,21.2,41,1,7.4,0.27,0.5,0.107
2021/4/30 19:00,20.2,41,0,6.6,0.02,0,0
2021/4/30 20:00,19.5,49,0,8.5,0,0,0
2021/4/30 21:00,18.6,45,0,6.5,0,0,0
2021/4/30 22:00,17.6,48,0,6.5,0,0,0
2021/4/30 23:00,16.4,52,0,6.5,0,0,0
2021/5/1 0:00,14.9,75,0,10.5,0,0,0
2021/5/1 1:00,15.5,74,0,10.9,0,0,0
2021/5/1 2:00,14,84,0,11.4,0,0,0
2021/5/1 3:00,14.6,70,0,9.2,0,0,0
2021/5/1 4:00,13.2,86,0,10.9,0,0,0
2021/5/1 5:00,13.1,90,1,11.5,0,0,0.595
2021/5/1 6:00,15,82,1,12,0.22,0.3,3.96
2021/5/1 7:00,17.1,71,1,11.8,0.96,1,5.997
2021/5/1 8:00,18.6,68,1,12.6,1.7,1,6.981
2021/5/1 9:00,19.4,62,1,11.9,2.2,0.9,7.366
2021/5/1 10:00,21.2,57,1,12.4,2.76,0.9,7.592
2021/5/1 11:00,23,50,1,12,2.68,0.8,6.174
2021/5/1 12:00,21.8,52,1,11.5,2.17,0.4,4.444
2021/5/1 13:00,22.8,46,1,10.6,2.19,0.5,4.241
2021/5/1 14:00,23.5,46,1,11.2,2.82,0.9,4
2021/5/1 15:00,21,52,1,10.8,2.24,0.8,1.461
2021/5/1 16:00,17.7,89,1,15.9,0.29,0,0.943
2021/5/1 17:00,17.6,82,1,14.5,0.58,0.1,0.536
2021/5/1 18:00,19,72,1,13.9,0.37,0.3,0.217
2021/5/1 19:00,18.5,79,0,14.8,0.01,0,0
2021/5/1 20:00,16.4,88,0,14.4,0,0,0
2021/5/1 21:00,15.3,89,0,13.5,0,0,0
2021/5/1 22:00,15.3,88,0,13.3,0,0,0
2021/5/1 23:00,15.4,92,0,14.1,0,0,0
2021/5/2 0:00,15.1,92,0,13.8,0,0,0
2021/5/2 1:00,16,87,0,13.9,0,0,0
2021/5/2 2:00,16.2,90,0,14.6,0,0,0
2021/5/2 3:00,16.1,91,0,14.6,0,0,0
2021/5/2 4:00,15,93,0,13.9,0,0,0
2021/5/2 5:00,13.6,97,1,13.1,0,0,0.892
2021/5/2 6:00,13.9,91,1,12.5,0.17,0.2,4.017
2021/5/2 7:00,15.5,81,1,12.3,0.92,0.9,6.128
2021/5/2 8:00,17.7,70,1,12.2,1.73,1,7.151
2021/5/2 9:00,20.1,59,1,11.9,2.37,1,8.692
2021/5/2 10:00,20.6,50,1,9.8,3.07,1,8.426
2021/5/2 11:00,20.8,43,1,7.8,2.42,0.6,8.741
2021/5/2 12:00,21.9,39,1,7.3,3.55,1,7.782
2021/5/2 13:00,18.7,59,1,10.5,3.26,0.9,2.698
2021/5/2 14:00,17.6,61,1,10,0.95,0.3,2.502
2021/5/2 15:00,16.8,72,1,11.7,0.81,0.1,0.824
2021/5/2 16:00,16.2,97,1,15.7,0.6,0.1,0.96
2021/5/2 17:00,14.9,87,1,12.8,0.48,0.1,0.473
2021/5/2 18:00,17,48,1,5.9,0.39,0.6,0
2021/5/2 19:00,16,45,0,4.1,0.02,0,0
2021/5/2 20:00,14.2,45,0,2.5,0,0,0
2021/5/2 21:00,13.8,45,0,2.1,0,0,0
2021/5/2 22:00,13.5,44,0,1.5,0,0,0
2021/5/2 23:00,13.2,44,0,1.2,0,0,0
2021/5/3 0:00,12.5,46,0,1.2,0,0,0
2021/5/3 1:00,12.5,44,0,0.6,0,0,0
2021/5/3 2:00,12,44,0,0.2,0,0,0
2021/5/3 3:00,12.2,41,0,-0.6,0,0,0
2021/5/3 4:00,12,44,0,0.2,0,0,0
2021/5/3 5:00,12.2,44,1,0.3,0.01,0,0.996
2021/5/3 6:00,11.9,50,1,1.8,0.21,0,2.729
2021/5/3 7:00,13,48,1,2.3,0.87,0.8,6.299
2021/5/3 8:00,16.3,39,1,2.3,1.77,1,7.2
2021/5/3 9:00,18.1,37,1,3.2,2.26,1,6.627
2021/5/3 10:00,19.2,25,1,-1.3,2.57,1,8.549
2021/5/3 11:00,20.5,24,1,-0.7,3.36,1,8.464
2021/5/3 12:00,20.4,35,1,4.5,3.22,0.9,7.294
2021/5/3 13:00,21.8,35,1,5.7,3.28,0.8,3.216
2021/5/3 14:00,19.6,43,1,6.7,1.95,0.5,4.622
2021/5/3 15:00,20.5,45,1,8.2,1.22,0.3,2.278
2021/5/3 16:00,19.7,47,1,8.1,1.71,0.9,0.401
2021/5/3 17:00,18.7,51,1,8.4,0.97,0.7,0.249
2021/5/3 18:00,17.6,48,1,6.5,0.28,0.3,0.149
2021/5/3 19:00,16.2,52,0,6.4,0.02,0,0
2021/5/3 20:00,17.2,37,0,2.4,0,0,0
2021/5/3 21:00,16.4,39,0,2.4,0,0,0
2021/5/3 22:00,16.1,39,0,2.2,0,0,0
2021/5/3 23:00,15,46,0,3.5,0,0,0
2021/5/4 0:00,14.6,47,0,3.4,0,0,0
2021/5/4 1:00,12.6,66,0,6.4,0,0,0
2021/5/4 2:00,12.2,74,0,7.7,0,0,0
2021/5/4 3:00,11.9,73,0,7.2,0,0,0
2021/5/4 4:00,11.2,69,0,5.7,0,0,0
2021/5/4 5:00,11.1,76,1,7,0.01,0,1.12
2021/5/4 6:00,13.4,64,1,6.7,0.27,0.4,3.066
2021/5/4 7:00,16.3,52,1,6.4,0.91,1,5.584
2021/5/4 8:00,18.8,38,1,4.2,1.65,1,6.979
2021/5/4 9:00,20.2,31,1,2.6,2.35,1,6.88
2021/5/4 10:00,21.7,35,1,5.6,2.89,1,8.19
2021/5/4 11:00,21.8,31,1,3.9,3.22,1,7.68
2021/5/4 12:00,23,26,1,2.5,3.31,1,6.952
2021/5/4 13:00,23.6,30,1,5,3.05,1,5.115
2021/5/4 14:00,23.8,33,1,6.6,2.56,1,4.034
2021/5/4 15:00,23.5,24,1,1.8,2.34,1,2.458
2021/5/4 16:00,22.7,32,1,5.2,1.7,1,0.953
2021/5/4 17:00,20.9,45,1,8.5,0.99,1,0.349
2021/5/4 18:00,19.8,59,1,11.6,0.31,0,0.0631
2021/5/4 19:00,18.5,68,0,12.5,0.02,0,0
2021/5/4 20:00,18,65,0,11.3,0,0,0
2021/5/4 21:00,16.9,64,0,10.1,0,0,0
2021/5/4 22:00,16.6,69,0,10.9,0,0,0
2021/5/4 23:00,17.4,65,0,10.8,0,0,0
2021/5/5 0:00,16.3,70,0,10.8,0,0,0
2021/5/5 1:00,16.2,69,0,10.5,0,0,0
2021/5/5 2:00,15.9,74,0,11.3,0,0,0
2021/5/5 3:00,16.1,75,0,11.7,0,0,0
2021/5/5 4:00,14.8,80,0,11.4,0,0,0
2021/5/5 5:00,15.3,83,1,12.4,0.01,0,1.237
2021/5/5 6:00,18,70,1,12.5,0.29,0.3,2.023
2021/5/5 7:00,19.1,64,1,12.1,0.6,0,4.067
2021/5/5 8:00,21.2,59,1,12.9,1.36,0.6,5.36
2021/5/5 9:00,20.8,58,1,12.2,2.04,0.7,2.95
2021/5/5 10:00,20.7,56,1,11.6,1.22,0,2.441
2021/5/5 11:00,20.6,57,1,11.8,0.59,0,1.944
2021/5/5 12:00,20.5,59,1,12.2,0.63,0,1.388
2021/5/5 13:00,19.7,67,1,13.4,0.6,0,1.687
2021/5/5 14:00,20.3,64,1,13.3,0.6,0,1.596
2021/5/5 15:00,20.3,60,1,12.3,0.54,0,0.861
2021/5/5 16:00,20,65,1,13.2,0.3,0,0.561
2021/5/5 17:00,19.4,68,1,13.4,0.11,0,0
2021/5/5 18:00,17.5,90,1,15.9,0.03,0,0
2021/5/5 19:00,16.6,91,0,15.1,0,0,0
2021/5/5 20:00,16.2,92,0,14.9,0,0,0
2021/5/5 21:00,16.6,87,0,14.4,0,0,0
2021/5/5 22:00,17.4,82,0,14.3,0,0,0
2021/5/5 23:00,18.2,73,0,13.3,0,0,0
2021/5/6 0:00,18.1,74,0,13.4,0,0,0
2021/5/6 1:00,18.3,76,0,14,0,0,0
2021/5/6 2:00,17.4,84,0,14.7,0,0,0
2021/5/6 3:00,16.4,95,0,15.6,0,0,0
2021/5/6 4:00,16.1,99,0,16,0,0,0
2021/5/6 5:00,16.1,100,1,16.1,0,0,0.497
2021/5/6 6:00,15.7,99,1,15.6,0.08,0,0.711
2021/5/6 7:00,16.3,99,1,16.2,0.25,0,1.036
2021/5/6 8:00,16.7,96,1,16.1,0.39,0,1.255
2021/5/6 9:00,16.9,95,1,16.1,0.65,0,1.886
2021/5/6 10:00,17,89,1,15.2,0.61,0,5.349
2021/5/6 11:00,19.3,80,1,15.8,1.71,0.2,6.376
2021/5/6 12:00,21.2,63,1,13.9,2.62,0.4,6.027
2021/5/6 13:00,22.1,50,1,11.2,3.08,1,5.848
2021/5/6 14:00,24,51,1,13.3,3.09,1,4.301
2021/5/6 15:00,23.3,45,1,10.7,2.59,1,2.471
2021/5/6 16:00,22.7,43,1,9.5,1.81,1,0.818
2021/5/6 17:00,21.7,48,1,10.2,1.18,1,0.387
2021/5/6 18:00,20.2,63,1,12.9,0.52,1,0.169
2021/5/6 19:00,18.6,67,0,12.4,0.03,0.1,0
2021/5/6 20:00,18.2,67,0,12,0,0,0
2021/5/6 21:00,17.6,74,0,12.9,0,0,0
2021/5/6 22:00,16.9,77,0,12.9,0,0,0
2021/5/6 23:00,16.2,75,0,11.8,0,0,0
2021/5/7 0:00,16,73,0,11.2,0,0,0
2021/5/7 1:00,15.4,77,0,11.4,0,0,0
2021/5/7 2:00,15.9,85,0,13.4,0,0,0
2021/5/7 3:00,15.9,86,0,13.6,0,0,0
2021/5/7 4:00,15.5,85,0,13,0,0,0
2021/5/7 5:00,16.5,76,1,12.3,0,0,0.462
2021/5/7 6:00,16.7,80,1,13.2,0.16,0,1.441
2021/5/7 7:00,17.8,74,1,13.1,0.48,0,3.984
2021/5/7 8:00,19.1,67,1,12.8,1.38,0.7,2.557
2021/5/7 9:00,19.1,64,1,12.1,0.85,0,1.531
2021/5/7 10:00,19.5,70,1,13.9,0.61,0,2.329
2021/5/7 11:00,19.2,79,1,15.5,0.62,0,1.436
2021/5/7 12:00,19.7,74,1,15,0.42,0,2.013
2021/5/7 13:00,20.2,74,1,15.4,0.82,0,1.068
2021/5/7 14:00,19.9,82,1,16.7,0.5,0,1.045
2021/5/7 15:00,19.1,86,1,16.7,0.33,0,0.661
2021/5/7 16:00,18.5,88,1,16.5,0.26,0,0.375
2021/5/7 17:00,18.3,92,1,17,0.2,0,0.297
2021/5/7 18:00,17.7,96,1,17.1,0.07,0,0.949
2021/5/7 19:00,17.1,97,0,16.6,0,0,0
2021/5/7 20:00,16.1,90,0,14.5,0,0,0
2021/5/7 21:00,15.6,94,0,14.7,0,0,0
2021/5/7 22:00,15.5,96,0,14.9,0,0,0
2021/5/7 23:00,15.4,91,0,14,0,0,0
2021/5/8 0:00,15.6,91,0,14.1,0,0,0
2021/5/8 1:00,15,93,0,13.9,0,0,0
2021/5/8 2:00,14.5,96,0,13.9,0,0,0
2021/5/8 3:00,13.5,98,0,13.2,0,0,0
2021/5/8 4:00,13.3,99,0,13.2,0,0,0
2021/5/8 5:00,13.1,99,1,13,0.01,0,1.104
2021/5/8 6:00,14.5,99,1,14.4,0.28,0.5,3.548
2021/5/8 7:00,17.5,82,1,14.4,0.99,1,5.951
2021/5/8 8:00,19.4,67,1,13.1,1.73,1,6.822
2021/5/8 9:00,20.8,62,1,13.3,2.42,1,8.221
2021/5/8 10:00,22.1,59,1,13.7,2.83,1,8.13
2021/5/8 11:00,24.2,58,1,15.4,3.27,1,6.807
2021/5/8 12:00,23.6,52,1,13.2,3.32,1,5.04
2021/5/8 13:00,23.2,58,1,14.5,2.34,0.6,3.861
2021/5/8 14:00,22.4,60,1,14.3,1.69,0.1,2.302
2021/5/8 15:00,22.8,60,1,14.6,1.07,0,1.635
2021/5/8 16:00,22.6,57,1,13.7,0.75,0,0.76
2021/5/8 17:00,21.8,66,1,15.2,0.3,0,0.288
2021/5/8 18:00,20.9,67,1,14.6,0.08,0,0.931
2021/5/8 19:00,20.8,64,0,13.8,0,0,0
2021/5/8 20:00,20.4,67,0,14.1,0,0,0
2021/5/8 21:00,20.2,66,0,13.7,0,0,0
2021/5/8 22:00,20.5,60,0,12.5,0,0,0
2021/5/8 23:00,20.1,62,0,12.6,0,0,0
2021/5/9 0:00,20.4,62,0,12.9,0,0,0
2021/5/9 1:00,20.8,67,0,14.5,0,0,0
2021/5/9 2:00,20.6,70,0,15,0,0,0
2021/5/9 3:00,20.4,71,0,15,0,0,0
2021/5/9 4:00,20.3,69,0,14.4,0,0,0
2021/5/9 5:00,20.3,69,1,14.4,0,0,0.257
2021/5/9 6:00,19.8,72,1,14.6,0.1,0,0.945
2021/5/9 7:00,20.6,69,1,14.7,0.45,0,3.153
2021/5/9 8:00,22,69,1,16.1,1.02,0.2,6.47
2021/5/9 9:00,24,54,1,14.1,2.16,1,7.968
2021/5/9 10:00,26.2,51,1,15.3,2.88,1,8.473
2021/5/9 11:00,26.7,45,1,13.8,3.24,1,7.849
2021/5/9 12:00,27.3,43,1,13.6,3.38,1,7.388
2021/5/9 13:00,27.4,42,1,13.4,3.27,1,5.647
2021/5/9 14:00,27.9,43,1,14.2,2.91,1,4.311
2021/5/9 15:00,27.8,39,1,12.6,2.4,1,2.082
2021/5/9 16:00,27.3,38,1,11.8,1.3,0.5,0.777
2021/5/9 17:00,26.9,39,1,11.8,0.38,0.1,0.396
2021/5/9 18:00,25.5,49,1,14,0.2,0,0.569
2021/5/9 19:00,21.6,59,0,13.3,0.04,0,0
2021/5/9 20:00,21,58,0,12.4,0,0,0
2021/5/9 21:00,20.5,55,0,11.2,0,0,0
2021/5/9 22:00,19.1,60,0,11.2,0,0,0
2021/5/9 23:00,18.9,54,0,9.4,0,0,0
2021/5/10 0:00,19,49,0,8.1,0,0,0
2021/5/10 1:00,18,46,0,6.2,0,0,0
2021/5/10 2:00,17.3,45,0,5.3,0,0,0
2021/5/10 3:00,16.2,44,0,4,0,0,0
2021/5/10 4:00,16.5,37,0,1.8,0,0,0
2021/5/10 5:00,17,34,1,1,0.01,0,0.858
2021/5/10 6:00,16.8,35,1,1.3,0.27,0.2,2.832
2021/5/10 7:00,19.1,34,1,2.9,0.91,0.8,4.542
2021/5/10 8:00,20.4,23,1,-1.4,1.43,0.7,6.355
2021/5/10 9:00,22,27,1,2.2,1.89,0.6,7.321
2021/5/10 10:00,23.2,24,1,1.5,3.02,1,7.902
2021/5/10 11:00,24.3,29,1,5.2,3.43,1,7.186
2021/5/10 12:00,24.1,36,1,8.1,3.42,1,7.172
2021/5/10 13:00,22,38,1,7.1,2.57,0.6,5.845
2021/5/10 14:00,24,38,1,8.8,2.12,0.5,4.394
2021/5/10 15:00,24,42,1,10.3,1.98,0.7,2.24
2021/5/10 16:00,23.2,46,1,11,1.83,1,0.843
2021/5/10 17:00,21.8,49,1,10.6,1.15,1,0.307
2021/5/10 18:00,20.1,55,1,10.8,0.36,0.3,0.18
2021/5/10 19:00,19.7,55,0,10.4,0.02,0,0
2021/5/10 20:00,19,58,0,10.6,0,0,0
2021/5/10 21:00,18.9,60,0,11,0,0,0
2021/5/10 22:00,18.5,61,0,10.9,0,0,0
2021/5/10 23:00,19.2,53,0,9.4,0,0,0
2021/5/11 0:00,19.9,51,0,9.5,0,0,0
2021/5/11 1:00,18.9,47,0,7.4,0,0,0
2021/5/11 2:00,18.2,58,0,9.8,0,0,0
2021/5/11 3:00,17.2,62,0,9.9,0,0,0
2021/5/11 4:00,17.7,56,0,8.8,0,0,5.00E-05
2021/5/11 5:00,17.1,60,1,9.3,0.01,0,0.611
2021/5/11 6:00,17.3,60,1,9.5,0.2,0,1.066
2021/5/11 7:00,18.3,64,1,11.4,0.54,0.1,1.968
2021/5/11 8:00,17.9,60,1,10.1,0.55,0,1.247
2021/5/11 9:00,17.8,57,1,9.2,0.5,0,1.548
2021/5/11 10:00,18,54,1,8.6,0.64,0,1.688
2021/5/11 11:00,17.8,60,1,10,0.51,0,1.435
2021/5/11 12:00,18.2,56,1,9.3,0.47,0,0.733
2021/5/11 13:00,18.1,59,1,10,0.49,0,0.969
2021/5/11 14:00,18.1,61,1,10.5,0.4,0,2.235
2021/5/11 15:00,18,62,1,10.6,0.38,0,1.87
2021/5/11 16:00,18.9,53,1,9.1,0.85,0.2,0.732
2021/5/11 17:00,18.3,57,1,9.7,0.73,0.1,0.547
2021/5/11 18:00,17.7,54,1,8.3,0.4,0.2,0.216
2021/5/11 19:00,17.6,52,0,7.6,0.01,0,0
2021/5/11 20:00,15.3,65,0,8.8,0,0,0
2021/5/11 21:00,16.4,63,0,9.4,0,0,0
2021/5/11 22:00,16.6,58,0,8.3,0,0,0
2021/5/11 23:00,15.7,59,0,7.7,0,0,0
2021/5/12 0:00,15.5,61,0,8,0,0,0
2021/5/12 1:00,16,56,0,7.2,0,0,0
2021/5/12 2:00,16,54,0,6.7,0,0,0
2021/5/12 3:00,15.6,61,0,8.1,0,0,0
2021/5/12 4:00,15.9,61,0,8.4,0,0,0.0001
2021/5/12 5:00,15.7,54,1,6.4,0.02,0,0.805
2021/5/12 6:00,15.7,53,1,6.2,0.14,0,1.647
2021/5/12 7:00,16.6,57,1,8.1,0.57,0,4.309
2021/5/12 8:00,17.5,53,1,7.8,1.45,0.5,4.521
2021/5/12 9:00,18.6,48,1,7.4,1.65,0.6,5.417
2021/5/12 10:00,19.9,53,1,10.1,2.04,0.8,5.635
2021/5/12 11:00,20.5,45,1,8.2,2.12,0.5,6.308
2021/5/12 12:00,19.8,49,1,8.8,2,0.4,4.153
2021/5/12 13:00,20.2,41,1,6.6,2.04,0.2,3.495
2021/5/12 14:00,19.8,44,1,7.2,1.6,0,2.302
2021/5/12 15:00,19.3,49,1,8.3,1.01,0,1.56
2021/5/12 16:00,18.9,54,1,9.4,0.64,0,0.982
2021/5/12 17:00,18.4,63,1,11.2,0.34,0,0.282
2021/5/12 18:00,18.1,63,1,11,0.13,0,0.542
2021/5/12 19:00,17.9,65,0,11.2,0.01,0,0
2021/5/12 20:00,18.2,63,0,11.1,0,0,0
2021/5/12 21:00,18.1,64,0,11.2,0,0,0
2021/5/12 22:00,18,65,0,11.3,0,0,0
2021/5/12 23:00,17.8,67,0,11.6,0,0,0
2021/5/13 0:00,17.7,66,0,11.3,0,0,0
2021/5/13 1:00,17.5,67,0,11.3,0,0,0
2021/5/13 2:00,17.7,68,0,11.7,0,0,0
2021/5/13 3:00,15.6,90,0,14,0,0,0
2021/5/13 4:00,15.2,95,0,14.4,0,0,5.00E-05
2021/5/13 5:00,14.6,96,1,14,0,0,0.217
2021/5/13 6:00,14.6,95,1,13.8,0.07,0,0.25
2021/5/13 7:00,14.7,94,1,13.8,0.12,0,0.575
2021/5/13 8:00,15.3,94,1,14.4,0.36,0,1.178
2021/5/13 9:00,15.8,93,1,14.7,0.32,0,1.361
2021/5/13 10:00,15.7,91,1,14.2,0.41,0,0.752
2021/5/13 11:00,16,93,1,14.9,0.5,0,1.133
2021/5/13 12:00,16.1,95,1,15.3,0.41,0,0.619
2021/5/13 13:00,16.1,96,1,15.5,0.28,0,0.821
2021/5/13 14:00,16.6,99,1,16.5,0.22,0,0.835
2021/5/13 15:00,16.4,98,1,16.1,0.3,0,0.951
2021/5/13 16:00,16.4,99,1,16.3,0.22,0,0.431
2021/5/13 17:00,16.4,99,1,16.3,0.13,0,0.249
2021/5/13 18:00,16.6,100,1,16.6,0.06,0,0.955
2021/5/13 19:00,16.6,100,0,16.6,0.01,0,0
2021/5/13 20:00,16.6,100,0,16.6,0,0,0
2021/5/13 21:00,16.6,100,0,16.6,0,0,0
2021/5/13 22:00,16.5,100,0,16.5,0,0,0
2021/5/13 23:00,16.6,100,0,16.6,0,0,0
2021/5/14 0:00,16.6,100,0,16.6,0,0,0
2021/5/14 1:00,16.6,100,0,16.6,0,0,0
2021/5/14 2:00,16.5,100,0,16.5,0,0,0
2021/5/14 3:00,16.4,99,0,16.3,0,0,0
2021/5/14 4:00,16.3,99,0,16.2,0,0,0.0001
2021/5/14 5:00,16.3,100,1,16.3,0.01,0,1.496
2021/5/14 6:00,16.8,99,1,16.7,0.27,0.2,4.214
2021/5/14 7:00,18.1,92,1,16.8,1.04,1,5.432
2021/5/14 8:00,19.7,81,1,16.4,1.82,1,6.075
2021/5/14 9:00,20.8,71,1,15.4,1.92,0.9,5.515
2021/5/14 10:00,22,67,1,15.6,2.23,0.8,6.713
2021/5/14 11:00,23.7,59,1,15.2,2.66,1,6.365
2021/5/14 12:00,25.2,53,1,15,3.2,1,6.164
2021/5/14 13:00,25.5,56,1,16.1,2.92,1,5.58
2021/5/14 14:00,25.8,56,1,16.4,2.72,1,4.186
2021/5/14 15:00,25.8,54,1,15.8,2.25,1,2.398
2021/5/14 16:00,25.7,55,1,16,1.71,1,1.075
2021/5/14 17:00,25,56,1,15.6,1.01,1,0.449
2021/5/14 18:00,23.7,61,1,15.8,0.35,0,0.214
2021/5/14 19:00,21.8,70,0,16.1,0.06,0,0
2021/5/14 20:00,20.3,78,0,16.4,0,0,0
2021/5/14 21:00,19.8,85,0,17.2,0,0,0
2021/5/14 22:00,19.5,89,0,17.6,0,0,0
2021/5/14 23:00,19.3,87,0,17.1,0,0,0
2021/5/15 0:00,19.2,87,0,17,0,0,0
2021/5/15 1:00,18.2,88,0,16.2,0,0,0
2021/5/15 2:00,18,89,0,16.2,0,0,0
2021/5/15 3:00,17.5,93,0,16.4,0,0,0
2021/5/15 4:00,17.6,91,0,16.1,0,0,6.67E-05
2021/5/15 5:00,18.8,84,1,16.1,0.02,0,0.646
2021/5/15 6:00,19.1,86,1,16.7,0.24,0,1.359
2021/5/15 7:00,19.7,81,1,16.4,0.52,0,3.085
2021/5/15 8:00,20.6,77,1,16.4,0.93,0.1,4.244
2021/5/15 9:00,21.9,70,1,16.2,1.41,0.3,5.115
2021/5/15 10:00,22.5,67,1,16.1,2.61,0.7,7.854
2021/5/15 11:00,24.7,60,1,16.4,2.85,0.6,7.403
2021/5/15 12:00,25.3,58,1,16.5,3.35,1,6.815
2021/5/15 13:00,25.1,56,1,15.7,2.92,0.8,6.198
2021/5/15 14:00,25.1,56,1,15.7,2.48,0.8,3.034
2021/5/15 15:00,25.5,55,1,15.8,1.78,0.5,1.686
2021/5/15 16:00,23.9,58,1,15.2,1.39,0.6,0.997
2021/5/15 17:00,23.3,55,1,13.8,1.09,1,0.51
2021/5/15 18:00,22,55,1,12.6,0.44,0.7,0.175
2021/5/15 19:00,21,65,0,14.2,0.04,0,0
2021/5/15 20:00,20.4,73,0,15.4,0,0,0
2021/5/15 21:00,20.1,72,0,14.9,0,0,0
2021/5/15 22:00,19.9,75,0,15.4,0,0,0
2021/5/15 23:00,19.9,77,0,15.8,0,0,0
2021/5/16 0:00,19.7,79,0,16,0,0,0
2021/5/16 1:00,19.2,83,0,16.3,0,0,0
2021/5/16 2:00,19.3,77,0,15.2,0,0,0
2021/5/16 3:00,19.2,69,0,13.4,0,0,0
2021/5/16 4:00,18.5,71,0,13.2,0,0,0.144
2021/5/16 5:00,19.2,69,1,13.4,0.03,0,0.874
2021/5/16 6:00,19.8,71,1,14.4,0.26,0,3.146
2021/5/16 7:00,21.2,65,1,14.4,1.03,0.6,5.249
2021/5/16 8:00,21.5,64,1,14.4,1.44,0.6,2.66
2021/5/16 9:00,21,63,1,13.7,0.79,0,2.09
2021/5/16 10:00,21.4,63,1,14.1,0.85,0,2.132
2021/5/16 11:00,21.1,67,1,14.8,0.83,0,2.554
2021/5/16 12:00,21.2,73,1,16.2,0.98,0,4.646
2021/5/16 13:00,20.7,75,1,16.1,1.01,0,3.898
2021/5/16 14:00,19.7,85,1,17.1,0.37,0,1.536
2021/5/16 15:00,19.8,90,1,18.1,0.54,0,0.676
2021/5/16 16:00,20.1,89,1,18.2,0.41,0,0.271
2021/5/16 17:00,19.5,96,1,18.9,0.14,0,0.376
2021/5/16 18:00,19.4,99,1,19.3,0.04,0,0.967
2021/5/16 19:00,19.5,100,0,19.5,0,0,0
2021/5/16 20:00,19.4,100,0,19.4,0,0,0
2021/5/16 21:00,19.2,100,0,19.2,0,0,0
2021/5/16 22:00,19.6,100,0,19.6,0,0,0
2021/5/16 23:00,20,100,0,20,0,0,0
2021/5/17 0:00,20.1,100,0,20.1,0,0,0
2021/5/17 1:00,19.8,98,0,19.5,0,0,0
2021/5/17 2:00,20.2,97,0,19.7,0,0,0
2021/5/17 3:00,20.3,95,0,19.5,0,0,0
2021/5/17 4:00,21.5,95,0,20.7,0,0,0.0001
2021/5/17 5:00,21.5,96,1,20.8,0.01,0,0.457
2021/5/17 6:00,22,93,1,20.8,0.13,0,0.45
2021/5/17 7:00,22.8,90,1,21.1,0.26,0,0.847
2021/5/17 8:00,23.2,88,1,21.1,0.26,0,1.224
2021/5/17 9:00,24.2,83,1,21.1,0.46,0,2.44
2021/5/17 10:00,24.9,82,1,21.6,0.85,0,3.132
2021/5/17 11:00,24.2,83,1,21.1,0.69,0,1.125
2021/5/17 12:00,24.3,83,1,21.2,0.37,0,1.736
2021/5/17 13:00,24.4,82,1,21.1,0.63,0,1.62
2021/5/17 14:00,24,86,1,21.5,0.6,0,1.263
2021/5/17 15:00,23.6,88,1,21.5,0.44,0,0.96
2021/5/17 16:00,23.6,87,1,21.3,0.28,0,0.327
2021/5/17 17:00,23.9,85,1,21.2,0.13,0,0.253
2021/5/17 18:00,23.9,84,1,21,0.07,0,0.967
2021/5/17 19:00,24,84,0,21.1,0.01,0,0
2021/5/17 20:00,23.7,86,0,21.2,0,0,0
2021/5/17 21:00,23.5,87,0,21.2,0,0,0
2021/5/17 22:00,23.1,89,0,21.2,0,0,0
2021/5/17 23:00,23,89,0,21.1,0,0,0
2021/5/18 0:00,22.3,92,0,20.9,0,0,0
2021/5/18 1:00,22.5,92,0,21.1,0,0,0
2021/5/18 2:00,21.4,95,0,20.6,0,0,0
2021/5/18 3:00,21.2,95,0,20.4,0,0,0
2021/5/18 4:00,20.6,98,0,20.3,0,0,5.00E-05
2021/5/18 5:00,20.7,99,1,20.5,0.01,0,0.499
2021/5/18 6:00,21.9,96,1,21.2,0.15,0,1.833
2021/5/18 7:00,22.4,95,1,21.6,0.16,0,2.475
2021/5/18 8:00,22.3,94,1,21.3,0.37,0,1.063
2021/5/18 9:00,21.6,93,1,20.4,0.31,0,1.324
2021/5/18 10:00,20.9,93,1,19.7,0.27,0,1.773
2021/5/18 11:00,21.3,86,1,18.9,0.46,0,2.583
2021/5/18 12:00,21.8,81,1,18.4,0.61,0,1.808
2021/5/18 13:00,21.8,80,1,18.2,0.47,0,1.245
2021/5/18 14:00,21.8,76,1,17.4,0.34,0,1.276
2021/5/18 15:00,21.7,74,1,16.9,0.27,0,0.986
2021/5/18 16:00,21,75,1,16.4,0.24,0,0.208
2021/5/18 17:00,20.8,75,1,16.2,0.07,0,0.852
2021/5/18 18:00,19.9,86,1,17.5,0.02,0,0.827
2021/5/18 19:00,18.7,88,0,16.7,0,0,0
2021/5/18 20:00,18.5,89,0,16.7,0,0,0
2021/5/18 21:00,17.6,97,0,17.1,0,0,0
2021/5/18 22:00,17.6,98,0,17.3,0,0,0
2021/5/18 23:00,16.9,97,0,16.4,0,0,0
2021/5/19 0:00,16.7,96,0,16.1,0,0,0
2021/5/19 1:00,16.5,97,0,16,0,0,0
2021/5/19 2:00,16.6,98,0,16.3,0,0,0
2021/5/19 3:00,16.3,98,0,16,0,0,0
2021/5/19 4:00,16.2,98,0,15.9,0,0,5.00E-05
2021/5/19 5:00,16.3,97,1,15.8,0.01,0,0.42
2021/5/19 6:00,16.4,96,1,15.8,0.08,0,0.238
2021/5/19 7:00,16.7,94,1,15.7,0.1,0,0.328
2021/5/19 8:00,16.7,95,1,15.9,0.16,0,0.513
2021/5/19 9:00,17,96,1,16.4,0.33,0,1.009
2021/5/19 10:00,17.7,95,1,16.9,0.38,0,0.949
2021/5/19 11:00,17.6,92,1,16.3,0.32,0,0.869
2021/5/19 12:00,17.8,96,1,17.2,0.29,0,1.14
2021/5/19 13:00,17.5,98,1,17.2,0.2,0,0.637
2021/5/19 14:00,17.8,99,1,17.7,0.27,0,0.767
2021/5/19 15:00,17.9,100,1,17.9,0.22,0,0.506
2021/5/19 16:00,18.2,100,1,18.2,0.27,0,0.468
2021/5/19 17:00,18,100,1,18,0.11,0,0.476
2021/5/19 18:00,17.9,100,1,17.9,0.11,0,0.903
2021/5/19 19:00,17.8,100,0,17.8,0.01,0,0
2021/5/19 20:00,17.7,100,0,17.7,0,0,0
2021/5/19 21:00,17.5,100,0,17.5,0,0,0
2021/5/19 22:00,16.8,100,0,16.8,0,0,0
2021/5/19 23:00,16.4,100,0,16.4,0,0,0
2021/5/20 0:00,16.4,100,0,16.4,0,0,0
2021/5/20 1:00,16.7,100,0,16.7,0,0,0
2021/5/20 2:00,16.6,100,0,16.6,0,0,0
2021/5/20 3:00,16.5,100,0,16.5,0,0,0
2021/5/20 4:00,16.5,100,0,16.5,0,0,0.0001
2021/5/20 5:00,16.3,100,1,16.3,0.01,0,0.792
2021/5/20 6:00,17.5,100,1,17.5,0.31,0.2,2.353
2021/5/20 7:00,18.1,100,1,18.1,0.74,0.1,1.039
2021/5/20 8:00,18.4,97,1,17.9,0.54,0,2.663
2021/5/20 9:00,19.2,87,1,17,0.97,0,2.857
2021/5/20 10:00,20,84,1,17.2,1.07,0,2.168
2021/5/20 11:00,21.3,75,1,16.7,1.16,0,3.013
2021/5/20 12:00,21.9,82,1,18.7,1.14,0,3.532
2021/5/20 13:00,21.6,77,1,17.4,1.08,0,1.879
2021/5/20 14:00,21.1,82,1,17.9,0.84,0,0.695
2021/5/20 15:00,20.4,88,1,18.4,0.32,0,0.974
2021/5/20 16:00,21.4,76,1,17,0.4,0,0.582
2021/5/20 17:00,20.4,80,1,16.8,0.37,0,0.429
2021/5/20 18:00,19.7,94,1,18.7,0.08,0,0.911
2021/5/20 19:00,19.2,100,0,19.2,0,0,0
2021/5/20 20:00,19.4,99,0,19.3,0,0,0
2021/5/20 21:00,19.1,99,0,18.9,0,0,0
2021/5/20 22:00,18.8,100,0,18.8,0,0,0
2021/5/20 23:00,18.8,100,0,18.8,0,0,0
2021/5/21 0:00,18.7,100,0,18.7,0,0,0
2021/5/21 1:00,17.7,100,0,17.7,0,0,0
2021/5/21 2:00,17,100,0,17,0,0,0
2021/5/21 3:00,17.3,100,0,17.3,0,0,0
2021/5/21 4:00,17.5,100,0,17.5,0,0,0.0001
2021/5/21 5:00,18.2,100,1,18.2,0,0,0.221
2021/5/21 6:00,20.5,100,1,20.5,0.05,0,0.605
2021/5/21 7:00,22.2,100,1,22.2,0.31,0,1.089
2021/5/21 8:00,22.7,95,1,21.9,0.54,0,0.838
2021/5/21 9:00,23.1,93,1,21.9,0.56,0,1.028
2021/5/21 10:00,24.6,86,1,22.1,0.83,0,1.771
2021/5/21 11:00,23.4,93,1,22.2,0.98,0,1.439
2021/5/21 12:00,23.5,92,1,22.1,0.53,0,1.956
2021/5/21 13:00,24.7,85,1,22,1.08,0,1.501
2021/5/21 14:00,23.8,93,1,22.6,0.81,0,1.83
2021/5/21 15:00,24.4,87,1,22.1,0.8,0,0.685
2021/5/21 16:00,23.6,92,1,22.2,0.59,0,0.284
2021/5/21 17:00,22.6,95,1,21.8,0.23,0,0.819
2021/5/21 18:00,22.8,91,1,21.3,0.05,0,0.638
2021/5/21 19:00,21.9,92,0,20.5,0,0,0
2021/5/21 20:00,21.5,90,0,19.8,0,0,0
2021/5/21 21:00,21.8,83,0,18.8,0,0,0
2021/5/21 22:00,22.1,79,0,18.3,0,0,0
2021/5/21 23:00,22.1,77,0,17.9,0,0,0
2021/5/22 0:00,22,75,0,17.4,0,0,0
2021/5/22 1:00,21.4,78,0,17.4,0,0,0
2021/5/22 2:00,20.8,77,0,16.6,0,0,0
2021/5/22 3:00,20.4,78,0,16.5,0,0,0
2021/5/22 4:00,20.2,82,0,17,0,0,0.0001
2021/5/22 5:00,20.3,81,1,16.9,0,0,0.186
2021/5/22 6:00,18.8,91,1,17.3,0.03,0,0.258
2021/5/22 7:00,18.2,93,1,17.1,0.08,0,0.351
2021/5/22 8:00,18.3,91,1,16.8,0.22,0,1.44
2021/5/22 9:00,19.2,86,1,16.8,0.46,0,1.808
2021/5/22 10:00,20.6,79,1,16.8,0.92,0,2.215
2021/5/22 11:00,21.4,78,1,17.4,0.9,0,4.505
2021/5/22 12:00,23.2,75,1,18.5,1.66,0.1,2.446
2021/5/22 13:00,22,79,1,18.2,0.95,0,1.421
2021/5/22 14:00,21.5,76,1,17.1,0.62,0,1.251
2021/5/22 15:00,20.4,77,1,16.2,0.15,0,1.413
2021/5/22 16:00,20.7,78,1,16.7,0.34,0,0.723
2021/5/22 17:00,20.4,80,1,16.8,0.16,0,0.561
2021/5/22 18:00,19.7,82,1,16.6,0.1,0,0.944
2021/5/22 19:00,19.2,85,0,16.6,0.03,0,0
2021/5/22 20:00,19.5,81,0,16.2,0,0,0
2021/5/22 21:00,19.3,81,0,16,0,0,0
2021/5/22 22:00,18.5,87,0,16.3,0,0,0
2021/5/22 23:00,17.6,98,0,17.3,0,0,0
2021/5/23 0:00,17.8,96,0,17.2,0,0,0
2021/5/23 1:00,16.4,97,0,15.9,0,0,0
2021/5/23 2:00,15.5,98,0,15.2,0,0,0
2021/5/23 3:00,15.3,99,0,15.2,0,0,0
2021/5/23 4:00,15.2,98,0,14.9,0,0,0.0001
2021/5/23 5:00,15.2,99,1,15.1,0.02,0,0.34
2021/5/23 6:00,15.8,99,1,15.7,0.16,0,1.842
2021/5/23 7:00,17,92,1,15.7,0.69,0.1,5.271
2021/5/23 8:00,18.3,82,1,15.2,1.05,0.1,5.709
2021/5/23 9:00,21,74,1,16.2,2.22,0.7,7.999
2021/5/23 10:00,20.7,68,1,14.6,2.67,0.7,7.955
2021/5/23 11:00,21.6,64,1,14.5,3.37,1,7.945
2021/5/23 12:00,23.1,63,1,15.7,3.52,1,6.76
2021/5/23 13:00,23.8,62,1,16.1,3.42,1,6.114
2021/5/23 14:00,24.9,61,1,16.9,3.11,1,4.565
2021/5/23 15:00,23.5,57,1,14.5,2.38,0.8,2.048
2021/5/23 16:00,24.2,54,1,14.3,2,1,0.687
2021/5/23 17:00,22.7,62,1,15.1,1.3,1,0.215
2021/5/23 18:00,21.9,65,1,15,0.59,1,0.121
2021/5/23 19:00,20.4,72,0,15.2,0.11,0.4,0
2021/5/23 20:00,19.8,70,0,14.2,0,0,0
2021/5/23 21:00,19.6,70,0,14,0,0,0
2021/5/23 22:00,19,76,0,14.7,0,0,0
2021/5/23 23:00,18,83,0,15.1,0,0,0
2021/5/24 0:00,17.8,87,0,15.6,0,0,0
2021/5/24 1:00,17.6,87,0,15.4,0,0,0
2021/5/24 2:00,18.4,77,0,14.3,0,0,0
2021/5/24 3:00,18.7,69,0,12.9,0,0,0
2021/5/24 4:00,18.1,71,0,12.8,0,0,0.284
2021/5/24 5:00,16.8,82,1,13.7,0.03,0,1.173
2021/5/24 6:00,17.8,80,1,14.3,0.38,0.6,2.805
2021/5/24 7:00,20.7,62,1,13.2,1.05,0.7,2.446
2021/5/24 8:00,22,66,1,15.4,1.08,0.1,4.744
2021/5/24 9:00,22.9,57,1,13.9,1.88,0.6,6.921
2021/5/24 10:00,24.7,53,1,14.5,2.53,0.7,5.736
2021/5/24 11:00,25.6,48,1,13.8,2.77,0.6,6.748
2021/5/24 12:00,26.7,55,1,16.9,2.95,0.9,4.485
2021/5/24 13:00,27.2,52,1,16.5,2.45,0.6,4.357
2021/5/24 14:00,26.8,59,1,18.1,2.04,0.2,2.451
2021/5/24 15:00,25.4,58,1,16.6,0.84,0,1.315
2021/5/24 16:00,24.8,62,1,17,0.63,0,0.929
2021/5/24 17:00,23.7,63,1,16.3,0.41,0,0.267
2021/5/24 18:00,22.9,67,1,16.5,0.13,0,0.292
2021/5/24 19:00,23.3,63,0,15.9,0.02,0,0
2021/5/24 20:00,22.9,60,0,14.7,0,0,0
2021/5/24 21:00,22.2,61,0,14.3,0,0,0
2021/5/24 22:00,21.3,64,0,14.2,0,0,0
2021/5/24 23:00,20.9,66,0,14.3,0,0,0
2021/5/25 0:00,19.5,73,0,14.5,0,0,0
2021/5/25 1:00,18.4,80,0,14.9,0,0,0
2021/5/25 2:00,17.8,84,0,15.1,0,0,0
2021/5/25 3:00,17.7,86,0,15.3,0,0,0
2021/5/25 4:00,17.6,86,0,15.2,0,0,0.154
2021/5/25 5:00,17.1,90,1,15.5,0.03,0,1.28
2021/5/25 6:00,18.8,85,1,16.2,0.38,0.8,3.495
2021/5/25 7:00,21,73,1,16,1.08,1,5.146
2021/5/25 8:00,22.8,66,1,16.1,1.82,1,6.929
2021/5/25 9:00,24.2,61,1,16.2,2.42,0.9,7.776
2021/5/25 10:00,25.2,52,1,14.7,3.03,1,7.4
2021/5/25 11:00,27.2,51,1,16.2,3.36,1,7.714
2021/5/25 12:00,27.6,50,1,16.3,3.46,1,6.772
2021/5/25 13:00,27.2,48,1,15.3,3.39,1,5.954
2021/5/25 14:00,28.3,45,1,15.3,3.02,1,4.561
2021/5/25 15:00,26.1,55,1,16.4,2.51,1,1.776
2021/5/25 16:00,25.2,60,1,16.9,1.43,0.6,1.321
2021/5/25 17:00,23.7,60,1,15.5,0.65,0,0.564
2021/5/25 18:00,22.9,58,1,14.2,0.37,0.2,0.24
2021/5/25 19:00,21.8,68,0,15.6,0.11,0.2,0
2021/5/25 20:00,21.4,72,0,16.2,0,0,0
2021/5/25 21:00,22.3,62,0,14.7,0,0,0
2021/5/25 22:00,22.4,52,0,12.1,0,0,0
2021/5/25 23:00,21.2,58,0,12.6,0,0,0
2021/5/26 0:00,18.9,83,0,16,0,0,0
2021/5/26 1:00,18.7,84,0,16,0,0,0
2021/5/26 2:00,17.9,89,0,16.1,0,0,0
2021/5/26 3:00,17.6,89,0,15.8,0,0,0
2021/5/26 4:00,17.9,80,0,14.4,0,0,0.289
2021/5/26 5:00,17.6,67,1,11.4,0.03,0,1.661
2021/5/26 6:00,18.5,67,1,12.3,0.45,1,3.788
2021/5/26 7:00,20.2,53,1,10.3,1.07,1,5.333
2021/5/26 8:00,21.7,40,1,7.5,1.77,1,6.191
2021/5/26 9:00,21.8,32,1,4.4,2.07,1,6.03
2021/5/26 10:00,22.8,32,1,5.3,2.25,0.9,5.907
2021/5/26 11:00,24.1,36,1,8.1,2.27,0.6,5.512
2021/5/26 12:00,24.3,41,1,10.2,2.84,0.9,5.994
2021/5/26 13:00,24.7,52,1,14.2,2.91,1,5.98
2021/5/26 14:00,25.3,49,1,13.8,3.07,1,4.079
2021/5/26 15:00,23.5,55,1,14,2.14,0.8,2.118
2021/5/26 16:00,23.6,51,1,12.9,1.77,0.8,1.139
2021/5/26 17:00,22.4,56,1,13.2,0.79,0.4,0.373
2021/5/26 18:00,21.7,61,1,13.9,0.3,0,0.209
2021/5/26 19:00,21.2,71,0,15.7,0.04,0,0
2021/5/26 20:00,20.7,69,0,14.8,0,0,0
2021/5/26 21:00,20.3,68,0,14.2,0,0,0
2021/5/26 22:00,20.1,69,0,14.3,0,0,0
2021/5/26 23:00,19.9,72,0,14.7,0,0,0
2021/5/27 0:00,19.8,74,0,15,0,0,0
2021/5/27 1:00,19.9,73,0,14.9,0,0,0
2021/5/27 2:00,19.5,74,0,14.8,0,0,0
2021/5/27 3:00,18.9,76,0,14.6,0,0,0
2021/5/27 4:00,18.6,80,0,15.1,0,0,0.0001
2021/5/27 5:00,18.2,82,1,15.1,0,0,0.613
2021/5/27 6:00,17.7,93,1,16.6,0.06,0,0.389
2021/5/27 7:00,18.5,97,1,18,0.17,0,0.431
2021/5/27 8:00,17.4,95,1,16.6,0.17,0,1.143
2021/5/27 9:00,16.7,94,1,15.7,0.32,0,1.424
2021/5/27 10:00,16.9,95,1,16.1,0.52,0,1.539
2021/5/27 11:00,16.1,97,1,15.6,0.5,0,0.732
2021/5/27 12:00,15.8,98,1,15.5,0.31,0,0
2021/5/27 13:00,15.8,99,1,15.7,0.27,0,0
2021/5/27 14:00,16.3,98,1,16,0.2,0,0.477
2021/5/27 15:00,16.2,100,1,16.2,0.21,0,0.245
2021/5/27 16:00,16.4,100,1,16.4,0.13,0,0.267
2021/5/27 17:00,16.2,100,1,16.2,0.16,0,0.182
2021/5/27 18:00,16.2,99,1,16.1,0.08,0,0.203
2021/5/27 19:00,16,98,0,15.7,0.04,0,0
2021/5/27 20:00,15.8,100,0,15.8,0,0,0
2021/5/27 21:00,15.8,100,0,15.8,0,0,0
2021/5/27 22:00,15.5,100,0,15.5,0,0,0
2021/5/27 23:00,15.8,100,0,15.8,0,0,0
2021/5/28 0:00,15.7,100,0,15.7,0,0,0
2021/5/28 1:00,15.2,100,0,15.2,0,0,0
2021/5/28 2:00,15.1,100,0,15.1,0,0,0
2021/5/28 3:00,15.3,100,0,15.3,0,0,0
2021/5/28 4:00,15.3,100,0,15.3,0,0,5.00E-05
2021/5/28 5:00,15.5,100,1,15.5,0.02,0,0.547
2021/5/28 6:00,16.7,100,1,16.7,0.21,0,1.788
2021/5/28 7:00,18.5,100,1,18.5,0.59,0,3.789
2021/5/28 8:00,20.7,91,1,19.2,1.18,0.2,4.198
2021/5/28 9:00,22.2,77,1,18,1.73,0.6,6.301
2021/5/28 10:00,24.3,63,1,16.8,2.46,1,5.388
2021/5/28 11:00,24.4,52,1,13.9,2.26,0.7,6.233
2021/5/28 12:00,25.1,61,1,17.1,2.75,0.9,5.112
2021/5/28 13:00,23.9,60,1,15.7,2.05,0.4,3.548
2021/5/28 14:00,23.2,62,1,15.5,1.42,0.1,2.769
2021/5/28 15:00,24.2,61,1,16.2,1.28,0.2,2.286
2021/5/28 16:00,23.1,66,1,16.4,0.95,0.1,1.158
2021/5/28 17:00,22.6,62,1,15,0.43,0,0.431
2021/5/28 18:00,22.1,63,1,14.7,0.22,0,0.187
2021/5/28 19:00,21.4,64,0,14.3,0.06,0,0
2021/5/28 20:00,21,64,0,13.9,0,0,0
2021/5/28 21:00,20.9,63,0,13.6,0,0,0
2021/5/28 22:00,20.5,64,0,13.5,0,0,0
2021/5/28 23:00,20.7,64,0,13.7,0,0,0
2021/5/29 0:00,20.8,65,0,14,0,0,0
2021/5/29 1:00,20.7,69,0,14.8,0,0,0
2021/5/29 2:00,20.7,72,0,15.5,0,0,0
2021/5/29 3:00,19.8,78,0,15.9,0,0,0
2021/5/29 4:00,18.9,84,0,16.2,0,0,0.0001
2021/5/29 5:00,19.1,80,1,15.6,0.01,0,0.246
2021/5/29 6:00,18.4,87,1,16.2,0.12,0,0.809
2021/5/29 7:00,19.5,84,1,16.7,0.29,0,1.276
2021/5/29 8:00,20.4,80,1,16.8,0.59,0,2.533
2021/5/29 9:00,22,72,1,16.7,0.89,0,3.525
2021/5/29 10:00,23.5,69,1,17.5,1.33,0,5.146
2021/5/29 11:00,25,62,1,17.2,1.58,0,3.477
2021/5/29 12:00,26.3,53,1,16,1.71,0,4.541
2021/5/29 13:00,26.9,47,1,14.7,2.19,0.4,4.126
2021/5/29 14:00,27.9,46,1,15.2,2.46,0.9,3.63
2021/5/29 15:00,27.2,46,1,14.6,1.84,0.5,2.239
2021/5/29 16:00,27.4,42,1,13.4,1.65,0.7,1.212
2021/5/29 17:00,26.9,47,1,14.7,1.28,0.9,0.469
2021/5/29 18:00,24.5,56,1,15.2,0.64,1,0.165
2021/5/29 19:00,23.8,58,0,15.1,0.09,0.3,0
2021/5/29 20:00,22.7,66,0,16,0,0,0
2021/5/29 21:00,21.5,71,0,16,0,0,0
2021/5/29 22:00,21.6,72,0,16.4,0,0,0
2021/5/29 23:00,21.3,73,0,16.3,0,0,0
2021/5/30 0:00,20.7,82,0,17.5,0,0,0
2021/5/30 1:00,19.7,88,0,17.7,0,0,0
2021/5/30 2:00,19.3,93,0,18.1,0,0,0
2021/5/30 3:00,19.5,91,0,18,0,0,0
2021/5/30 4:00,19.5,85,0,16.9,0,0,0.0001
2021/5/30 5:00,19.7,78,1,15.8,0.01,0,0.627
2021/5/30 6:00,19.8,76,1,15.5,0.1,0,0.885
2021/5/30 7:00,20.2,72,1,15,0.22,0,1.347
2021/5/30 8:00,21.7,68,1,15.6,0.91,0,2.7
2021/5/30 9:00,22.6,66,1,15.9,1.29,0,4.887
2021/5/30 10:00,23.4,61,1,15.5,2.82,0.9,7.372
2021/5/30 11:00,24,58,1,15.2,3.19,0.8,7.582
2021/5/30 12:00,25.3,58,1,16.5,2.52,0.5,6.875
2021/5/30 13:00,24.9,58,1,16.1,1.94,0.3,6.01
2021/5/30 14:00,24.2,63,1,16.7,1.61,0.3,3.54
2021/5/30 15:00,22.1,74,1,17.3,0.83,0.1,2.263
2021/5/30 16:00,23.5,68,1,17.3,1.82,0.7,0.955
2021/5/30 17:00,22.3,64,1,15.2,1.26,0.9,0.403
2021/5/30 18:00,21.6,63,1,14.3,0.3,0.2,0.551
2021/5/30 19:00,19.7,74,0,15,0.02,0,0
2021/5/30 20:00,20.2,68,0,14.1,0,0,0
2021/5/30 21:00,19.9,67,0,13.6,0,0,0
2021/5/30 22:00,19.8,67,0,13.5,0,0,0
2021/5/30 23:00,18.1,75,0,13.6,0,0,0
2021/5/31 0:00,17.8,78,0,13.9,0,0,0
2021/5/31 1:00,18,82,0,14.9,0,0,0
2021/5/31 2:00,16.9,89,0,15.1,0,0,0
2021/5/31 3:00,17.1,89,0,15.3,0,0,0
2021/5/31 4:00,18.1,80,0,14.6,0,0,0.201
2021/5/31 5:00,18.5,73,1,13.6,0.02,0,1.374
2021/5/31 6:00,18.7,73,1,13.8,0.27,0.2,4.011
2021/5/31 7:00,19.8,64,1,12.8,1.16,1,5.887
2021/5/31 8:00,20.6,67,1,14.3,1.69,0.6,5.386
2021/5/31 9:00,21,63,1,13.7,1.82,0.3,3.712
2021/5/31 10:00,21.2,60,1,13.1,1.91,0.1,6.523
2021/5/31 11:00,22.6,59,1,14.2,2.67,0.6,7.763
2021/5/31 12:00,24,50,1,13,3.25,0.7,4.455
2021/5/31 13:00,24.3,53,1,14.1,2.61,0.3,4.301
2021/5/31 14:00,23.9,53,1,13.8,2.77,0.8,4.31
2021/5/31 15:00,24.3,55,1,14.7,2.69,1,2.405
2021/5/31 16:00,23.5,55,1,14,2.03,1,0.878
2021/5/31 17:00,22.7,60,1,14.6,0.86,0.6,0.335
2021/5/31 18:00,21.8,62,1,14.2,0.46,0.7,0.234
2021/5/31 19:00,21.5,60,0,13.4,0.06,0.2,0
2021/5/31 20:00,20.8,61,0,13,0,0,0
2021/5/31 21:00,20.7,59,0,12.4,0,0,0
2021/5/31 22:00,20.3,67,0,14,0,0,0
2021/5/31 23:00,17.2,98,0,16.9,0,0,0
2021/6/1 0:00,16.4,98,0,16.1,0,0,0
2021/6/1 1:00,16.7,97,0,16.2,0,0,0
2021/6/1 2:00,16.3,95,0,15.5,0,0,0
2021/6/1 3:00,15.2,100,0,15.2,0,0,0
2021/6/1 4:00,15.6,99,0,15.5,0,0,0.231
2021/6/1 5:00,16.1,96,1,15.5,0.02,0,0.733
2021/6/1 6:00,16.3,90,1,14.7,0.23,0.1,3.159
2021/6/1 7:00,17.3,89,1,15.5,0.83,0.5,4.348
2021/6/1 8:00,18.8,75,1,14.3,1.07,0.3,5.907
2021/6/1 9:00,19,78,1,15.1,1.5,0.4,7.693
2021/6/1 10:00,21.3,64,1,14.2,1.63,0.3,7.667
2021/6/1 11:00,23.1,55,1,13.6,3.48,1,7.753
2021/6/1 12:00,23.8,57,1,14.8,3.72,1,7.078
2021/6/1 13:00,24,53,1,13.9,3.55,1,6.111
2021/6/1 14:00,24.8,49,1,13.4,3.16,1,4.539
2021/6/1 15:00,24.8,50,1,13.7,2.68,1,2.586
2021/6/1 16:00,24.3,54,1,14.4,2.07,1,1.027
2021/6/1 17:00,23,55,1,13.5,1.33,1,0.282
2021/6/1 18:00,21.8,64,1,14.7,0.55,0.9,0.185
2021/6/1 19:00,20.8,70,0,15.1,0.05,0,0
2021/6/1 20:00,20.5,73,0,15.5,0,0,0
2021/6/1 21:00,20,77,0,15.9,0,0,0
2021/6/1 22:00,19.9,78,0,16,0,0,0
2021/6/1 23:00,19.3,82,0,16.2,0,0,0
2021/6/2 0:00,19.8,80,0,16.3,0,0,0
2021/6/2 1:00,19.8,80,0,16.3,0,0,0
2021/6/2 2:00,19.7,81,0,16.4,0,0,0
2021/6/2 3:00,19.6,83,0,16.6,0,0,0
2021/6/2 4:00,19.6,82,0,16.5,0,0,0.0528
2021/6/2 5:00,19.5,84,1,16.7,0.01,0,0.405
2021/6/2 6:00,19.8,86,1,17.4,0.2,0,1.038
2021/6/2 7:00,21.4,79,1,17.6,0.53,0,2.624
2021/6/2 8:00,22,74,1,17.2,0.87,0,3.391
2021/6/2 9:00,22.6,69,1,16.6,1.04,0,4.755
2021/6/2 10:00,23.1,68,1,16.9,1.26,0.1,6.117
2021/6/2 11:00,23.2,66,1,16.5,1.17,0,3.691
2021/6/2 12:00,24.3,62,1,16.6,1.23,0.1,5.038
2021/6/2 13:00,25.4,55,1,15.7,2.38,0.7,5.025
2021/6/2 14:00,25.4,55,1,15.7,2.3,0.7,2.365
2021/6/2 15:00,24.8,54,1,14.9,1.53,0.1,2.381
2021/6/2 16:00,24.6,59,1,16.1,1.07,0.1,1.537
2021/6/2 17:00,24.2,59,1,15.7,0.99,0.4,0.412
2021/6/2 18:00,23.1,59,1,14.7,0.58,0.8,0.218
2021/6/2 19:00,22.3,61,0,14.4,0.08,0,0
2021/6/2 20:00,20.8,71,0,15.4,0,0,0
2021/6/2 21:00,20.9,73,0,15.9,0,0,0
2021/6/2 22:00,21,74,0,16.2,0,0,0
2021/6/2 23:00,20.4,76,0,16,0,0,0
2021/6/3 0:00,20.4,80,0,16.8,0,0,0
2021/6/3 1:00,19.8,84,0,17,0,0,0
2021/6/3 2:00,18.6,91,0,17.1,0,0,0
2021/6/3 3:00,18.4,92,0,17.1,0,0,0
2021/6/3 4:00,18.8,92,0,17.5,0,0,0.337
2021/6/3 5:00,19.8,88,1,17.8,0.03,0,1.626
2021/6/3 6:00,21,82,1,17.8,0.33,0.2,3.462
2021/6/3 7:00,21.6,75,1,17,0.83,0.5,5.351
2021/6/3 8:00,22,72,1,16.7,0.97,0.3,6.978
2021/6/3 9:00,23.9,65,1,16.9,2.35,0.9,6.952
2021/6/3 10:00,24.7,59,1,16.2,2.51,0.8,7.036
2021/6/3 11:00,25.1,53,1,14.9,3.06,1,6.348
2021/6/3 12:00,24.9,54,1,15,2.98,1,5.932
2021/6/3 13:00,26,53,1,15.7,2.56,0.7,5.912
2021/6/3 14:00,25.7,51,1,14.8,3.15,1,3.121
2021/6/3 15:00,25.1,55,1,15.4,2.21,1,2.776
2021/6/3 16:00,24.4,53,1,14.2,1.27,0.4,1.261
2021/6/3 17:00,24.1,55,1,14.5,0.67,0,0.522
2021/6/3 18:00,23.1,58,1,14.4,0.28,0,0.16
2021/6/3 19:00,22.5,64,0,15.4,0.03,0,0
2021/6/3 20:00,21.5,74,0,16.7,0,0,0
2021/6/3 21:00,21.5,77,0,17.3,0,0,0
2021/6/3 22:00,19.4,97,0,18.9,0,0,0
2021/6/3 23:00,19.4,99,0,19.3,0,0,0
2021/6/4 0:00,19.3,100,0,19.3,0,0,0
2021/6/4 1:00,19.6,99,0,19.5,0,0,0
2021/6/4 2:00,20.1,98,0,19.8,0,0,0
2021/6/4 3:00,20.5,94,0,19.5,0,0,0
2021/6/4 4:00,20.3,94,0,19.3,0,0,5.00E-05
2021/6/4 5:00,20.8,89,1,18.9,0,0,0.894
2021/6/4 6:00,20.5,93,1,19.3,0.02,0,0.435
2021/6/4 7:00,20.7,91,1,19.2,0.07,0,0.726
2021/6/4 8:00,20.2,97,1,19.7,0.19,0,0.866
2021/6/4 9:00,20.2,99,1,20.1,0.29,0,0.907
2021/6/4 10:00,20.7,98,1,20.4,0.42,0,0.771
2021/6/4 11:00,20.9,99,1,20.7,0.2,0,1.375
2021/6/4 12:00,21.3,99,1,21.1,0.34,0,1.553
2021/6/4 13:00,21.6,98,1,21.3,0.37,0,0.898
2021/6/4 14:00,21.8,99,1,21.6,0.33,0,0.303
2021/6/4 15:00,22.1,99,1,21.9,0.23,0,0.209
2021/6/4 16:00,22.3,99,1,22.1,0.11,0,0.249
2021/6/4 17:00,22.7,99,1,22.5,0.11,0,0.33
2021/6/4 18:00,23.9,97,1,23.4,0.05,0,0.537
2021/6/4 19:00,22.1,93,0,20.9,0.02,0,0
2021/6/4 20:00,20.2,99,0,20.1,0,0,0
2021/6/4 21:00,20.1,96,0,19.5,0,0,0
2021/6/4 22:00,20.6,96,0,20,0,0,0
2021/6/4 23:00,20.3,97,0,19.8,0,0,0
2021/6/5 0:00,19.9,100,0,19.9,0,0,0
2021/6/5 1:00,20.3,99,0,20.1,0,0,0
2021/6/5 2:00,20,98,0,19.7,0,0,0
2021/6/5 3:00,20.1,93,0,18.9,0,0,0
2021/6/5 4:00,19.6,96,0,19,0,0,6.67E-05
2021/6/5 5:00,19.9,93,1,18.7,0.01,0,0.475
2021/6/5 6:00,20.5,87,1,18.3,0.25,0,1.669
2021/6/5 7:00,21.2,83,1,18.2,0.93,0.4,3.705
2021/6/5 8:00,21.7,80,1,18.1,1.3,0.4,2.95
2021/6/5 9:00,22.3,80,1,18.7,0.91,0,3.313
2021/6/5 10:00,23,71,1,17.5,2.14,0.3,5.599
2021/6/5 11:00,23.7,67,1,17.2,2.59,0.5,4.307
2021/6/5 12:00,24.3,62,1,16.6,2.58,0.4,6.371
2021/6/5 13:00,25.7,65,1,18.6,3.39,0.9,5.569
2021/6/5 14:00,24.9,63,1,17.4,2.25,0.5,3.091
2021/6/5 15:00,24.4,66,1,17.6,1.11,0,1.25
2021/6/5 16:00,23.9,62,1,16.2,0.54,0,0.812
2021/6/5 17:00,23.5,70,1,17.7,0.26,0,0.257
2021/6/5 18:00,23.1,75,1,18.4,0.11,0,0.521
2021/6/5 19:00,22.4,78,0,18.4,0.02,0,0
2021/6/5 20:00,22,68,0,15.8,0,0,0
2021/6/5 21:00,21.9,65,0,15,0,0,0
2021/6/5 22:00,21.3,76,0,16.9,0,0,0
2021/6/5 23:00,20.6,82,0,17.4,0,0,0
2021/6/6 0:00,20.9,78,0,16.9,0,0,0
2021/6/6 1:00,21.2,74,0,16.4,0,0,0
2021/6/6 2:00,21.1,76,0,16.7,0,0,0
2021/6/6 3:00,20.7,81,0,17.3,0,0,0
2021/6/6 4:00,20.6,83,0,17.6,0,0,5.00E-05
2021/6/6 5:00,19.7,91,1,18.2,0,0,0.615
2021/6/6 6:00,20,93,1,18.8,0.08,0,0.403
2021/6/6 7:00,21.2,91,1,19.7,0.18,0,1.053
2021/6/6 8:00,22,83,1,19,0.44,0,1.397
2021/6/6 9:00,22.8,81,1,19.4,0.54,0,2.523
2021/6/6 10:00,23.2,80,1,19.6,0.95,0,1.512
2021/6/6 11:00,22.8,83,1,19.8,0.81,0,1.724
2021/6/6 12:00,22.5,86,1,20.1,0.54,0,2.287
2021/6/6 13:00,22.2,87,1,20,0.95,0,2.497
2021/6/6 14:00,22.2,89,1,20.3,1.02,0,1.813
2021/6/6 15:00,23.3,83,1,20.3,1.04,0,2.144
2021/6/6 16:00,23.5,80,1,19.9,1.2,0,1.314
2021/6/6 17:00,23.5,78,1,19.5,0.86,0.2,0.427
2021/6/6 18:00,22.6,82,1,19.4,0.41,0.1,0.247
2021/6/6 19:00,21.9,81,0,18.5,0.08,0,0
2021/6/6 20:00,22,77,0,17.8,0,0,0
2021/6/6 21:00,21,77,0,16.8,0,0,0
2021/6/6 22:00,20.5,82,0,17.3,0,0,0
2021/6/6 23:00,20.6,81,0,17.2,0,0,0
2021/6/7 0:00,20.2,84,0,17.4,0,0,0
2021/6/7 1:00,20.4,83,0,17.4,0,0,0
2021/6/7 2:00,20.3,87,0,18.1,0,0,0
2021/6/7 3:00,20.3,87,0,18.1,0,0,0
2021/6/7 4:00,19.9,90,0,18.2,0,0,6.67E-05
2021/6/7 5:00,20.5,89,1,18.6,0.02,0,0.285
2021/6/7 6:00,20.8,89,1,18.9,0.13,0,0.737
2021/6/7 7:00,22.3,84,1,19.5,0.45,0,0.907
2021/6/7 8:00,23.1,78,1,19.1,0.64,0,2.409
2021/6/7 9:00,23.1,79,1,19.3,0.62,0,1.535
2021/6/7 10:00,23.8,76,1,19.3,0.61,0,3.097
2021/6/7 11:00,24.8,64,1,17.5,1.11,0,3.155
2021/6/7 12:00,26,65,1,18.9,1.31,0,5.47
2021/6/7 13:00,26.7,56,1,17.2,2.6,0.5,4.268
2021/6/7 14:00,28,60,1,19.5,2.27,0.3,3.759
2021/6/7 15:00,29.2,38,1,13.4,2.78,1,2.873
2021/6/7 16:00,27.9,51,1,16.8,1.76,0.7,1.599
2021/6/7 17:00,26.9,50,1,15.6,1.14,1,0.454
2021/6/7 18:00,25.3,62,1,17.5,0.37,0.4,0.209
2021/6/7 19:00,23.5,65,0,16.6,0.08,0,0
2021/6/7 20:00,22.7,69,0,16.7,0,0,0
2021/6/7 21:00,22.3,68,0,16.1,0,0,0
2021/6/7 22:00,21.8,72,0,16.5,0,0,0
2021/6/7 23:00,20.7,76,0,16.3,0,0,0
2021/6/8 0:00,20.2,77,0,16.1,0,0,0
2021/6/8 1:00,20.4,80,0,16.8,0,0,0
2021/6/8 2:00,19.7,86,0,17.3,0,0,0
2021/6/8 3:00,19.4,90,0,17.7,0,0,0
2021/6/8 4:00,19.2,92,0,17.9,0,0,0.248
2021/6/8 5:00,19.2,92,1,17.9,0.03,0,1.414
2021/6/8 6:00,21.4,86,1,19,0.42,1,3.492
2021/6/8 7:00,24.1,68,1,17.8,1.04,1,5.394
2021/6/8 8:00,26.1,62,1,18.3,1.71,1,6.5
2021/6/8 9:00,27.7,54,1,17.6,2.35,1,7.349
2021/6/8 10:00,28.7,49,1,16.9,2.84,1,7.287
2021/6/8 11:00,29.8,58,1,20.7,3.09,1,6.964
2021/6/8 12:00,30,46,1,17.1,3.11,1,6.229
2021/6/8 13:00,30.5,39,1,15,3.06,1,5.287
2021/6/8 14:00,31,40,1,15.8,2.88,1,3.099
2021/6/8 15:00,28,53,1,17.5,0.98,0,1.306
2021/6/8 16:00,27.1,61,1,18.9,0.24,0,1.022
2021/6/8 17:00,27.7,51,1,16.7,0.39,0,0.398
2021/6/8 18:00,27.3,52,1,16.6,0.19,0,0.815
2021/6/8 19:00,26,58,0,17.1,0.02,0,0
2021/6/8 20:00,23.1,57,0,14.1,0,0,0
2021/6/8 21:00,22.9,63,0,15.5,0,0,0
2021/6/8 22:00,22.1,68,0,15.9,0,0,0
2021/6/8 23:00,21.7,71,0,16.2,0,0,0
2021/6/9 0:00,21.8,71,0,16.3,0,0,0
2021/6/9 1:00,20.9,75,0,16.3,0,0,0
2021/6/9 2:00,20.3,76,0,15.9,0,0,0
2021/6/9 3:00,20.4,77,0,16.2,0,0,0
2021/6/9 4:00,20.4,76,0,16,0,0,0.293
2021/6/9 5:00,19.8,78,1,15.9,0.04,0,1.523
2021/6/9 6:00,21.2,78,1,17.2,0.44,1,3.859
2021/6/9 7:00,22.9,69,1,16.9,1.1,1,5.845
2021/6/9 8:00,24.8,56,1,15.4,1.83,1,7.073
2021/6/9 9:00,26.6,49,1,15,2.49,1,7.735
2021/6/9 10:00,27.1,49,1,15.5,3,1,7.567
2021/6/9 11:00,28.8,42,1,14.6,3.35,1,7.45
2021/6/9 12:00,28.9,31,1,10.1,3.47,1,6.486
2021/6/9 13:00,30.1,33,1,12.1,3.41,1,5.853
2021/6/9 14:00,29.7,38,1,13.9,2.9,0.9,4.386
2021/6/9 15:00,29.6,35,1,12.5,2.68,1,2.562
2021/6/9 16:00,29,44,1,15.5,2.02,1,0.869
2021/6/9 17:00,27.5,46,1,14.9,1.29,1,0.323
2021/6/9 18:00,26.2,48,1,14.3,0.55,1,0.174
2021/6/9 19:00,24.3,50,0,13.2,0.1,0.2,0
2021/6/9 20:00,24.5,44,0,11.5,0,0,0
2021/6/9 21:00,22.4,53,0,12.4,0,0,0
2021/6/9 22:00,21.2,55,0,11.8,0,0,0
2021/6/9 23:00,20.8,61,0,13,0,0,0
2021/6/10 0:00,19.9,66,0,13.4,0,0,0
2021/6/10 1:00,19.8,67,0,13.5,0,0,0
2021/6/10 2:00,20.9,68,0,14.8,0,0,0
2021/6/10 3:00,19.6,75,0,15.1,0,0,0
2021/6/10 4:00,19.2,79,0,15.5,0,0,0.274
2021/6/10 5:00,19.1,85,1,16.5,0.04,0,1.2
2021/6/10 6:00,20.9,81,1,17.5,0.43,1,2.069
2021/6/10 7:00,22.2,79,1,18.4,1.1,1,5.181
2021/6/10 8:00,22.9,68,1,16.7,1.79,1,6.953
2021/6/10 9:00,24.9,64,1,17.6,2.44,1,7.422
2021/6/10 10:00,25.2,64,1,17.9,2.81,1,7.472
2021/6/10 11:00,27.7,60,1,19.2,3.26,1,7.452
2021/6/10 12:00,27.2,50,1,15.9,3.46,1,6.949
2021/6/10 13:00,28.6,37,1,12.5,3.37,1,5.687
2021/6/10 14:00,29.2,33,1,11.3,3.14,1,4.45
2021/6/10 15:00,29.6,35,1,12.5,2.68,1,2.476
2021/6/10 16:00,29.1,39,1,13.8,2.03,1,0.975
2021/6/10 17:00,27.9,51,1,16.8,1.33,1,0.387
2021/6/10 18:00,26.5,55,1,16.7,0.57,0.9,0.233
2021/6/10 19:00,24.7,67,0,18.2,0.14,0.3,0
2021/6/10 20:00,23.4,70,0,17.6,0,0,0
2021/6/10 21:00,22.6,75,0,18,0,0,0
2021/6/10 22:00,22.6,75,0,18,0,0,0
2021/6/10 23:00,22.1,79,0,18.3,0,0,0
2021/6/11 0:00,22,85,0,19.4,0,0,0
2021/6/11 1:00,21.6,85,0,19,0,0,0
2021/6/11 2:00,22.1,81,0,18.7,0,0,0
2021/6/11 3:00,21.5,88,0,19.4,0,0,0
2021/6/11 4:00,20.8,89,0,18.9,0,0,0.301
2021/6/11 5:00,20.9,87,1,18.7,0.03,0,1.188
2021/6/11 6:00,21.6,85,1,19,0.34,0.7,3.491
2021/6/11 7:00,22.3,79,1,18.5,0.68,0.5,5.822
2021/6/11 8:00,23,78,1,19,0.59,0,6.747
2021/6/11 9:00,24.9,67,1,18.4,1.94,0.8,7.422
2021/6/11 10:00,26.4,49,1,14.8,2.98,1,7.724
2021/6/11 11:00,27.1,48,1,15.2,3.28,1,7.273
2021/6/11 12:00,28.1,52,1,17.3,3.22,1,6.67
2021/6/11 13:00,27.1,45,1,14.2,3.21,1,5.161
2021/6/11 14:00,27.3,48,1,15.3,2.5,1,4.216
2021/6/11 15:00,27.2,53,1,16.8,2.29,1,2.48
2021/6/11 16:00,26.6,52,1,16,1.66,1,1.427
2021/6/11 17:00,25.3,56,1,15.9,0.93,0.5,0.589
2021/6/11 18:00,24.1,61,1,16.1,0.39,0.1,0.257
2021/6/11 19:00,22.8,65,0,15.9,0.13,0,0
2021/6/11 20:00,22.1,69,0,16.2,0,0,0
2021/6/11 21:00,21.4,72,0,16.2,0,0,0
2021/6/11 22:00,21.8,73,0,16.8,0,0,0
2021/6/11 23:00,21.3,74,0,16.5,0,0,0
2021/6/12 0:00,21.3,76,0,16.9,0,0,0
2021/6/12 1:00,21.2,78,0,17.2,0,0,0
2021/6/12 2:00,20.6,81,0,17.2,0,0,0
2021/6/12 3:00,20.7,81,0,17.3,0,0,0
2021/6/12 4:00,20.2,86,0,17.8,0,0,0.195
2021/6/12 5:00,19.7,89,1,17.8,0.02,0,0.939
2021/6/12 6:00,21.6,80,1,18,0.38,0.3,2.744
2021/6/12 7:00,22.7,74,1,17.8,0.8,0.3,2.81
2021/6/12 8:00,23.3,70,1,17.5,0.96,0.2,5.567
2021/6/12 9:00,24.7,65,1,17.7,1.63,0.3,5.851
2021/6/12 10:00,24.8,66,1,18,1.68,0.1,5.18
2021/6/12 11:00,25.4,60,1,17.1,1.68,0,6.962
2021/6/12 12:00,25.6,60,1,17.3,2.47,0.4,7.113
2021/6/12 13:00,25.8,59,1,17.2,2.47,0.5,5.927
2021/6/12 14:00,25.7,60,1,17.4,1.55,0.2,4.572
2021/6/12 15:00,25.9,64,1,18.6,1.48,0.3,2.658
2021/6/12 16:00,25.7,66,1,18.9,1.75,0.8,1.027
2021/6/12 17:00,24.9,69,1,18.8,1.38,1,0.373
2021/6/12 18:00,23.9,74,1,19,0.44,0.4,0.235
2021/6/12 19:00,23.4,78,0,19.4,0.07,0,0
2021/6/12 20:00,23,78,0,19,0,0,0
2021/6/12 21:00,22.8,79,0,19,0,0,0
2021/6/12 22:00,22.6,81,0,19.2,0,0,0
2021/6/12 23:00,22.4,76,0,18,0,0,0
2021/6/13 0:00,22.5,77,0,18.3,0,0,0
2021/6/13 1:00,22.7,74,0,17.8,0,0,0
2021/6/13 2:00,22.1,74,0,17.3,0,0,0
2021/6/13 3:00,22.3,74,0,17.5,0,0,0
2021/6/13 4:00,21.9,78,0,17.9,0,0,0.225
2021/6/13 5:00,21.5,80,1,17.9,0.03,0,0.671
2021/6/13 6:00,22.5,79,1,18.7,0.29,0,1.982
2021/6/13 7:00,23.6,70,1,17.8,0.89,0.6,3.52
2021/6/13 8:00,24.7,68,1,18.4,1.27,0.5,5.19
2021/6/13 9:00,25.6,66,1,18.8,1.81,0.8,7.751
2021/6/13 10:00,27,58,1,18,2.92,0.9,5.361
2021/6/13 11:00,26.7,62,1,18.8,1.5,0.2,5.274
2021/6/13 12:00,27.4,61,1,19.2,1.5,0,3.657
2021/6/13 13:00,26.8,61,1,18.7,1.41,0,3.289
2021/6/13 14:00,26.3,63,1,18.7,1.08,0,2.107
2021/6/13 15:00,26.8,58,1,17.9,1.57,0.2,2.536
2021/6/13 16:00,25.7,58,1,16.8,0.78,0,1.108
2021/6/13 17:00,25.1,63,1,17.6,0.46,0,0.43
2021/6/13 18:00,25.2,61,1,17.2,0.22,0,0.234
2021/6/13 19:00,24.3,65,0,17.3,0.07,0,0
2021/6/13 20:00,24.1,70,0,18.3,0,0,0
2021/6/13 21:00,23.5,70,0,17.7,0,0,0
2021/6/13 22:00,22.8,74,0,17.9,0,0,0
2021/6/13 23:00,22.1,78,0,18.1,0,0,0
2021/6/14 0:00,22.2,74,0,17.4,0,0,0
2021/6/14 1:00,19.7,88,0,17.7,0,0,0
2021/6/14 2:00,19.8,92,0,18.5,0,0,0
2021/6/14 3:00,21.2,86,0,18.8,0,0,0
2021/6/14 4:00,20.3,92,0,19,0,0,0.0001
2021/6/14 5:00,20.5,92,1,19.2,0.01,0,0.273
2021/6/14 6:00,21.3,91,1,19.8,0.08,0,0.553
2021/6/14 7:00,20.4,99,1,20.2,0.12,0,1.267
2021/6/14 8:00,20.3,100,1,20.3,0.1,0,1.037
2021/6/14 9:00,21.6,97,1,21.1,0.55,0,1.503
2021/6/14 10:00,21.7,94,1,20.7,0.69,0,1.474
2021/6/14 11:00,21.6,94,1,20.6,0.85,0,1.239
2021/6/14 12:00,23.3,84,1,20.5,1.57,0,1.406
2021/6/14 13:00,22.8,82,1,19.6,1.61,0,2.104
2021/6/14 14:00,22.5,83,1,19.5,1.16,0,2.398
2021/6/14 15:00,22.5,80,1,18.9,1.03,0,2.056
2021/6/14 16:00,22.4,81,1,19,0.77,0,0.768
2021/6/14 17:00,22,91,1,20.5,0.41,0,0.339
2021/6/14 18:00,21.5,94,1,20.5,0.26,0,0.531
2021/6/14 19:00,20.2,97,0,19.7,0.03,0,0
2021/6/14 20:00,20.4,96,0,19.8,0,0,0
2021/6/14 21:00,20,97,0,19.5,0,0,0
2021/6/14 22:00,19.7,99,0,19.6,0,0,0
2021/6/14 23:00,19.2,99,0,19,0,0,0
2021/6/15 0:00,19.2,100,0,19.2,0,0,0
2021/6/15 1:00,19.8,98,0,19.5,0,0,0
2021/6/15 2:00,19.1,98,0,18.8,0,0,0
2021/6/15 3:00,18.9,100,0,18.9,0,0,0
2021/6/15 4:00,18.9,100,0,18.9,0,0,0.351
2021/6/15 5:00,19.7,98,1,19.4,0.03,0,1.492
2021/6/15 6:00,20.9,95,1,20.1,0.4,0.8,3.539
2021/6/15 7:00,22.2,86,1,19.8,0.81,0.6,3.892
2021/6/15 8:00,23.4,81,1,20,0.99,0.2,5.948
2021/6/15 9:00,25,78,1,20.9,1.33,0.2,6.49
2021/6/15 10:00,25.3,68,1,19,2.06,0.5,7.538
2021/6/15 11:00,26.8,71,1,21.1,1.76,0.4,7.777
2021/6/15 12:00,26.9,63,1,19.3,2.3,0.5,6.744
2021/6/15 13:00,27.6,57,1,18.3,3.42,1,5.95
2021/6/15 14:00,28.3,51,1,17.2,3.12,1,4.305
2021/6/15 15:00,28.4,52,1,17.6,2.64,1,2.667
2021/6/15 16:00,28,50,1,16.6,1.89,0.9,0.898
2021/6/15 17:00,26.7,61,1,18.6,0.68,0.1,0.41
2021/6/15 18:00,24.7,73,1,19.5,0.19,0,0.945
2021/6/15 19:00,24.6,71,0,19,0.02,0,0
2021/6/15 20:00,21.6,92,0,20.3,0,0,0
2021/6/15 21:00,20.9,97,0,20.4,0,0,0
2021/6/15 22:00,20.6,95,0,19.8,0,0,0
2021/6/15 23:00,20.9,96,0,20.2,0,0,0
2021/6/16 0:00,21.4,93,0,20.2,0,0,0
2021/6/16 1:00,21.6,95,0,20.8,0,0,0
2021/6/16 2:00,21,100,0,21,0,0,0
2021/6/16 3:00,20.7,100,0,20.7,0,0,0
2021/6/16 4:00,21.1,100,0,21.1,0,0,5.00E-05
2021/6/16 5:00,21.2,100,1,21.2,0.01,0,0.647
2021/6/16 6:00,20.7,100,1,20.7,0.05,0,0.469
2021/6/16 7:00,20.9,100,1,20.9,0.13,0,0.768
2021/6/16 8:00,21.1,97,1,20.6,0.24,0,1.335
2021/6/16 9:00,21.6,96,1,20.9,0.55,0,3.813
2021/6/16 10:00,22.4,91,1,20.9,0.99,0,3.591
2021/6/16 11:00,22.6,95,1,21.8,0.88,0,4.323
2021/6/16 12:00,23.6,87,1,21.3,1.35,0,2.457
2021/6/16 13:00,24,80,1,20.3,1,0,3.226
2021/6/16 14:00,24.8,76,1,20.3,1.05,0,1.659
2021/6/16 15:00,23.4,82,1,20.2,0.75,0,1.453
2021/6/16 16:00,23.5,82,1,20.3,0.55,0,1.083
2021/6/16 17:00,22.8,85,1,20.2,0.36,0,0.524
2021/6/16 18:00,22.6,82,1,19.4,0.17,0,0.384
2021/6/16 19:00,23.1,73,0,18,0.03,0,0
2021/6/16 20:00,22.5,71,0,17,0,0,0
2021/6/16 21:00,22.3,70,0,16.6,0,0,0
2021/6/16 22:00,22.7,71,0,17.2,0,0,0
2021/6/16 23:00,21.9,79,0,18.1,0,0,0
2021/6/17 0:00,21.6,84,0,18.8,0,0,0
2021/6/17 1:00,20.9,89,0,19,0,0,0
2021/6/17 2:00,20.6,91,0,19.1,0,0,0
2021/6/17 3:00,20.3,90,0,18.6,0,0,0
2021/6/17 4:00,19.6,95,0,18.8,0,0,5.00E-05
2021/6/17 5:00,19.7,93,1,18.5,0,0,0.254
2021/6/17 6:00,19.6,93,1,18.4,0.08,0,0.924
2021/6/17 7:00,20.1,89,1,18.2,0.25,0,1.433
2021/6/17 8:00,21.7,84,1,18.9,0.97,0.2,4.052
2021/6/17 9:00,22,80,1,18.4,0.96,0.1,3.125
2021/6/17 10:00,23,73,1,17.9,1.61,0.2,2.806
2021/6/17 11:00,20.5,95,1,19.7,0.69,0,6.732
2021/6/17 12:00,22.2,91,1,20.7,1.84,0.2,5.856
2021/6/17 13:00,23.6,74,1,18.7,0.8,0,5.884
2021/6/17 14:00,26,59,1,17.4,2.2,0.5,4.126
2021/6/17 15:00,26.3,53,1,16,2.74,1,2.395
2021/6/17 16:00,25.4,57,1,16.3,2.21,1,0.815
2021/6/17 17:00,23.6,58,1,14.9,1.11,0.7,0.327
2021/6/17 18:00,22.8,57,1,13.9,0.55,0.8,0.216
2021/6/17 19:00,22.2,70,0,16.5,0.1,0.1,0
2021/6/17 20:00,21.3,75,0,16.7,0,0,0
2021/6/17 21:00,21.2,72,0,16,0,0,0
2021/6/17 22:00,21,71,0,15.6,0,0,0
2021/6/17 23:00,20.6,71,0,15.2,0,0,0
2021/6/18 0:00,19,75,0,14.5,0,0,0
2021/6/18 1:00,18.9,75,0,14.4,0,0,0
2021/6/18 2:00,19.2,74,0,14.5,0,0,0
2021/6/18 3:00,19.1,77,0,15,0,0,0
2021/6/18 4:00,19.3,75,0,14.8,0,0,0.482
2021/6/18 5:00,19.5,74,1,14.8,0.02,0,1.218
2021/6/18 6:00,19.4,78,1,15.5,0.24,0,4.445
2021/6/18 7:00,21.3,68,1,15.2,1.05,0.9,5.688
2021/6/18 8:00,22.4,63,1,15,1.86,1,6.545
2021/6/18 9:00,22,66,1,15.4,1.43,0.5,7.308
2021/6/18 10:00,24.4,59,1,15.9,2.68,0.8,7.705
2021/6/18 11:00,25.1,62,1,17.3,2.74,0.6,7.517
2021/6/18 12:00,26.7,58,1,17.8,2.72,0.6,6.992
2021/6/18 13:00,26.6,54,1,16.5,3.3,1,5.315
2021/6/18 14:00,26,58,1,17.1,2.4,0.8,4.398
2021/6/18 15:00,26,58,1,17.1,2.04,0.9,2.648
2021/6/18 16:00,25.9,61,1,17.8,1.56,0.6,1.605
2021/6/18 17:00,24.3,67,1,17.8,0.85,0.2,0.522
2021/6/18 18:00,23.4,73,1,18.3,0.23,0,0.386
2021/6/18 19:00,23.3,77,0,19.1,0.03,0,0
2021/6/18 20:00,23.4,77,0,19.1,0,0,0
2021/6/18 21:00,22.8,81,0,19.4,0,0,0
2021/6/18 22:00,23,76,0,18.6,0,0,0
2021/6/18 23:00,23.2,75,0,18.5,0,0,0
2021/6/19 0:00,22.9,76,0,18.5,0,0,0
2021/6/19 1:00,22,84,0,19.2,0,0,0
2021/6/19 2:00,21.6,89,0,19.7,0,0,0
2021/6/19 3:00,20.3,97,0,19.8,0,0,0
2021/6/19 4:00,20.4,93,0,19.2,0,0,0.0001
2021/6/19 5:00,19.5,99,1,19.4,0,0,0.211
2021/6/19 6:00,19.9,99,1,19.8,0.08,0,0.247
2021/6/19 7:00,19.4,98,1,19.1,0.14,0,0.567
2021/6/19 8:00,20.3,97,1,19.8,0.34,0,0.948
2021/6/19 9:00,20.4,96,1,19.8,0.4,0,1.232
2021/6/19 10:00,19.9,98,1,19.6,0.33,0,1.801
2021/6/19 11:00,20.3,98,1,20,0.58,0,2.213
2021/6/19 12:00,20.6,98,1,20.3,0.59,0,1.277
2021/6/19 13:00,20.9,97,1,20.4,0.64,0,1.738
2021/6/19 14:00,20.7,98,1,20.4,0.44,0,1.453
2021/6/19 15:00,20.5,98,1,20.2,0.36,0,1.365
2021/6/19 16:00,20.7,96,1,20.1,0.47,0,0.758
2021/6/19 17:00,20.2,92,1,18.9,0.33,0,0.363
2021/6/19 18:00,20,92,1,18.7,0.17,0,0.577
2021/6/19 19:00,20.5,89,0,18.6,0.02,0,0
2021/6/19 20:00,20.1,93,0,18.9,0,0,0
2021/6/19 21:00,19.9,95,0,19.1,0,0,0
2021/6/19 22:00,19.7,95,0,18.9,0,0,0
2021/6/19 23:00,19.4,100,0,19.4,0,0,0
2021/6/20 0:00,19.5,100,0,19.5,0,0,0
2021/6/20 1:00,19.9,100,0,19.9,0,0,0
2021/6/20 2:00,19.7,100,0,19.7,0,0,0
2021/6/20 3:00,19.6,100,0,19.6,0,0,0
2021/6/20 4:00,19.6,100,0,19.6,0,0,0.0001
2021/6/20 5:00,19.6,100,1,19.6,0.01,0,0.187
2021/6/20 6:00,19.7,100,1,19.7,0.08,0,0.451
2021/6/20 7:00,19.9,100,1,19.9,0.16,0,1.566
2021/6/20 8:00,20.4,100,1,20.4,0.4,0,1.897
2021/6/20 9:00,20.8,97,1,20.3,0.56,0,2.247
2021/6/20 10:00,22.2,89,1,20.3,1.21,0,2.824
2021/6/20 11:00,23.4,83,1,20.4,1.19,0,2.775
2021/6/20 12:00,24.4,79,1,20.5,2.07,0.2,4.764
2021/6/20 13:00,26.9,68,1,20.5,1.87,0.2,3.818
2021/6/20 14:00,26.4,65,1,19.3,1.52,0.1,3.046
2021/6/20 15:00,27.4,61,1,19.2,2.18,0.5,1.951
2021/6/20 16:00,25.4,73,1,20.2,0.46,0,0.871
2021/6/20 17:00,25.2,79,1,21.3,0.45,0,0.54
2021/6/20 18:00,24.9,75,1,20.2,0.33,0,0.369
2021/6/20 19:00,24.4,76,0,19.9,0.05,0,0
2021/6/20 20:00,23.7,82,0,20.5,0,0,0
2021/6/20 21:00,23.8,82,0,20.6,0,0,0
2021/6/20 22:00,23.9,82,0,20.6,0,0,0
2021/6/20 23:00,22.9,86,0,20.4,0,0,0
2021/6/21 0:00,22.9,53,0,12.8,0,0,0
2021/6/21 1:00,22.6,53,0,12.6,0,0,0
2021/6/21 2:00,21,71,0,15.6,0,0,0
2021/6/21 3:00,20.5,84,0,17.7,0,0,0
2021/6/21 4:00,19.8,89,0,17.9,0,0,0.121
2021/6/21 5:00,20.2,88,1,18.2,0.01,0,0.328
2021/6/21 6:00,20.4,88,1,18.4,0.18,0,1.11
2021/6/21 7:00,21.2,84,1,18.4,0.38,0,2.172
2021/6/21 8:00,22.4,77,1,18.2,1.22,0.4,4.085
2021/6/21 9:00,23.4,74,1,18.5,1.29,0,4.924
2021/6/21 10:00,23.6,71,1,18,1.38,0,5.349
2021/6/21 11:00,24.7,72,1,19.3,1.76,0.1,6.137
2021/6/21 12:00,24.9,69,1,18.8,2.05,0.2,4.868
2021/6/21 13:00,26.3,65,1,19.2,2.52,0.4,5.715
2021/6/21 14:00,26.1,58,1,17.2,2.81,0.7,4.717
2021/6/21 15:00,27,62,1,19.1,2.73,1,2.776
2021/6/21 16:00,25.6,67,1,19,2.14,1,0.995
2021/6/21 17:00,24.9,69,1,18.8,1.25,0.8,0.379
2021/6/21 18:00,23.5,69,1,17.5,0.65,0.7,0.183
2021/6/21 19:00,22.9,71,0,17.4,0.1,0,0
2021/6/21 20:00,22.4,73,0,17.3,0,0,0
2021/6/21 21:00,22,76,0,17.6,0,0,0
2021/6/21 22:00,21.6,80,0,18,0,0,0
2021/6/21 23:00,21.3,83,0,18.3,0,0,0
2021/6/22 0:00,21,85,0,18.4,0,0,0
2021/6/22 1:00,20.5,86,0,18.1,0,0,0
2021/6/22 2:00,19.6,90,0,17.9,0,0,0
2021/6/22 3:00,19.7,92,0,18.4,0,0,0
2021/6/22 4:00,19.8,93,0,18.6,0,0,0.292
2021/6/22 5:00,19.5,96,1,18.9,0.03,0,1.574
2021/6/22 6:00,21.4,90,1,19.7,0.36,0.5,3.39
2021/6/22 7:00,22.7,84,1,19.9,0.8,0.4,1.758
2021/6/22 8:00,23.5,75,1,18.8,0.81,0.1,2.84
2021/6/22 9:00,24.5,65,1,17.5,1.49,0.2,5.43
2021/6/22 10:00,24.5,69,1,18.5,1.82,0.3,5.875
2021/6/22 11:00,25.9,61,1,17.8,2.42,0.4,7.435
2021/6/22 12:00,28.3,59,1,19.5,2.64,0.5,5.28
2021/6/22 13:00,26.9,62,1,19,2.62,0.5,4.687
2021/6/22 14:00,25.8,67,1,19.2,2.05,0.2,3.148
2021/6/22 15:00,26.3,66,1,19.5,1.47,0.1,2.001
2021/6/22 16:00,24.8,67,1,18.3,1,0,1.285
2021/6/22 17:00,24.1,69,1,18.1,0.41,0,0.348
2021/6/22 18:00,23.7,71,1,18.1,0.2,0,0.16
2021/6/22 19:00,23,76,0,18.6,0.08,0,0
2021/6/22 20:00,22.5,79,0,18.7,0,0,0
2021/6/22 21:00,22.1,81,0,18.7,0,0,0
2021/6/22 22:00,22.1,79,0,18.3,0,0,0
2021/6/22 23:00,22.1,76,0,17.7,0,0,0
2021/6/23 0:00,21.5,82,0,18.3,0,0,0
2021/6/23 1:00,20.9,86,0,18.5,0,0,0
2021/6/23 2:00,21,85,0,18.4,0,0,0
2021/6/23 3:00,21.5,82,0,18.3,0,0,0
2021/6/23 4:00,21.4,82,0,18.2,0,0,6.67E-05
2021/6/23 5:00,21.1,86,1,18.7,0.02,0,0.627
2021/6/23 6:00,21.6,85,1,19,0.19,0,0.65
2021/6/23 7:00,22,82,1,18.8,0.3,0,1.554
2021/6/23 8:00,22.7,79,1,18.9,0.67,0,2.674
2021/6/23 9:00,23.3,78,1,19.3,0.97,0,5.097
2021/6/23 10:00,23.9,68,1,17.6,1.1,0,3.943
2021/6/23 11:00,25.2,63,1,17.7,1.43,0,2.198
2021/6/23 12:00,23.4,72,1,18.1,0.98,0,1.528
2021/6/23 13:00,21.3,99,1,21.1,0.24,0,1.762
2021/6/23 14:00,21.8,97,1,21.3,0.43,0,1.549
2021/6/23 15:00,21.2,87,1,19,0.21,0,1.031
2021/6/23 16:00,21.4,95,1,20.6,0.16,0,0.738
2021/6/23 17:00,22.6,72,1,17.3,0.35,0,0.464
2021/6/23 18:00,22.9,69,1,16.9,0.33,0.1,0.253
2021/6/23 19:00,22.2,78,0,18.2,0.07,0,0
2021/6/23 20:00,22.1,77,0,17.9,0,0,0
2021/6/23 21:00,22,78,0,18,0,0,0
2021/6/23 22:00,21.8,80,0,18.2,0,0,0
2021/6/23 23:00,20.9,89,0,19,0,0,0
2021/6/24 0:00,20.7,89,0,18.8,0,0,0
2021/6/24 1:00,20.8,89,0,18.9,0,0,0
2021/6/24 2:00,20.7,88,0,18.7,0,0,0
2021/6/24 3:00,19.9,91,0,18.4,0,0,0
2021/6/24 4:00,19.6,90,0,17.9,0,0,5.00E-05
2021/6/24 5:00,19.7,91,1,18.2,0.03,0,0.385
2021/6/24 6:00,20.7,87,1,18.5,0.26,0,1.173
2021/6/24 7:00,21.9,85,1,19.3,0.58,0.1,2.902
2021/6/24 8:00,22.4,80,1,18.8,1.18,0.2,4.894
2021/6/24 9:00,22.4,81,1,19,0.72,0,6.511
2021/6/24 10:00,22.7,80,1,19.1,0.46,0,4.983
2021/6/24 11:00,24.7,72,1,19.3,1.27,0,5.101
2021/6/24 12:00,26.2,67,1,19.6,2.1,0.1,5.433
2021/6/24 13:00,24.9,68,1,18.6,2.42,0.5,4.921
2021/6/24 14:00,25.8,69,1,19.7,2.97,0.8,4.818
2021/6/24 15:00,24.6,71,1,19,1.18,0.2,3.066
2021/6/24 16:00,25,65,1,18,1.04,0.2,0.971
2021/6/24 17:00,25.6,65,1,18.5,0.81,0.4,0.729
2021/6/24 18:00,24.5,64,1,17.3,0.64,0.7,0.203
2021/6/24 19:00,23.2,69,0,17.2,0.09,0.1,0
2021/6/24 20:00,22.9,74,0,18,0,0,0
2021/6/24 21:00,23.1,76,0,18.6,0,0,0
2021/6/24 22:00,22.3,81,0,18.9,0,0,0
2021/6/24 23:00,22.5,80,0,18.9,0,0,0
2021/6/25 0:00,22.2,80,0,18.6,0,0,0
2021/6/25 1:00,22.6,79,0,18.8,0,0,0
2021/6/25 2:00,22.4,80,0,18.8,0,0,0
2021/6/25 3:00,21.7,84,0,18.9,0,0,0
2021/6/25 4:00,21.7,86,0,19.3,0,0,5.00E-05
2021/6/25 5:00,21,94,1,20,0.01,0,0.26
2021/6/25 6:00,21.4,95,1,20.6,0.09,0,1.062
2021/6/25 7:00,22.1,90,1,20.4,0.29,0,1.35
2021/6/25 8:00,22.8,88,1,20.7,0.44,0,2.545
2021/6/25 9:00,23,84,1,20.2,0.43,0,2.746
2021/6/25 10:00,22.1,91,1,20.6,0.3,0,3.998
2021/6/25 11:00,21.3,99,1,21.1,0.25,0,4.313
2021/6/25 12:00,24.5,89,1,22.6,1.99,0.3,6.31
2021/6/25 13:00,26.2,66,1,19.4,3.03,0.8,5.919
2021/6/25 14:00,26.5,60,1,18.1,2.91,0.9,4.412
2021/6/25 15:00,26.9,61,1,18.8,2.74,1,1.878
2021/6/25 16:00,27,57,1,17.8,1.67,0.5,1.443
2021/6/25 17:00,25.3,68,1,19,0.99,0.4,0.315
2021/6/25 18:00,25,69,1,18.9,0.12,0,0.198
2021/6/25 19:00,24.3,73,0,19.2,0.02,0,0
2021/6/25 20:00,23.4,73,0,18.3,0,0,0
2021/6/25 21:00,23.1,75,0,18.4,0,0,0
2021/6/25 22:00,22.3,81,0,18.9,0,0,0
2021/6/25 23:00,21.9,80,0,18.3,0,0,0
2021/6/26 0:00,21.4,82,0,18.2,0,0,0
2021/6/26 1:00,20.9,86,0,18.5,0,0,0
2021/6/26 2:00,21,87,0,18.8,0,0,0
2021/6/26 3:00,20.9,87,0,18.7,0,0,0
2021/6/26 4:00,20.9,86,0,18.5,0,0,0.106
2021/6/26 5:00,20.7,88,1,18.7,0.02,0,1.144
2021/6/26 6:00,22.4,81,1,19,0.37,0.5,3.757
2021/6/26 7:00,23.7,76,1,19.2,1.08,0.9,5.545
2021/6/26 8:00,25.3,68,1,19,1.69,0.8,6.381
2021/6/26 9:00,25.4,69,1,19.3,1.47,0.5,6.055
2021/6/26 10:00,26.1,62,1,18.3,2.15,0.6,5.507
2021/6/26 11:00,27.3,57,1,18,2.13,0.6,4.166
2021/6/26 12:00,26.8,62,1,18.9,1.47,0.1,4.394
2021/6/26 13:00,27.2,58,1,18.2,1.54,0,3.58
2021/6/26 14:00,27.4,58,1,18.4,1.48,0,2.522
2021/6/26 15:00,26.6,62,1,18.7,1.01,0,1.573
2021/6/26 16:00,26,66,1,19.2,0.67,0,1.236
2021/6/26 17:00,25.5,68,1,19.2,0.64,0,0.564
2021/6/26 18:00,25,69,1,18.9,0.26,0,0.159
2021/6/26 19:00,24.6,71,0,19,0.08,0,0
2021/6/26 20:00,24.1,79,0,20.2,0,0,0
2021/6/26 21:00,23.8,80,0,20.2,0,0,0
2021/6/26 22:00,23.2,84,0,20.4,0,0,0
2021/6/26 23:00,22.8,86,0,20.3,0,0,0
2021/6/27 0:00,23.2,84,0,20.4,0,0,0
2021/6/27 1:00,22.4,88,0,20.3,0,0,0
2021/6/27 2:00,22,93,0,20.8,0,0,0
2021/6/27 3:00,21.8,94,0,20.8,0,0,0
2021/6/27 4:00,21.7,95,0,20.9,0,0,5.00E-05
2021/6/27 5:00,22,92,1,20.6,0.02,0,0.405
2021/6/27 6:00,23.3,86,1,20.8,0.24,0,1.101
2021/6/27 7:00,23.6,85,1,20.9,0.46,0,2.856
2021/6/27 8:00,25.3,78,1,21.2,0.94,0.2,5.76
2021/6/27 9:00,24.5,74,1,19.6,1.3,0.3,4.823
2021/6/27 10:00,25.1,70,1,19.3,0.72,0,4.193
2021/6/27 11:00,26.2,65,1,19.1,1.94,0.3,3.399
2021/6/27 12:00,25.7,72,1,20.3,1.3,0,2.962
2021/6/27 13:00,25.4,69,1,19.3,0.57,0,2.802
2021/6/27 14:00,25.2,69,1,19.1,1.04,0,1.387
2021/6/27 15:00,24.9,71,1,19.3,0.52,0,1.048
2021/6/27 16:00,25,68,1,18.7,0.38,0,0.41
2021/6/27 17:00,24.6,69,1,18.5,0.27,0,0.221
2021/6/27 18:00,23.9,74,1,19,0.09,0,0.632
2021/6/27 19:00,23.6,75,0,18.9,0.02,0,0
2021/6/27 20:00,23.2,74,0,18.3,0,0,0
2021/6/27 21:00,22.6,78,0,18.6,0,0,0
2021/6/27 22:00,22.5,81,0,19.1,0,0,0
2021/6/27 23:00,22.5,80,0,18.9,0,0,0
2021/6/28 0:00,22.1,83,0,19.1,0,0,0
2021/6/28 1:00,21.8,84,0,19,0,0,0
2021/6/28 2:00,20.8,88,0,18.7,0,0,0
2021/6/28 3:00,20.3,91,0,18.8,0,0,0
2021/6/28 4:00,21.1,87,0,18.9,0,0,0.149
2021/6/28 5:00,20.5,90,1,18.8,0.02,0,1.297
2021/6/28 6:00,22.1,83,1,19.1,0.4,0.8,3.266
2021/6/28 7:00,23.8,75,1,19.1,1.09,1,3.536
2021/6/28 8:00,24.7,71,1,19.1,1.61,0.9,5.007
2021/6/28 9:00,25.3,66,1,18.5,2.02,0.7,4.486
2021/6/28 10:00,26.1,62,1,18.3,1.78,0.4,5.855
2021/6/28 11:00,26.9,62,1,19,2.05,0.7,5.611
2021/6/28 12:00,28.2,59,1,19.4,2.31,0.6,5.598
2021/6/28 13:00,27.6,60,1,19.1,2.14,0.5,4.998
2021/6/28 14:00,28,53,1,17.5,2.6,0.8,4.314
2021/6/28 15:00,28.3,52,1,17.5,2.57,1,2.681
2021/6/28 16:00,27.2,58,1,18.2,1.3,0.4,1.538
2021/6/28 17:00,27,59,1,18.3,0.57,0,0.537
2021/6/28 18:00,26.3,65,1,19.2,0.23,0,0.305
2021/6/28 19:00,24.9,73,0,19.7,0.05,0,0
2021/6/28 20:00,24,74,0,19.1,0,0,0
2021/6/28 21:00,23.5,74,0,18.6,0,0,0
2021/6/28 22:00,22.8,79,0,19,0,0,0
2021/6/28 23:00,22.4,84,0,19.6,0,0,0
2021/6/29 0:00,21.3,94,0,20.3,0,0,0
2021/6/29 1:00,20.6,97,0,20.1,0,0,0
2021/6/29 2:00,19.5,97,0,19,0,0,0
2021/6/29 3:00,19.5,99,0,19.4,0,0,0
2021/6/29 4:00,19.3,99,0,19.1,0,0,0.0001
2021/6/29 5:00,19.3,99,1,19.1,0,0,0.143
2021/6/29 6:00,19.5,99,1,19.4,0.02,0,0.25
2021/6/29 7:00,19.6,98,1,19.3,0.07,0,0.369
2021/6/29 8:00,19.4,99,1,19.3,0.13,0,0.815
2021/6/29 9:00,20.1,97,1,19.6,0.25,0,1.542
2021/6/29 10:00,21,96,1,20.3,0.64,0,4.552
2021/6/29 11:00,21.9,90,1,20.2,1.03,0,1.74
2021/6/29 12:00,24.1,78,1,20,1.48,0,2.943
2021/6/29 13:00,25.5,76,1,21,2.13,0.4,5.435
2021/6/29 14:00,26.4,70,1,20.5,1.71,0.2,3.18
2021/6/29 15:00,27,61,1,18.8,2.06,0.4,2.744
2021/6/29 16:00,27.3,68,1,20.9,1.65,0.5,1.165
2021/6/29 17:00,25.8,75,1,21,0.56,0,0.404
2021/6/29 18:00,26.3,66,1,19.5,0.22,0,0.615
2021/6/29 19:00,22.2,100,0,22.2,0.01,0,0
2021/6/29 20:00,22.2,94,0,21.2,0,0,0
2021/6/29 21:00,20.7,98,0,20.4,0,0,0
2021/6/29 22:00,19.8,97,0,19.3,0,0,0
2021/6/29 23:00,19.3,97,0,18.8,0,0,0
2021/6/30 0:00,18.8,99,0,18.6,0,0,0
2021/6/30 1:00,18.8,97,0,18.3,0,0,0
2021/6/30 2:00,18.6,98,0,18.3,0,0,0
2021/6/30 3:00,18.7,97,0,18.2,0,0,0
2021/6/30 4:00,18.9,97,0,18.4,0,0,5.00E-05
2021/6/30 5:00,18.7,99,1,18.5,0,0,0.219
2021/6/30 6:00,19,98,1,18.7,0.08,0,0.513
2021/6/30 7:00,19.8,88,1,17.8,0.23,0,1.085
2021/6/30 8:00,20.3,85,1,17.7,0.42,0,1.626
2021/6/30 9:00,20.6,85,1,18,0.5,0,2.471
2021/6/30 10:00,21.1,82,1,17.9,0.6,0,2.359
2021/6/30 11:00,21.6,81,1,18.2,0.55,0,2.423
2021/6/30 12:00,22.1,81,1,18.7,0.61,0,2.862
2021/6/30 13:00,22.2,82,1,19,0.54,0,2.358
2021/6/30 14:00,22.1,83,1,19.1,0.42,0,0.692
2021/6/30 15:00,22.5,81,1,19.1,0.27,0,0.412
2021/6/30 16:00,22.5,81,1,19.1,0.25,0,0.24
2021/6/30 17:00,21.9,86,1,19.5,0.1,0,0.354
2021/6/30 18:00,20.6,99,1,20.4,0.05,0,0.969
2021/6/30 19:00,20.5,100,0,20.5,0.01,0,0
2021/6/30 20:00,20.5,99,0,20.3,0,0,0
2021/6/30 21:00,20.6,99,0,20.4,0,0,0
2021/6/30 22:00,20.7,98,0,20.4,0,0,0
2021/6/30 23:00,20.7,96,0,20.1,0,0,0
2021/7/1 0:00,20.7,97,0,20.2,0,0,0
2021/7/1 1:00,20.9,97,0,20.4,0,0,0
2021/7/1 2:00,21.3,93,0,20.1,0,0,0
2021/7/1 3:00,20.6,99,0,20.4,0,0,0
2021/7/1 4:00,20.8,100,0,20.8,0,0,0.0001
2021/7/1 5:00,20.4,100,1,20.4,0,0,0.902
2021/7/1 6:00,20.4,100,1,20.4,0.02,0,0.927
2021/7/1 7:00,20.5,100,1,20.5,0.04,0,0.926
2021/7/1 8:00,20.5,100,1,20.5,0.05,0,0.919
2021/7/1 9:00,20.6,100,1,20.6,0.05,0,0.773
2021/7/1 10:00,20.5,99,1,20.3,0.11,0,1.377
2021/7/1 11:00,21,96,1,20.3,0.45,0,2.052
2021/7/1 12:00,22,93,1,20.8,0.97,0,1.613
2021/7/1 13:00,21.5,98,1,21.2,0.52,0,1.105
2021/7/1 14:00,21.6,97,1,21.1,0.51,0,1.057
2021/7/1 15:00,21.9,93,1,20.7,0.34,0,0.952
2021/7/1 16:00,21.8,89,1,19.9,0.4,0,0.251
2021/7/1 17:00,21.6,93,1,20.4,0.14,0,0.222
2021/7/1 18:00,21.2,96,1,20.5,0.08,0,0.903
2021/7/1 19:00,20.6,100,0,20.6,0.01,0,0
2021/7/1 20:00,20.6,100,0,20.6,0,0,0
2021/7/1 21:00,20.2,100,0,20.2,0,0,0
2021/7/1 22:00,20.2,100,0,20.2,0,0,0
2021/7/1 23:00,20.2,100,0,20.2,0,0,0
2021/7/2 0:00,20.4,100,0,20.4,0,0,0
2021/7/2 1:00,20.3,100,0,20.3,0,0,0
2021/7/2 2:00,20.5,100,0,20.5,0,0,0
2021/7/2 3:00,20.4,100,0,20.4,0,0,0
2021/7/2 4:00,20.4,100,0,20.4,0,0,5.00E-05
2021/7/2 5:00,20.5,100,1,20.5,0,0,0
2021/7/2 6:00,20.6,100,1,20.6,0.02,0,0.188
2021/7/2 7:00,20.6,100,1,20.6,0.07,0,0.226
2021/7/2 8:00,20.9,100,1,20.9,0.09,0,0.374
2021/7/2 9:00,20.9,100,1,20.9,0.15,0,0.435
2021/7/2 10:00,21,100,1,21,0.2,0,0.316
2021/7/2 11:00,21.2,100,1,21.2,0.22,0,0.758
2021/7/2 12:00,21.6,100,1,21.6,0.26,0,0.892
2021/7/2 13:00,21.8,100,1,21.8,0.3,0,0.769
2021/7/2 14:00,22,100,1,22,0.27,0,0.717
2021/7/2 15:00,22,100,1,22,0.17,0,0.448
2021/7/2 16:00,21.8,100,1,21.8,0.13,0,0.268
2021/7/2 17:00,21.9,100,1,21.9,0.15,0,0.382
2021/7/2 18:00,21.8,100,1,21.8,0.11,0,0.928
2021/7/2 19:00,21.7,100,0,21.7,0.05,0,0
2021/7/2 20:00,21.5,100,0,21.5,0,0,0
2021/7/2 21:00,21.4,100,0,21.4,0,0,0
2021/7/2 22:00,21.3,100,0,21.3,0,0,0
2021/7/2 23:00,21.2,100,0,21.2,0,0,0
2021/7/3 0:00,21.3,100,0,21.3,0,0,0
2021/7/3 1:00,21.2,100,0,21.2,0,0,0
2021/7/3 2:00,21.2,100,0,21.2,0,0,0
2021/7/3 3:00,21.2,100,0,21.2,0,0,0
2021/7/3 4:00,21.2,100,0,21.2,0,0,5.00E-05
2021/7/3 5:00,20.9,100,1,20.9,0,0,0
2021/7/3 6:00,21.1,100,1,21.1,0.01,0,0.914
2021/7/3 7:00,21.3,100,1,21.3,0.04,0,0.929
2021/7/3 8:00,20.9,100,1,20.9,0.06,0,0.723
2021/7/3 9:00,21,100,1,21,0.21,0,1.329
2021/7/3 10:00,21.3,100,1,21.3,0.58,0,2.226
2021/7/3 11:00,22.2,97,1,21.7,0.82,0,2.728
2021/7/3 12:00,23.2,90,1,21.5,1.66,0,3.72
2021/7/3 13:00,24.8,85,1,22.1,1.81,0,4.259
2021/7/3 14:00,25.6,85,1,22.9,1.62,0.1,2.867
2021/7/3 15:00,25,82,1,21.7,1.24,0,1.405
2021/7/3 16:00,24.5,84,1,21.6,0.9,0.1,0.93
2021/7/3 17:00,23.8,85,1,21.1,0.87,0.1,0.854
2021/7/3 18:00,22.8,83,1,19.8,0.3,0,0.316
2021/7/3 19:00,22.3,86,0,19.9,0.06,0,0
2021/7/3 20:00,21.9,85,0,19.3,0,0,0
2021/7/3 21:00,21.4,87,0,19.2,0,0,0
2021/7/3 22:00,21.4,87,0,19.2,0,0,0
2021/7/3 23:00,21.2,88,0,19.1,0,0,0
2021/7/4 0:00,20.7,92,0,19.4,0,0,0
2021/7/4 1:00,20.9,89,0,19,0,0,0
2021/7/4 2:00,20.5,91,0,19,0,0,0
2021/7/4 3:00,19.9,96,0,19.3,0,0,0
2021/7/4 4:00,19.7,99,0,19.6,0,0,0.0001
2021/7/4 5:00,19.9,98,1,19.6,0,0,0.944
2021/7/4 6:00,19.7,99,1,19.6,0.03,0,0.804
2021/7/4 7:00,19.7,99,1,19.6,0.09,0,0.387
2021/7/4 8:00,19.6,99,1,19.5,0.16,0,0.444
2021/7/4 9:00,19.6,99,1,19.5,0.24,0,0.579
2021/7/4 10:00,19.9,98,1,19.6,0.31,0,0.793
2021/7/4 11:00,20.4,100,1,20.4,0.31,0,0.958
2021/7/4 12:00,20.3,97,1,19.8,0.43,0,0.983
2021/7/4 13:00,20.5,98,1,20.2,0.4,0,1.096
2021/7/4 14:00,20.6,98,1,20.3,0.47,0,0.92
2021/7/4 15:00,20.6,98,1,20.3,0.4,0,0.383
2021/7/4 16:00,20.6,100,1,20.6,0.21,0,0.44
2021/7/4 17:00,20.5,100,1,20.5,0.22,0,0.224
2021/7/4 18:00,20.2,100,1,20.2,0.1,0,0.99
2021/7/4 19:00,20,100,0,20,0.01,0,0
2021/7/4 20:00,20.1,100,0,20.1,0,0,0
2021/7/4 21:00,20,100,0,20,0,0,0
2021/7/4 22:00,19.9,100,0,19.9,0,0,0
2021/7/4 23:00,19.9,100,0,19.9,0,0,0
2021/7/5 0:00,20,100,0,20,0,0,0
2021/7/5 1:00,20,100,0,20,0,0,0
2021/7/5 2:00,20.1,100,0,20.1,0,0,0
2021/7/5 3:00,20,100,0,20,0,0,0
2021/7/5 4:00,20,100,0,20,0,0,0.0001
2021/7/5 5:00,20.1,100,1,20.1,0,0,0.159
2021/7/5 6:00,20.2,100,1,20.2,0.05,0,0.261
2021/7/5 7:00,20.6,100,1,20.6,0.18,0,0.363
2021/7/5 8:00,20.8,100,1,20.8,0.25,0,0.608
2021/7/5 9:00,21,100,1,21,0.28,0,0.899
2021/7/5 10:00,22,97,1,21.5,0.71,0,2.415
2021/7/5 11:00,23.7,90,1,22,1.47,0,3.005
2021/7/5 12:00,23.9,84,1,21,1.82,0.2,2.414
2021/7/5 13:00,23.2,91,1,21.7,0.85,0,1.439
2021/7/5 14:00,23.1,90,1,21.4,0.66,0,1.999
2021/7/5 15:00,23.5,91,1,22,0.72,0,2.443
2021/7/5 16:00,24.5,85,1,21.8,1.28,0.3,1.565
2021/7/5 17:00,24.7,90,1,23,0.82,0.1,0.533
2021/7/5 18:00,24,94,1,23,0.34,0,0.492
2021/7/5 19:00,23,97,0,22.5,0.05,0,0
2021/7/5 20:00,22.9,98,0,22.6,0,0,0
2021/7/5 21:00,22.6,99,0,22.4,0,0,0
2021/7/5 22:00,22.4,99,0,22.2,0,0,0
2021/7/5 23:00,22.5,99,0,22.3,0,0,0
2021/7/6 0:00,22.7,99,0,22.5,0,0,0
2021/7/6 1:00,22.3,100,0,22.3,0,0,0
2021/7/6 2:00,22.2,100,0,22.2,0,0,0
2021/7/6 3:00,22.1,100,0,22.1,0,0,0
2021/7/6 4:00,22.3,100,0,22.3,0,0,0.0918
2021/7/6 5:00,22.4,100,1,22.4,0.02,0,0.318
2021/7/6 6:00,22.7,100,1,22.7,0.14,0,0.583
2021/7/6 7:00,23.2,98,1,22.9,0.22,0,0.965
2021/7/6 8:00,24,94,1,23,0.36,0,1.547
2021/7/6 9:00,24.5,92,1,23.1,0.48,0,2.927
2021/7/6 10:00,26.5,80,1,22.8,1.33,0,4.531
2021/7/6 11:00,28.3,73,1,23,1.95,0.1,3.745
2021/7/6 12:00,27.2,79,1,23.2,1.19,0.1,2.1
2021/7/6 13:00,27.3,81,1,23.8,0.94,0,1.891
2021/7/6 14:00,28,76,1,23.4,0.97,0,1.834
2021/7/6 15:00,27,81,1,23.5,0.76,0,1.143
2021/7/6 16:00,26.6,85,1,23.9,0.49,0,0.772
2021/7/6 17:00,26,87,1,23.7,0.28,0,0.234
2021/7/6 18:00,25.7,87,1,23.4,0.13,0,0.62
2021/7/6 19:00,25,88,0,22.9,0.02,0,0
2021/7/6 20:00,24.7,93,0,23.5,0,0,0
2021/7/6 21:00,24.5,97,0,24,0,0,0
2021/7/6 22:00,24.2,98,0,23.9,0,0,0
2021/7/6 23:00,23.8,99,0,23.6,0,0,0
2021/7/7 0:00,23.4,99,0,23.2,0,0,0
2021/7/7 1:00,23.1,100,0,23.1,0,0,0
2021/7/7 2:00,23.2,98,0,22.9,0,0,0
2021/7/7 3:00,23.7,98,0,23.4,0,0,0
2021/7/7 4:00,23.4,100,0,23.4,0,0,0.0001
2021/7/7 5:00,23.7,98,1,23.4,0.01,0,0.33
2021/7/7 6:00,24.1,96,1,23.4,0.11,0,0.732
2021/7/7 7:00,24.4,95,1,23.6,0.27,0,0.837
2021/7/7 8:00,24.5,95,1,23.7,0.34,0,1.155
2021/7/7 9:00,24.6,96,1,23.9,0.45,0,1.904
2021/7/7 10:00,26.3,85,1,23.6,1.09,0.1,3.543
2021/7/7 11:00,27.9,77,1,23.5,2.57,0.5,5.536
2021/7/7 12:00,28.4,75,1,23.5,1.95,0.2,4.799
2021/7/7 13:00,27.6,78,1,23.4,0.76,0,5.35
2021/7/7 14:00,29.6,69,1,23.3,2.71,0.8,3.858
2021/7/7 15:00,28.9,72,1,23.3,1.17,0.1,1.981
2021/7/7 16:00,28.3,73,1,23,0.84,0,1.549
2021/7/7 17:00,28.2,75,1,23.4,0.83,0.1,0.859
2021/7/7 18:00,27.3,76,1,22.7,0.47,0.1,0.319
2021/7/7 19:00,26.2,76,0,21.6,0.09,0,0
2021/7/7 20:00,25.9,74,0,20.9,0,0,0
2021/7/7 21:00,25.3,80,0,21.6,0,0,0
2021/7/7 22:00,25.4,79,0,21.5,0,0,0
2021/7/7 23:00,24.9,83,0,21.8,0,0,0
2021/7/8 0:00,24.6,81,0,21.1,0,0,0
2021/7/8 1:00,23.8,86,0,21.3,0,0,0
2021/7/8 2:00,24.3,85,0,21.6,0,0,0
2021/7/8 3:00,23.7,89,0,21.8,0,0,0
2021/7/8 4:00,23.8,89,0,21.9,0,0,5.00E-05
2021/7/8 5:00,23.6,89,1,21.7,0.01,0,0.292
2021/7/8 6:00,23.8,88,1,21.7,0.14,0,0.346
2021/7/8 7:00,23.8,90,1,22.1,0.16,0,0.745
2021/7/8 8:00,24,88,1,21.9,0.41,0,1.256
2021/7/8 9:00,24.4,87,1,22.1,0.31,0,1.393
2021/7/8 10:00,24.3,85,1,21.6,0.39,0,1.302
2021/7/8 11:00,24.4,86,1,21.9,0.41,0,1.262
2021/7/8 12:00,24.2,93,1,23,0.33,0,0.942
2021/7/8 13:00,24.4,90,1,22.7,0.58,0,0.938
2021/7/8 14:00,23.9,94,1,22.9,0.34,0,0.941
2021/7/8 15:00,23.7,94,1,22.7,0.2,0,0.707
2021/7/8 16:00,23.7,98,1,23.4,0.29,0,0.184
2021/7/8 17:00,23.5,99,1,23.3,0.14,0,0.168
2021/7/8 18:00,23.5,99,1,23.3,0.04,0,0.627
2021/7/8 19:00,23.4,99,0,23.2,0.01,0,0
2021/7/8 20:00,23.2,99,0,23,0,0,0
2021/7/8 21:00,23,100,0,23,0,0,0
2021/7/8 22:00,22.6,100,0,22.6,0,0,0
2021/7/8 23:00,22.4,100,0,22.4,0,0,0
2021/7/9 0:00,22.3,100,0,22.3,0,0,0
2021/7/9 1:00,22.3,100,0,22.3,0,0,0
2021/7/9 2:00,22.3,100,0,22.3,0,0,0
2021/7/9 3:00,22.3,100,0,22.3,0,0,0
2021/7/9 4:00,22.3,100,0,22.3,0,0,0.0001
2021/7/9 5:00,22.4,100,1,22.4,0,0,0.149
2021/7/9 6:00,22.5,100,1,22.5,0.05,0,0.202
2021/7/9 7:00,22.5,100,1,22.5,0.1,0,0.495
2021/7/9 8:00,23.1,100,1,23.1,0.29,0,0.826
2021/7/9 9:00,23.2,100,1,23.2,0.24,0,0.728
2021/7/9 10:00,23.3,100,1,23.3,0.35,0,1.077
2021/7/9 11:00,24,99,1,23.8,0.5,0,1.186
2021/7/9 12:00,24.2,99,1,24,0.4,0,1.194
2021/7/9 13:00,23.9,99,1,23.7,0.29,0,1.897
2021/7/9 14:00,24.1,99,1,23.9,0.26,0,2.158
2021/7/9 15:00,24.3,99,1,24.1,0.34,0,0.868
2021/7/9 16:00,24.6,98,1,24.3,0.24,0,0.655
2021/7/9 17:00,24.6,100,1,24.6,0.22,0,0.278
2021/7/9 18:00,24.3,100,1,24.3,0.06,0,0.947
2021/7/9 19:00,24.2,100,0,24.2,0.01,0,0
2021/7/9 20:00,24.1,100,0,24.1,0,0,0
2021/7/9 21:00,24,100,0,24,0,0,0
2021/7/9 22:00,23.9,100,0,23.9,0,0,0
2021/7/9 23:00,24,100,0,24,0,0,0
2021/7/10 0:00,23.8,100,0,23.8,0,0,0
2021/7/10 1:00,23.7,100,0,23.7,0,0,0
2021/7/10 2:00,23.6,100,0,23.6,0,0,0
2021/7/10 3:00,23.5,100,0,23.5,0,0,0
2021/7/10 4:00,23.5,100,0,23.5,0,0,0.0001
2021/7/10 5:00,23.6,100,1,23.6,0.01,0,0.237
2021/7/10 6:00,23.9,100,1,23.9,0.09,0,0.825
2021/7/10 7:00,24.5,99,1,24.3,0.31,0,1.64
2021/7/10 8:00,25.7,89,1,23.8,1.09,0.1,4.52
2021/7/10 9:00,27.2,88,1,25,1.84,0.5,6.613
2021/7/10 10:00,29.1,76,1,24.4,2.9,1,6.821
2021/7/10 11:00,30.9,73,1,25.5,2.95,1,6.819
2021/7/10 12:00,32.1,69,1,25.7,3.09,0.9,7.026
2021/7/10 13:00,31.7,69,1,25.3,3.03,1,5.154
2021/7/10 14:00,32.8,66,1,25.6,2.95,1,4.562
2021/7/10 15:00,32.7,63,1,24.7,2.64,1,2.385
2021/7/10 16:00,31.4,66,1,24.3,1.85,0.9,0.888
2021/7/10 17:00,30.6,71,1,24.7,0.9,0.6,0.253
2021/7/10 18:00,29.2,73,1,23.9,0.51,0.7,0.301
2021/7/10 19:00,27.6,81,0,24.1,0.12,0.3,0
2021/7/10 20:00,27.1,84,0,24.2,0,0,0
2021/7/10 21:00,23.9,92,0,22.5,0,0,0
2021/7/10 22:00,23.2,99,0,23,0,0,0
2021/7/10 23:00,23.1,98,0,22.8,0,0,0
2021/7/11 0:00,22.9,99,0,22.7,0,0,0
2021/7/11 1:00,23,100,0,23,0,0,0
2021/7/11 2:00,22.6,100,0,22.6,0,0,0
2021/7/11 3:00,22.4,100,0,22.4,0,0,0
2021/7/11 4:00,22.8,100,0,22.8,0,0,5.00E-05
2021/7/11 5:00,23,100,1,23,0.01,0,0.482
2021/7/11 6:00,23.7,99,1,23.5,0.15,0,1.12
2021/7/11 7:00,24.2,95,1,23.4,0.29,0,1.577
2021/7/11 8:00,25.3,90,1,23.5,0.53,0,3.39
2021/7/11 9:00,26.4,85,1,23.7,1.06,0,4.286
2021/7/11 10:00,26.7,80,1,23,0.91,0,4.752
2021/7/11 11:00,28.2,77,1,23.8,1.48,0,5.52
2021/7/11 12:00,29.6,72,1,24,1.95,0.2,6.127
2021/7/11 13:00,30.7,71,1,24.8,2.94,0.7,5.749
2021/7/11 14:00,30.8,71,1,24.9,3.06,1,4.411
2021/7/11 15:00,30.4,71,1,24.6,2.51,0.9,2.06
2021/7/11 16:00,28.9,77,1,24.5,0.93,0.3,0.36
2021/7/11 17:00,22.6,97,1,22.1,0.19,0,0.355
2021/7/11 18:00,22,98,1,21.7,0.18,0,0.936
2021/7/11 19:00,21.9,99,0,21.7,0.04,0,0
2021/7/11 20:00,21.8,99,0,21.6,0,0,0
2021/7/11 21:00,21.7,100,0,21.7,0,0,0
2021/7/11 22:00,21.6,100,0,21.6,0,0,0
2021/7/11 23:00,21.5,100,0,21.5,0,0,0
2021/7/12 0:00,21.2,100,0,21.2,0,0,0
2021/7/12 1:00,21.2,100,0,21.2,0,0,0
2021/7/12 2:00,21.2,100,0,21.2,0,0,0
2021/7/12 3:00,21.3,100,0,21.3,0,0,0
2021/7/12 4:00,21.2,100,0,21.2,0,0,0.152
2021/7/12 5:00,21.4,100,1,21.4,0.02,0,1.049
2021/7/12 6:00,22.5,100,1,22.5,0.34,0.9,2.751
2021/7/12 7:00,24.4,89,1,22.5,0.83,0.9,4.299
2021/7/12 8:00,25.3,84,1,22.4,1.03,0.1,4.82
2021/7/12 9:00,27,76,1,22.4,1.84,0.8,7.155
2021/7/12 10:00,28.6,69,1,22.4,2.75,1,7.242
2021/7/12 11:00,29,66,1,22,3,1,7.204
2021/7/12 12:00,29.8,66,1,22.8,3.22,1,6.795
2021/7/12 13:00,30.2,64,1,22.6,3.28,1,5.948
2021/7/12 14:00,30.9,61,1,22.5,3.09,1,2.147
2021/7/12 15:00,28.7,74,1,23.6,1.1,0.2,1.161
2021/7/12 16:00,28.3,80,1,24.5,0.51,0,0.749
2021/7/12 17:00,27.9,78,1,23.7,0.47,0,0.396
2021/7/12 18:00,27.7,78,1,23.5,0.2,0,0.253
2021/7/12 19:00,26.7,77,0,22.3,0.04,0,0
2021/7/12 20:00,25.8,82,0,22.5,0,0,0
2021/7/12 21:00,25.5,77,0,21.2,0,0,0
2021/7/12 22:00,24.7,82,0,21.4,0,0,0
2021/7/12 23:00,24.9,79,0,21,0,0,0
2021/7/13 0:00,24.4,84,0,21.5,0,0,0
2021/7/13 1:00,24.2,84,0,21.3,0,0,0
2021/7/13 2:00,24.3,82,0,21,0,0,0
2021/7/13 3:00,24,83,0,20.9,0,0,0
2021/7/13 4:00,23.8,87,0,21.5,0,0,5.00E-05
2021/7/13 5:00,23.6,90,1,21.9,0.01,0,0.41
2021/7/13 6:00,24.3,89,1,22.4,0.15,0,1.006
2021/7/13 7:00,24.9,83,1,21.8,0.45,0,2.933
2021/7/13 8:00,25.7,81,1,22.2,0.59,0,2.873
2021/7/13 9:00,26.2,83,1,23.1,0.62,0,3.647
2021/7/13 10:00,26.9,77,1,22.5,1.08,0,1.766
2021/7/13 11:00,27.7,69,1,21.5,1.52,0.1,0.371
2021/7/13 12:00,27,73,1,21.8,1.57,0.2,1.263
2021/7/13 13:00,27.6,73,1,22.3,2.14,0.5,3.144
2021/7/13 14:00,27.2,75,1,22.4,2.82,0.8,3.092
2021/7/13 15:00,26.1,80,1,22.4,0.45,0,2.083
2021/7/13 16:00,26.1,82,1,22.8,0.36,0,1.424
2021/7/13 17:00,26.7,78,1,22.5,0.4,0,0.924
2021/7/13 18:00,26.4,78,1,22.3,0.31,0,0.218
2021/7/13 19:00,25.9,81,0,22.4,0.07,0,0
2021/7/13 20:00,25.5,79,0,21.6,0,0,0
2021/7/13 21:00,24.8,83,0,21.7,0,0,0
2021/7/13 22:00,24.3,87,0,22,0,0,0
2021/7/13 23:00,24.3,88,0,22.2,0,0,0
2021/7/14 0:00,23.9,90,0,22.2,0,0,0
2021/7/14 1:00,23.5,88,0,21.4,0,0,0
2021/7/14 2:00,23,90,0,21.3,0,0,0
2021/7/14 3:00,23.7,88,0,21.6,0,0,0
2021/7/14 4:00,23.4,89,0,21.5,0,0,0.0001
2021/7/14 5:00,23.6,89,1,21.7,0.01,0,0.211
2021/7/14 6:00,23.8,87,1,21.5,0.13,0,1.037
2021/7/14 7:00,24.5,86,1,22,0.38,0,1.361
2021/7/14 8:00,24.6,84,1,21.7,0.74,0,2.948
2021/7/14 9:00,24.2,87,1,21.9,0.33,0,1.394
2021/7/14 10:00,25.8,77,1,21.5,0.91,0,1.476
2021/7/14 11:00,25.7,83,1,22.6,0.82,0,4.649
2021/7/14 12:00,27.8,71,1,22.1,1.65,0.3,5.798
2021/7/14 13:00,27.3,71,1,21.6,1.62,0.2,5.465
2021/7/14 14:00,28,66,1,21.1,1.23,0.2,3.621
2021/7/14 15:00,26.9,78,1,22.7,0.65,0.1,2.849
2021/7/14 16:00,27.6,70,1,21.6,0.47,0,1.683
2021/7/14 17:00,27.4,78,1,23.2,0.68,0.1,0.389
2021/7/14 18:00,26,80,1,22.3,0.22,0,0.943
2021/7/14 19:00,25.7,80,0,22,0.03,0,0
2021/7/14 20:00,25.5,82,0,22.2,0,0,0
2021/7/14 21:00,25.2,82,0,21.9,0,0,0
2021/7/14 22:00,24.5,87,0,22.2,0,0,0
2021/7/14 23:00,24.8,86,0,22.3,0,0,0
2021/7/15 0:00,24.4,87,0,22.1,0,0,0
2021/7/15 1:00,24.1,89,0,22.2,0,0,0
2021/7/15 2:00,23.9,90,0,22.2,0,0,0
2021/7/15 3:00,23.5,91,0,22,0,0,0
2021/7/15 4:00,23.3,91,0,21.8,0,0,5.00E-05
2021/7/15 5:00,23.1,91,1,21.6,0.01,0,0.205
2021/7/15 6:00,23.2,92,1,21.8,0.09,0,0.764
2021/7/15 7:00,23.6,90,1,21.9,0.19,0,2.888
2021/7/15 8:00,24.8,86,1,22.3,0.65,0,6.643
2021/7/15 9:00,25.7,80,1,22,1.45,0.3,6.481
2021/7/15 10:00,26.9,75,1,22.1,1.28,0.1,6.161
2021/7/15 11:00,28,73,1,22.7,1.63,0.2,4.743
2021/7/15 12:00,30.8,61,1,22.4,2.35,0.4,5.997
2021/7/15 13:00,28.3,71,1,22.5,2.42,0.5,5.008
2021/7/15 14:00,28,79,1,24,0.64,0,3.826
2021/7/15 15:00,29.9,65,1,22.6,2.07,0.6,3.067
2021/7/15 16:00,29.5,67,1,22.7,2.02,1,1.625
2021/7/15 17:00,29.2,67,1,22.4,1.41,1,0.617
2021/7/15 18:00,28,73,1,22.7,0.5,0.7,0.281
2021/7/15 19:00,27.4,75,0,22.6,0.13,0.2,0
2021/7/15 20:00,27.4,77,0,23,0,0,0
2021/7/15 21:00,27.2,77,0,22.8,0,0,0
2021/7/15 22:00,26.2,85,0,23.5,0,0,0
2021/7/15 23:00,25.6,88,0,23.5,0,0,0
2021/7/16 0:00,24.8,91,0,23.2,0,0,0
2021/7/16 1:00,24.3,92,0,22.9,0,0,0
2021/7/16 2:00,24.6,91,0,23,0,0,0
2021/7/16 3:00,24.3,94,0,23.3,0,0,0
2021/7/16 4:00,24.3,95,0,23.5,0,0,5.00E-05
2021/7/16 5:00,25,91,1,23.4,0.01,0,0.928
2021/7/16 6:00,25.8,89,1,23.9,0.17,0,2.326
2021/7/16 7:00,26.3,89,1,24.3,0.31,0,5.535
2021/7/16 8:00,26.5,87,1,24.2,0.46,0,6.882
2021/7/16 9:00,27.3,82,1,24,0.58,0,7.216
2021/7/16 10:00,29.6,70,1,23.6,0.94,0.1,7.411
2021/7/16 11:00,30.3,60,1,21.7,2.71,0.8,7.322
2021/7/16 12:00,32.1,65,1,24.7,3.51,1,6.989
2021/7/16 13:00,32.1,56,1,22.2,3.47,1,5.935
2021/7/16 14:00,32.1,56,1,22.2,3.23,1,4.49
2021/7/16 15:00,32,59,1,23,2.64,1,2.856
2021/7/16 16:00,30.6,66,1,23.5,2.06,1,0.653
2021/7/16 17:00,30,66,1,23,1.42,1,0.244
2021/7/16 18:00,29.2,70,1,23.2,0.68,1,0.218
2021/7/16 19:00,28,72,0,22.5,0.09,0.1,0
2021/7/16 20:00,27.7,72,0,22.2,0,0,0
2021/7/16 21:00,26.8,77,0,22.4,0,0,0
2021/7/16 22:00,25.9,81,0,22.4,0,0,0
2021/7/16 23:00,25.3,85,0,22.6,0,0,0
2021/7/17 0:00,25.1,85,0,22.4,0,0,0
2021/7/17 1:00,24.3,88,0,22.2,0,0,0
2021/7/17 2:00,25.2,86,0,22.7,0,0,0
2021/7/17 3:00,24.7,88,0,22.6,0,0,0
2021/7/17 4:00,23.9,91,0,22.3,0,0,5.00E-05
2021/7/17 5:00,23.5,93,1,22.3,0.01,0,0.705
2021/7/17 6:00,24.6,91,1,23,0.12,0.2,4.183
2021/7/17 7:00,25.5,87,1,23.2,0.28,0,5.433
2021/7/17 8:00,26.2,81,1,22.7,0.56,0.2,6.742
2021/7/17 9:00,27.1,80,1,23.4,1.09,0.3,7.368
2021/7/17 10:00,28.9,66,1,21.9,1.4,0.3,7.588
2021/7/17 11:00,30.1,58,1,20.9,3.22,1,7.386
2021/7/17 12:00,30.7,56,1,20.9,3.45,1,6.889
2021/7/17 13:00,31,50,1,19.4,3.43,1,5.863
2021/7/17 14:00,32.1,57,1,22.5,3.14,1,4.58
2021/7/17 15:00,31.6,56,1,21.8,2.69,1,2.668
2021/7/17 16:00,31.1,56,1,21.3,2.09,1,0.772
2021/7/17 17:00,30.6,57,1,21.1,1.4,1,0.25
2021/7/17 18:00,29.3,63,1,21.5,0.72,1,0.185
2021/7/17 19:00,27.7,69,0,21.5,0.15,0.6,0
2021/7/17 20:00,26.8,77,0,22.4,0,0,0
2021/7/17 21:00,26.2,78,0,22.1,0,0,0
2021/7/17 22:00,25.7,78,0,21.6,0,0,0
2021/7/17 23:00,25.3,78,0,21.2,0,0,0
2021/7/18 0:00,24.9,82,0,21.6,0,0,0
2021/7/18 1:00,24.8,83,0,21.7,0,0,0
2021/7/18 2:00,24.6,87,0,22.3,0,0,0
2021/7/18 3:00,24.4,90,0,22.7,0,0,0
2021/7/18 4:00,24.5,90,0,22.8,0,0,5.00E-05
2021/7/18 5:00,24.3,92,1,22.9,0.01,0,0.446
2021/7/18 6:00,25.1,87,1,22.8,0.29,0.6,1.75
2021/7/18 7:00,27.1,80,1,23.4,0.99,1,4.893
2021/7/18 8:00,28.5,71,1,22.7,1.71,1,5.949
2021/7/18 9:00,29.6,66,1,22.6,2.4,1,7.589
2021/7/18 10:00,30.5,60,1,21.9,2.94,1,7.612
2021/7/18 11:00,30.9,68,1,24.3,2.84,0.8,7.581
2021/7/18 12:00,32.1,65,1,24.7,3.4,1,7.05
2021/7/18 13:00,32.1,61,1,23.6,3.36,1,6.148
2021/7/18 14:00,32.1,61,1,23.6,3.13,1,4.571
2021/7/18 15:00,31.8,64,1,24.2,2.67,1,2.673
2021/7/18 16:00,31.4,66,1,24.3,2.08,1,0.682
2021/7/18 17:00,30.4,67,1,23.6,1.41,1,0.233
2021/7/18 18:00,28.9,74,1,23.8,0.72,1,0.191
2021/7/18 19:00,27.7,78,0,23.5,0.14,0.5,0
2021/7/18 20:00,27.2,82,0,23.9,0,0,0
2021/7/18 21:00,27,84,0,24.1,0,0,0
2021/7/18 22:00,26.6,86,0,24.1,0,0,0
2021/7/18 23:00,26.2,86,0,23.7,0,0,0
2021/7/19 0:00,26.7,82,0,23.4,0,0,0
2021/7/19 1:00,26.3,81,0,22.8,0,0,0
2021/7/19 2:00,25.9,85,0,23.2,0,0,0
2021/7/19 3:00,25.4,87,0,23.1,0,0,0
2021/7/19 4:00,25.5,87,0,23.2,0,0,0.0001
2021/7/19 5:00,25.2,89,1,23.3,0.01,0,0.388
2021/7/19 6:00,26.7,88,1,24.6,0.27,0.3,1.593
2021/7/19 7:00,27.8,77,1,23.4,0.72,0.4,3.726
2021/7/19 8:00,30.2,73,1,24.8,1.69,1,6.621
2021/7/19 9:00,31.2,68,1,24.6,2.08,0.8,7.197
2021/7/19 10:00,31.5,66,1,24.4,2.59,0.8,7.545
2021/7/19 11:00,32.3,67,1,25.4,2.26,0.6,7.378
2021/7/19 12:00,33,64,1,25.3,3.38,1,6.825
2021/7/19 13:00,33.8,63,1,25.8,3.3,1,5.783
2021/7/19 14:00,33.3,56,1,23.3,3.05,1,4.489
2021/7/19 15:00,33.9,55,1,23.6,2.61,1,2.569
2021/7/19 16:00,33.2,59,1,24.1,2.06,1,0.814
2021/7/19 17:00,31.9,67,1,25,1.3,1,0.256
2021/7/19 18:00,30.3,71,1,24.5,0.51,0.8,0.171
2021/7/19 19:00,28.8,74,0,23.7,0.12,0.3,0
2021/7/19 20:00,27.7,79,0,23.7,0,0,0
2021/7/19 21:00,27.3,82,0,24,0,0,0
2021/7/19 22:00,26.7,85,0,24,0,0,0
2021/7/19 23:00,26.2,88,0,24.1,0,0,0
2021/7/20 0:00,26.3,88,0,24.2,0,0,0
2021/7/20 1:00,26.4,88,0,24.3,0,0,0
2021/7/20 2:00,26,89,0,24.1,0,0,0
2021/7/20 3:00,26.1,89,0,24.2,0,0,0
2021/7/20 4:00,26.1,88,0,24,0,0,0.0001
2021/7/20 5:00,26,88,1,23.9,0.01,0,1.1
2021/7/20 6:00,26.3,87,1,24,0.21,0.2,3.488
2021/7/20 7:00,27.5,81,1,24,1.01,1,4.74
2021/7/20 8:00,28.7,75,1,23.8,1.62,1,6.88
2021/7/20 9:00,29.4,73,1,24.1,0.99,0.2,7.27
2021/7/20 10:00,31.7,69,1,25.3,2.29,0.6,7.677
2021/7/20 11:00,31.4,64,1,23.8,3.25,1,7.392
2021/7/20 12:00,32.8,65,1,25.4,3.38,1,6.842
2021/7/20 13:00,32.8,59,1,23.7,3.27,1,5.126
2021/7/20 14:00,32.4,57,1,22.8,2.71,1,4.221
2021/7/20 15:00,32.6,55,1,22.4,2.13,1,2.457
2021/7/20 16:00,32.4,54,1,21.9,2.03,1,0.852
2021/7/20 17:00,30.8,61,1,22.4,1.03,0.8,0.276
2021/7/20 18:00,29.3,64,1,21.8,0.31,0,0.206
2021/7/20 19:00,28,64,0,20.6,0.1,0,0
2021/7/20 20:00,27.5,66,0,20.6,0,0,0
2021/7/20 21:00,27.3,67,0,20.6,0,0,0
2021/7/20 22:00,26.7,72,0,21.2,0,0,0
2021/7/20 23:00,26.4,74,0,21.4,0,0,0
2021/7/21 0:00,25.9,80,0,22.2,0,0,0
2021/7/21 1:00,25.9,82,0,22.6,0,0,0
2021/7/21 2:00,24.8,87,0,22.5,0,0,0
2021/7/21 3:00,24.7,87,0,22.4,0,0,0
2021/7/21 4:00,24.7,91,0,23.1,0,0,0
2021/7/21 5:00,24.9,91,1,23.3,0.01,0,0.96
2021/7/21 6:00,25.7,85,1,23,0.27,0.4,2.108
2021/7/21 7:00,27.6,80,1,23.8,0.99,1,5.271
2021/7/21 8:00,27.9,72,1,22.4,1.54,0.9,6.14
2021/7/21 9:00,29.6,66,1,22.6,2.4,1,7.461
2021/7/21 10:00,30.2,65,1,22.9,2.37,0.7,7.827
2021/7/21 11:00,31.5,63,1,23.6,3.09,0.9,7.432
2021/7/21 12:00,31.9,57,1,22.3,3.35,1,6.789
2021/7/21 13:00,32.9,53,1,22.1,3.3,1,5.811
2021/7/21 14:00,32.4,48,1,20,3.06,1,4.446
2021/7/21 15:00,33.1,47,1,20.3,2.63,1,2.555
2021/7/21 16:00,32.2,49,1,20.1,2.07,1,1.011
2021/7/21 17:00,30.2,59,1,21.3,0.97,0.7,0.36
2021/7/21 18:00,29.7,66,1,22.7,0.19,0,0.196
2021/7/21 19:00,28.3,69,0,22.1,0.06,0,0
2021/7/21 20:00,27.6,69,0,21.4,0,0,0
2021/7/21 21:00,26.9,72,0,21.4,0,0,0
2021/7/21 22:00,26.7,69,0,20.5,0,0,0
2021/7/21 23:00,26.3,75,0,21.5,0,0,0
2021/7/22 0:00,26.1,79,0,22.2,0,0,0
2021/7/22 1:00,25.8,83,0,22.7,0,0,0
2021/7/22 2:00,25.1,87,0,22.8,0,0,0
2021/7/22 3:00,24.5,91,0,22.9,0,0,0
2021/7/22 4:00,24.5,89,0,22.6,0,0,0
2021/7/22 5:00,24.3,92,1,22.9,0.01,0,0.613
2021/7/22 6:00,25.1,91,1,23.5,0.18,0.4,2.902
2021/7/22 7:00,27.3,78,1,23.1,0.81,0.7,4.268
2021/7/22 8:00,28.7,62,1,20.7,1.68,1,6.524
2021/7/22 9:00,28.7,67,1,22,1.75,0.7,7.15
2021/7/22 10:00,30,68,1,23.5,1.03,0.2,7.627
2021/7/22 11:00,31.5,55,1,21.4,3.11,1,7.081
2021/7/22 12:00,32.2,42,1,17.7,3.36,1,6.724
2021/7/22 13:00,33.2,37,1,16.6,3.34,1,5.714
2021/7/22 14:00,32.7,43,1,18.5,3.08,1,4.435
2021/7/22 15:00,33,55,1,22.8,2.64,1,2.569
2021/7/22 16:00,32.2,57,1,22.6,2.05,1,1.486
2021/7/22 17:00,31.3,58,1,22.1,1.65,1,0.69
2021/7/22 18:00,29.9,63,1,22.1,0.82,0.8,0.212
2021/7/22 19:00,28.5,67,0,21.8,0.16,0.5,0
2021/7/22 20:00,27.7,68,0,21.3,0,0,0
2021/7/22 21:00,26.9,73,0,21.7,0,0,0
2021/7/22 22:00,26.8,77,0,22.4,0,0,0
2021/7/22 23:00,26.3,76,0,21.7,0,0,0
2021/7/23 0:00,25.5,82,0,22.2,0,0,0
2021/7/23 1:00,25.3,83,0,22.2,0,0,0
2021/7/23 2:00,25.3,86,0,22.8,0,0,0
2021/7/23 3:00,25.4,84,0,22.5,0,0,0
2021/7/23 4:00,25.1,86,0,22.6,0,0,0
2021/7/23 5:00,25.1,87,1,22.8,0,0,1.283
2021/7/23 6:00,26.2,83,1,23.1,0.25,0.4,2.904
2021/7/23 7:00,25.6,89,1,23.7,0.29,0,5.502
2021/7/23 8:00,27.4,77,1,23,0.48,0,6.169
2021/7/23 9:00,28.8,71,1,23,0.83,0.2,7.211
2021/7/23 10:00,29,71,1,23.2,1.23,0.3,7.447
2021/7/23 11:00,32.2,65,1,24.8,2.72,0.8,7.493
2021/7/23 12:00,31.6,55,1,21.5,3.41,1,6.992
2021/7/23 13:00,32.5,51,1,21.1,3.32,1,5.814
2021/7/23 14:00,32.9,50,1,21.1,2.95,1,4.499
2021/7/23 15:00,32.2,52,1,21.1,2.56,1,2.505
2021/7/23 16:00,31.5,57,1,22,1.9,1,0.856
2021/7/23 17:00,30.4,58,1,21.2,1.33,1,0.501
2021/7/23 18:00,29.4,64,1,21.9,0.61,0.8,0.299
2021/7/23 19:00,28.5,66,0,21.5,0.14,0.2,0
2021/7/23 20:00,28,72,0,22.5,0,0,0
2021/7/23 21:00,27.6,71,0,21.9,0,0,0
2021/7/23 22:00,27.1,72,0,21.6,0,0,0
2021/7/23 23:00,26.8,78,0,22.6,0,0,0
2021/7/24 0:00,26.5,80,0,22.8,0,0,0
2021/7/24 1:00,25.9,84,0,23,0,0,0
2021/7/24 2:00,26,80,0,22.3,0,0,0
2021/7/24 3:00,25.4,83,0,22.3,0,0,0
2021/7/24 4:00,26.4,80,0,22.7,0,0,0
2021/7/24 5:00,26.2,84,1,23.3,0,0,1.004
2021/7/24 6:00,26,88,1,23.9,0.09,0,3.257
2021/7/24 7:00,27,85,1,24.3,0.54,0.2,5.328
2021/7/24 8:00,27,83,1,23.9,0.41,0,6.55
2021/7/24 9:00,29,76,1,24.3,0.77,0.1,7.177
2021/7/24 10:00,31.1,68,1,24.5,2.53,0.7,7.593
2021/7/24 11:00,31.1,56,1,21.3,2.67,0.7,7.057
2021/7/24 12:00,32.4,53,1,21.6,3.38,1,7.005
2021/7/24 13:00,33.8,50,1,21.9,3.41,1,5.774
2021/7/24 14:00,33.4,54,1,22.8,3.15,1,4.457
2021/7/24 15:00,31.3,56,1,21.5,1.95,0.6,2.487
2021/7/24 16:00,30.8,60,1,22.1,1.72,0.8,1.008
2021/7/24 17:00,29.8,66,1,22.8,0.96,0.7,0.238
2021/7/24 18:00,29.3,66,1,22.3,0.44,0.5,0.709
2021/7/24 19:00,28.6,69,0,22.4,0.03,0,0
2021/7/24 20:00,28.1,71,0,22.4,0,0,0
2021/7/24 21:00,27.6,76,0,23,0,0,0
2021/7/24 22:00,26.8,79,0,22.9,0,0,0
2021/7/24 23:00,26.2,81,0,22.7,0,0,0
2021/7/25 0:00,25.3,85,0,22.6,0,0,0
2021/7/25 1:00,25,86,0,22.5,0,0,0
2021/7/25 2:00,25,89,0,23.1,0,0,0
2021/7/25 3:00,26.2,83,0,23.1,0,0,0
2021/7/25 4:00,25.6,87,0,23.3,0,0,0
2021/7/25 5:00,25.6,86,1,23.1,0.01,0,1.012
2021/7/25 6:00,26,82,1,22.7,0.33,0.9,3.69
2021/7/25 7:00,27,76,1,22.4,0.86,0.8,5.46
2021/7/25 8:00,28.8,69,1,22.5,1.64,0.9,6.762
2021/7/25 9:00,29.4,64,1,21.9,2.19,0.8,7.228
2021/7/25 10:00,30.4,60,1,21.8,2.55,0.8,7.465
2021/7/25 11:00,32.4,49,1,20.3,2.57,0.7,7.106
2021/7/25 12:00,32.9,48,1,20.4,2.8,0.7,6.882
2021/7/25 13:00,33,43,1,18.8,3.37,0.9,5.773
2021/7/25 14:00,31.6,59,1,22.6,2.46,0.6,4.262
2021/7/25 15:00,31.2,61,1,22.8,1.6,0.5,2.589
2021/7/25 16:00,31.2,60,1,22.5,1.96,0.9,0.79
2021/7/25 17:00,30,62,1,21.9,1.06,0.6,0.263
2021/7/25 18:00,29.3,63,1,21.5,0.67,1,0.142
2021/7/25 19:00,28.3,68,0,21.8,0.1,0.3,0
2021/7/25 20:00,27.8,71,0,22.1,0,0,0
2021/7/25 21:00,27.3,76,0,22.7,0,0,0
2021/7/25 22:00,26.7,77,0,22.3,0,0,0
2021/7/25 23:00,26,81,0,22.5,0,0,0
2021/7/26 0:00,26.3,78,0,22.2,0,0,0
2021/7/26 1:00,26.2,77,0,21.9,0,0,0
2021/7/26 2:00,26.2,81,0,22.7,0,0,0
2021/7/26 3:00,26,78,0,21.9,0,0,0
2021/7/26 4:00,25.5,81,0,22,0,0,0
2021/7/26 5:00,25.7,82,1,22.4,0,0,0.717
2021/7/26 6:00,25.5,79,1,21.6,0.2,0.1,2.794
2021/7/26 7:00,26.4,73,1,21.2,0.75,0.5,4.35
2021/7/26 8:00,27.4,67,1,20.7,1.27,0.6,6.996
2021/7/26 9:00,27.4,66,1,20.5,0.96,0.2,6.592
2021/7/26 10:00,29.7,55,1,19.7,2.04,0.5,5.958
2021/7/26 11:00,30.2,54,1,19.9,2.62,0.7,5.228
2021/7/26 12:00,29.3,58,1,20.2,1.66,0.2,5.09
2021/7/26 13:00,29.6,61,1,21.3,1.24,0,4.708
2021/7/26 14:00,31.1,49,1,19.1,2.61,0.8,3.07
2021/7/26 15:00,29.2,59,1,20.4,1.45,0.1,2.357
2021/7/26 16:00,28.6,60,1,20.1,1.33,0.4,1.53
2021/7/26 17:00,28.2,61,1,20,1.14,0.7,0.602
2021/7/26 18:00,27.3,63,1,19.7,0.57,0.6,0.149
2021/7/26 19:00,26.7,66,0,19.8,0.04,0,0
2021/7/26 20:00,27,64,0,19.6,0,0,0
2021/7/26 21:00,27,66,0,20.1,0,0,0
2021/7/26 22:00,27.5,60,0,19.1,0,0,0
2021/7/26 23:00,26.5,66,0,19.6,0,0,0
2021/7/27 0:00,26.3,61,0,18.2,0,0,0
2021/7/27 1:00,21.7,97,0,21.2,0,0,0
2021/7/27 2:00,21.7,96,0,21,0,0,0
2021/7/27 3:00,21.9,98,0,21.6,0,0,0
2021/7/27 4:00,21.6,100,0,21.6,0,0,0
2021/7/27 5:00,21.9,98,1,21.6,0,0,0.648
2021/7/27 6:00,22.2,98,1,21.9,0.07,0,0.659
2021/7/27 7:00,22.2,98,1,21.9,0.47,0,2.271
2021/7/27 8:00,23.3,97,1,22.8,0.76,0,2.826
2021/7/27 9:00,23.2,95,1,22.4,1.12,0,3.411
2021/7/27 10:00,23.8,95,1,23,0.71,0,3.832
2021/7/27 11:00,25.5,86,1,23,1.38,0.1,3.242
2021/7/27 12:00,25.6,82,1,22.3,1.58,0.1,4.621
2021/7/27 13:00,23.5,89,1,21.6,0.89,0,4.843
2021/7/27 14:00,26.4,87,1,24.1,1.41,0.2,4.392
2021/7/27 15:00,28,73,1,22.7,1.99,0.6,2.73
2021/7/27 16:00,29.3,64,1,21.8,2,0.9,0.859
2021/7/27 17:00,29.3,65,1,22,0.96,0.6,0.261
2021/7/27 18:00,27.9,69,1,21.7,0.39,0.2,0.239
2021/7/27 19:00,26.8,70,0,20.9,0.04,0,0
2021/7/27 20:00,26.3,75,0,21.5,0,0,0
2021/7/27 21:00,26.5,73,0,21.3,0,0,0
2021/7/27 22:00,27.1,70,0,21.2,0,0,0
2021/7/27 23:00,27.2,68,0,20.8,0,0,0
2021/7/28 0:00,25.3,76,0,20.8,0,0,0
2021/7/28 1:00,25.3,76,0,20.8,0,0,0
2021/7/28 2:00,24.7,84,0,21.8,0,0,0
2021/7/28 3:00,24.1,87,0,21.8,0,0,0
2021/7/28 4:00,24.7,91,0,23.1,0,0,0
2021/7/28 5:00,24.2,94,1,23.2,0,0,0.246
2021/7/28 6:00,25.4,91,1,23.8,0.16,0,3.298
2021/7/28 7:00,26.6,83,1,23.5,0.6,0.1,5.375
2021/7/28 8:00,28.3,78,1,24.1,1.22,0.6,4.935
2021/7/28 9:00,29.1,74,1,24,1.83,0.7,6.56
2021/7/28 10:00,30.3,73,1,24.9,2.34,0.9,8.006
2021/7/28 11:00,28.9,76,1,24.2,1.71,0.3,7.924
2021/7/28 12:00,29.4,76,1,24.7,1.88,0.3,6.849
2021/7/28 13:00,30.3,70,1,24.2,2.21,0.4,6.112
2021/7/28 14:00,31.5,69,1,25.1,2.34,0.6,4.48
2021/7/28 15:00,30.7,73,1,25.3,2.03,0.7,2.618
2021/7/28 16:00,29.9,70,1,23.8,1.93,1,0.828
2021/7/28 17:00,29.5,74,1,24.4,1.29,1,0.232
2021/7/28 18:00,28.4,79,1,24.4,0.23,0.2,0.18
2021/7/28 19:00,28,77,0,23.6,0.08,0,0
2021/7/28 20:00,27.6,79,0,23.6,0,0,0
2021/7/28 21:00,27.9,73,0,22.6,0,0,0
2021/7/28 22:00,27.9,73,0,22.6,0,0,0
2021/7/28 23:00,26.1,81,0,22.6,0,0,0
2021/7/29 0:00,25.7,83,0,22.6,0,0,0
2021/7/29 1:00,25.2,89,0,23.3,0,0,0
2021/7/29 2:00,25.2,90,0,23.4,0,0,0
2021/7/29 3:00,24.7,91,0,23.1,0,0,0
2021/7/29 4:00,24.5,94,0,23.5,0,0,0
2021/7/29 5:00,24.7,93,1,23.5,0,0,1.045
2021/7/29 6:00,25.5,92,1,24.1,0.12,0,2.552
2021/7/29 7:00,27.2,83,1,24.1,0.45,0.1,3.246
2021/7/29 8:00,27.6,80,1,23.8,0.91,0.3,3.072
2021/7/29 9:00,28.6,76,1,24,1.15,0.2,6.837
2021/7/29 10:00,30.8,68,1,24.2,2.34,0.7,7.861
2021/7/29 11:00,31.8,66,1,24.7,1.53,0.3,7.285
2021/7/29 12:00,31.2,68,1,24.6,2.31,0.5,7.178
2021/7/29 13:00,31,67,1,24.2,2.49,0.6,5.96
2021/7/29 14:00,31.5,63,1,23.6,2.91,0.9,4.117
2021/7/29 15:00,29.7,70,1,23.6,1.67,0.6,1.514
2021/7/29 16:00,28.6,74,1,23.5,0.68,0,1.161
2021/7/29 17:00,28.8,72,1,23.3,0.76,0.3,0.268
2021/7/29 18:00,28.1,76,1,23.5,0.31,0,0.335
2021/7/29 19:00,27.7,78,0,23.5,0.05,0,0
2021/7/29 20:00,27.3,80,0,23.6,0,0,0
2021/7/29 21:00,27.4,79,0,23.4,0,0,0
2021/7/29 22:00,26.8,81,0,23.3,0,0,0
2021/7/29 23:00,26.7,82,0,23.4,0,0,0
2021/7/30 0:00,26.5,84,0,23.6,0,0,0
2021/7/30 1:00,26.5,84,0,23.6,0,0,0
2021/7/30 2:00,26.3,88,0,24.2,0,0,0
2021/7/30 3:00,26,90,0,24.2,0,0,0
2021/7/30 4:00,26,90,0,24.2,0,0,0
2021/7/30 5:00,26.2,90,1,24.4,0,0,0.625
2021/7/30 6:00,25.7,90,1,23.9,0.08,0,3.118
2021/7/30 7:00,24.8,99,1,24.6,0.08,0,2.576
2021/7/30 8:00,25.4,98,1,25.1,0.21,0,4.047
2021/7/30 9:00,26.6,91,1,25,0.67,0,5.997
2021/7/30 10:00,24.7,99,1,24.5,0.44,0,6.113
2021/7/30 11:00,25.5,99,1,25.3,0.56,0,7.955
2021/7/30 12:00,27.6,87,1,25.2,1.42,0,7.173
2021/7/30 13:00,28.7,77,1,24.3,2.27,0.9,5.526
2021/7/30 14:00,29.5,73,1,24.2,2.76,1,4.074
2021/7/30 15:00,25.8,93,1,24.6,0.77,0.2,1.36
2021/7/30 16:00,25,100,1,25,0.22,0,0.765
2021/7/30 17:00,25.2,100,1,25.2,0.25,0,0.328
2021/7/30 18:00,24.6,100,1,24.6,0.11,0,0.498
2021/7/30 19:00,24.8,98,0,24.5,0.02,0,0
2021/7/30 20:00,25.1,96,0,24.4,0,0,0
2021/7/30 21:00,25,96,0,24.3,0,0,0
2021/7/30 22:00,25.4,91,0,23.8,0,0,0
2021/7/30 23:00,24.1,99,0,23.9,0,0,0
2021/7/31 0:00,24,99,0,23.8,0,0,0
2021/7/31 1:00,23.9,99,0,23.7,0,0,0
2021/7/31 2:00,24,99,0,23.8,0,0,0
2021/7/31 3:00,24.5,95,0,23.7,0,0,0
2021/7/31 4:00,23.5,98,0,23.2,0,0,0
2021/7/31 5:00,24.1,92,1,22.7,0,0,1.018
2021/7/31 6:00,24.4,95,1,23.6,0.3,0.8,2.888
2021/7/31 7:00,25.9,84,1,23,0.85,0.9,3.436
2021/7/31 8:00,26.6,81,1,23.1,1.1,0.6,6.375
2021/7/31 9:00,27.8,71,1,22.1,2.19,0.8,5.074
2021/7/31 10:00,27.9,73,1,22.6,1.34,0.1,4.33
2021/7/31 11:00,30.3,72,1,24.7,2.07,0.4,3.9
2021/7/31 12:00,30.7,65,1,23.4,2.46,0.5,4.788
2021/7/31 13:00,31.2,60,1,22.5,2.75,0.7,3.275
2021/7/31 14:00,31.9,66,1,24.8,2.27,0.6,3.655
2021/7/31 15:00,31.8,59,1,22.8,1.76,0.5,2.351
2021/7/31 16:00,31.5,54,1,21.1,1.57,0.7,0.714
2021/7/31 17:00,31,54,1,20.6,1.35,1,0.253
2021/7/31 18:00,29.1,59,1,20.3,0.62,1,0.247
2021/7/31 19:00,27.8,63,0,20.1,0.04,0,0
2021/7/31 20:00,27.5,71,0,21.8,0,0,0
2021/7/31 21:00,26.1,80,0,22.4,0,0,0
2021/7/31 22:00,26.1,83,0,23,0,0,0
2021/7/31 23:00,26,82,0,22.7,0,0,0
2021/8/1 0:00,26.4,82,0,23.1,0,0,0
2021/8/1 1:00,25.5,86,0,23,0,0,0
2021/8/1 2:00,25,89,0,23.1,0,0,0
2021/8/1 3:00,24.9,90,0,23.2,0,0,0
2021/8/1 4:00,24.6,92,0,23.2,0,0,0
2021/8/1 5:00,24.5,93,1,23.3,0,0,1.055
2021/8/1 6:00,25.6,91,1,24,0.22,0.4,3.329
2021/8/1 7:00,27.3,80,1,23.6,0.72,0.5,5.268
2021/8/1 8:00,28.9,74,1,23.8,1.57,1,6.353
2021/8/1 9:00,30.2,69,1,23.9,2.23,1,7.367
2021/8/1 10:00,30.6,68,1,24,2.74,1,7.297
2021/8/1 11:00,31,68,1,24.4,3.12,1,7.623
2021/8/1 12:00,32.8,66,1,25.6,3.29,1,6.801
2021/8/1 13:00,32.8,59,1,23.7,3.25,1,6.019
2021/8/1 14:00,33.4,57,1,23.7,2.99,1,4.398
2021/8/1 15:00,32.8,57,1,23.2,2.55,1,2.605
2021/8/1 16:00,32.2,58,1,22.9,1.96,1,0.711
2021/8/1 17:00,31,68,1,24.4,1.29,1,0.246
2021/8/1 18:00,29.6,74,1,24.5,0.6,1,0.16
2021/8/1 19:00,28.8,74,0,23.7,0.05,0.1,0
2021/8/1 20:00,28.3,80,0,24.5,0,0,0
2021/8/1 21:00,27.8,81,0,24.2,0,0,0
2021/8/1 22:00,27.4,80,0,23.6,0,0,0
2021/8/1 23:00,27.2,84,0,24.3,0,0,0
2021/8/2 0:00,27.2,85,0,24.5,0,0,0
2021/8/2 1:00,26.6,87,0,24.3,0,0,0
2021/8/2 2:00,26.8,84,0,23.9,0,0,0
2021/8/2 3:00,26.6,85,0,23.9,0,0,0
2021/8/2 4:00,26.5,85,0,23.8,0,0,0
2021/8/2 5:00,26,88,1,23.9,0,0,1.238
2021/8/2 6:00,26.7,90,1,24.9,0.28,0.6,3.438
2021/8/2 7:00,28.5,78,1,24.3,0.91,1,5.449
2021/8/2 8:00,29.8,70,1,23.7,1.57,1,5.719
2021/8/2 9:00,30.2,68,1,23.6,1.25,0.5,6.641
2021/8/2 10:00,29.8,65,1,22.5,1.63,0.6,6.411
2021/8/2 11:00,31.2,61,1,22.8,2,0.6,5.773
2021/8/2 12:00,32.5,60,1,23.7,3.5,1,4.926
2021/8/2 13:00,32.8,65,1,25.4,2.97,0.9,3.7
2021/8/2 14:00,30.6,69,1,24.3,2.39,0.7,3.472
2021/8/2 15:00,30.6,72,1,25,1.13,0.2,1.398
2021/8/2 16:00,30.1,76,1,25.4,1.56,0.5,1.038
2021/8/2 17:00,27.9,92,1,26.5,0.47,0,0.523
2021/8/2 18:00,28,87,1,25.6,0.25,0,0.196
2021/8/2 19:00,28,86,0,25.4,0.04,0,0
2021/8/2 20:00,27.6,87,0,25.2,0,0,0
2021/8/2 21:00,27.8,87,0,25.4,0,0,0
2021/8/2 22:00,27.5,88,0,25.3,0,0,0
2021/8/2 23:00,27.1,89,0,25.1,0,0,0
2021/8/3 0:00,27.1,89,0,25.1,0,0,0
2021/8/3 1:00,27.2,87,0,24.9,0,0,0
2021/8/3 2:00,27.2,88,0,25,0,0,0
2021/8/3 3:00,26.2,90,0,24.4,0,0,0
2021/8/3 4:00,26.7,91,0,25.1,0,0,0
2021/8/3 5:00,26.9,89,1,24.9,0,0,0.83
2021/8/3 6:00,27.3,87,1,25,0.08,0,2.248
2021/8/3 7:00,27.9,85,1,25.2,0.35,0.1,4.981
2021/8/3 8:00,29.8,78,1,25.6,1.3,0.6,6.718
2021/8/3 9:00,27.7,93,1,26.5,0.85,0.1,5.394
2021/8/3 10:00,29.4,88,1,27.2,2.04,0.6,7.85
2021/8/3 11:00,29.7,80,1,25.9,1.42,0.3,7.983
2021/8/3 12:00,31.7,67,1,24.8,2.72,0.7,6.976
2021/8/3 13:00,31.9,61,1,23.4,3.05,0.8,6.118
2021/8/3 14:00,32.5,64,1,24.8,2.23,0.6,4.561
2021/8/3 15:00,32.4,66,1,25.2,2.13,0.7,2.563
2021/8/3 16:00,32.1,64,1,24.4,1.79,0.8,0.703
2021/8/3 17:00,31,66,1,23.9,1.27,1,0.223
2021/8/3 18:00,29.9,71,1,24.1,0.59,1,0.154
2021/8/3 19:00,28.8,77,0,24.4,0.07,0.3,0
2021/8/3 20:00,28.4,79,0,24.4,0,0,0
2021/8/3 21:00,27.8,85,0,25.1,0,0,0
2021/8/3 22:00,27.7,85,0,25,0,0,0
2021/8/3 23:00,27.7,85,0,25,0,0,0
2021/8/4 0:00,27.3,86,0,24.8,0,0,0
2021/8/4 1:00,27.2,87,0,24.9,0,0,0
2021/8/4 2:00,27.2,87,0,24.9,0,0,0
2021/8/4 3:00,26.8,90,0,25,0,0,0
2021/8/4 4:00,26.2,92,0,24.8,0,0,0
2021/8/4 5:00,25.9,93,1,24.7,0,0,1.026
2021/8/4 6:00,26.5,91,1,24.9,0.13,0,3.165
2021/8/4 7:00,28.1,81,1,24.5,0.71,0.6,5.424
2021/8/4 8:00,29.7,77,1,25.2,1.53,0.8,6.389
2021/8/4 9:00,30.4,68,1,23.8,2.44,1,7.461
2021/8/4 10:00,32.2,72,1,26.5,2.42,0.8,7.555
2021/8/4 11:00,32.7,66,1,25.5,3.29,1,7.441
2021/8/4 12:00,32.8,63,1,24.8,3.33,1,6.83
2021/8/4 13:00,33.7,62,1,25.4,3.26,1,5.431
2021/8/4 14:00,33.4,59,1,24.3,3,1,4.416
2021/8/4 15:00,33.3,56,1,23.3,2.56,1,2.433
2021/8/4 16:00,33.4,58,1,24,1.96,1,0.662
2021/8/4 17:00,31.9,63,1,24,1.26,1,0.27
2021/8/4 18:00,30.8,69,1,24.5,0.56,1,0.17
2021/8/4 19:00,29.4,73,0,24.1,0.07,0.3,0
2021/8/4 20:00,28.5,76,0,23.9,0,0,0
2021/8/4 21:00,27.8,75,0,23,0,0,0
2021/8/4 22:00,27,78,0,22.8,0,0,0
2021/8/4 23:00,25.8,88,0,23.7,0,0,0
2021/8/5 0:00,26.1,89,0,24.2,0,0,0
2021/8/5 1:00,26.2,87,0,23.9,0,0,0
2021/8/5 2:00,25.3,92,0,23.9,0,0,0
2021/8/5 3:00,24.6,94,0,23.6,0,0,0
2021/8/5 4:00,24.3,95,0,23.5,0,0,0
2021/8/5 5:00,24.3,96,1,23.6,0,0,1.39
2021/8/5 6:00,25.8,90,1,24,0.22,0.5,3.75
2021/8/5 7:00,28,80,1,24.2,0.91,1,5.329
2021/8/5 8:00,29.6,67,1,22.8,1.61,1,6.743
2021/8/5 9:00,31.1,63,1,23.2,2.24,1,7.204
2021/8/5 10:00,32.2,59,1,23.2,2.79,1,7.496
2021/8/5 11:00,32.5,57,1,22.9,2.85,0.9,7.471
2021/8/5 12:00,33.8,58,1,24.4,3.33,1,6.706
2021/8/5 13:00,33.8,56,1,23.8,3.3,1,5.916
2021/8/5 14:00,33.3,56,1,23.3,3.03,1,4.432
2021/8/5 15:00,33.3,58,1,23.9,2.55,1,2.393
2021/8/5 16:00,32.9,57,1,23.3,1.98,1,0.695
2021/8/5 17:00,31.5,60,1,22.8,0.89,0.7,0.259
2021/8/5 18:00,29.8,67,1,23,0.42,0.6,0.205
2021/8/5 19:00,29.2,70,0,23.2,0.05,0,0
2021/8/5 20:00,28.6,71,0,22.8,0,0,0
2021/8/5 21:00,27.5,77,0,23.1,0,0,0
2021/8/5 22:00,26.5,84,0,23.6,0,0,0
2021/8/5 23:00,26.8,87,0,24.5,0,0,0
2021/8/6 0:00,26.3,89,0,24.3,0,0,0
2021/8/6 1:00,25.5,93,0,24.3,0,0,0
2021/8/6 2:00,25.3,93,0,24.1,0,0,0
2021/8/6 3:00,25.1,92,0,23.7,0,0,0
2021/8/6 4:00,24.7,94,0,23.7,0,0,0
2021/8/6 5:00,25,92,1,23.6,0,0,1.202
2021/8/6 6:00,27,87,1,24.7,0.24,0.3,3.697
2021/8/6 7:00,27.9,81,1,24.3,0.62,0.5,5.373
2021/8/6 8:00,27.9,74,1,22.8,1.08,0.6,6.818
2021/8/6 9:00,30.4,59,1,21.5,1.96,0.8,7.358
2021/8/6 10:00,29.9,69,1,23.6,1.82,0.6,7.737
2021/8/6 11:00,32.8,60,1,24,3.2,1,7.222
2021/8/6 12:00,32.7,49,1,20.6,3.37,1,6.9
2021/8/6 13:00,32.9,55,1,22.7,3.41,1,5.682
2021/8/6 14:00,33.6,55,1,23.3,3.03,1,4.371
2021/8/6 15:00,33.4,58,1,24,2.58,1,2.288
2021/8/6 16:00,32.8,61,1,24.3,1.99,1,0.784
2021/8/6 17:00,31.4,67,1,24.5,1.25,0.9,0.382
2021/8/6 18:00,30.2,72,1,24.6,0.24,0.2,0.414
2021/8/6 19:00,29.4,74,0,24.3,0.03,0,0
2021/8/6 20:00,28.9,78,0,24.7,0,0,0
2021/8/6 21:00,28.4,80,0,24.6,0,0,0
2021/8/6 22:00,28.2,80,0,24.4,0,0,0
2021/8/6 23:00,27.7,81,0,24.1,0,0,0
2021/8/7 0:00,27.6,84,0,24.7,0,0,0
2021/8/7 1:00,26.9,84,0,24,0,0,0
2021/8/7 2:00,26.4,88,0,24.3,0,0,0
2021/8/7 3:00,26.5,90,0,24.7,0,0,0
2021/8/7 4:00,27.1,87,0,24.8,0,0,0
2021/8/7 5:00,27.1,87,1,24.8,0,0,1.374
2021/8/7 6:00,27.3,87,1,25,0.15,0,2.239
2021/8/7 7:00,27.9,84,1,25,0.43,0.1,4.393
2021/8/7 8:00,28.6,79,1,24.6,0.76,0.1,6.3
2021/8/7 9:00,30.7,67,1,23.9,1.41,0.3,5.357
2021/8/7 10:00,30.1,73,1,24.7,1.29,0.2,1.416
2021/8/7 11:00,27.6,86,1,25.1,1.05,0.2,3.265
2021/8/7 12:00,28.3,90,1,26.5,0.9,0,4.549
2021/8/7 13:00,28.4,94,1,27.3,1.08,0.1,4.508
2021/8/7 14:00,29,86,1,26.4,1.98,0.5,2.395
2021/8/7 15:00,28,94,1,26.9,0.79,0,1.835
2021/8/7 16:00,28.5,84,1,25.5,0.75,0,1.08
2021/8/7 17:00,28.2,86,1,25.6,0.56,0,0.375
2021/8/7 18:00,27.6,86,1,25.1,0.24,0,0.182
2021/8/7 19:00,27.4,85,0,24.7,0.04,0,0
2021/8/7 20:00,28.3,81,0,24.7,0,0,0
2021/8/7 21:00,27.9,84,0,25,0,0,0
2021/8/7 22:00,27.7,86,0,25.2,0,0,0
2021/8/7 23:00,27.4,86,0,24.9,0,0,0
2021/8/8 0:00,27.4,87,0,25.1,0,0,0
2021/8/8 1:00,26.2,97,0,25.7,0,0,0
2021/8/8 2:00,25.9,99,0,25.7,0,0,0
2021/8/8 3:00,25.3,99,0,25.1,0,0,0
2021/8/8 4:00,25.1,100,0,25.1,0,0,0
2021/8/8 5:00,24.9,100,1,24.9,0,0,0.454
2021/8/8 6:00,25.1,100,1,25.1,0.02,0,0.85
2021/8/8 7:00,24.8,100,1,24.8,0.05,0,0.634
2021/8/8 8:00,24.7,100,1,24.7,0.09,0,0.247
2021/8/8 9:00,25.1,99,1,24.9,0.16,0,0.243
2021/8/8 10:00,25.2,99,1,25,0.18,0,0.719
2021/8/8 11:00,25.2,99,1,25,0.08,0,0.821
2021/8/8 12:00,25.4,99,1,25.2,0.08,0,0.351
2021/8/8 13:00,25.7,99,1,25.5,0.13,0,0.434
2021/8/8 14:00,26,99,1,25.8,0.24,0,0.93
2021/8/8 15:00,27.1,93,1,25.9,0.86,0,0.699
2021/8/8 16:00,27.4,91,1,25.8,0.76,0,0.735
2021/8/8 17:00,27.5,89,1,25.5,0.4,0,0.347
2021/8/8 18:00,27.8,90,1,26,0.31,0,0.275
2021/8/8 19:00,26.9,91,0,25.3,0.07,0.1,0
2021/8/8 20:00,26.3,94,0,25.3,0,0,0
2021/8/8 21:00,26.1,95,0,25.2,0,0,0
2021/8/8 22:00,25.6,97,0,25.1,0,0,0
2021/8/8 23:00,26.2,93,0,25,0,0,0
2021/8/9 0:00,27,94,0,26,0,0,0
2021/8/9 1:00,26.9,95,0,26,0,0,0
2021/8/9 2:00,26.9,93,0,25.7,0,0,0
2021/8/9 3:00,26.8,93,0,25.6,0,0,0
2021/8/9 4:00,26.2,96,0,25.5,0,0,0
2021/8/9 5:00,25.7,98,1,25.4,0,0,1.015
2021/8/9 6:00,27.8,87,1,25.4,0.21,0.3,3.163
2021/8/9 7:00,29.7,79,1,25.7,0.87,0.8,2.893
2021/8/9 8:00,27,91,1,25.4,0.62,0.1,5.576
2021/8/9 9:00,27.7,92,1,26.3,0.36,0,6.673
2021/8/9 10:00,27.3,94,1,26.3,0.3,0,4.974
2021/8/9 11:00,28,89,1,26,0.96,0.1,5.978
2021/8/9 12:00,29.6,82,1,26.2,2.06,0.5,4.364
2021/8/9 13:00,29.7,79,1,25.7,1.77,0.3,2.981
2021/8/9 14:00,29.9,74,1,24.8,1.9,0.4,4.011
2021/8/9 15:00,30.4,74,1,25.2,1.94,0.6,2.278
2021/8/9 16:00,29.4,78,1,25.2,1.19,0.3,0.967
2021/8/9 17:00,29.1,77,1,24.7,0.78,0.2,0.499
2021/8/9 18:00,28.3,81,1,24.7,0.36,0.3,0.945
2021/8/9 19:00,28.1,80,0,24.3,0.02,0,0
2021/8/9 20:00,28.1,79,0,24.1,0,0,0
2021/8/9 21:00,28,79,0,24,0,0,0
2021/8/9 22:00,28,79,0,24,0,0,0
2021/8/9 23:00,28.3,74,0,23.2,0,0,0
2021/8/10 0:00,28.6,69,0,22.4,0,0,0
2021/8/10 1:00,28.3,69,0,22.1,0,0,0
2021/8/10 2:00,28.3,67,0,21.6,0,0,0
2021/8/10 3:00,28.3,68,0,21.8,0,0,0
2021/8/10 4:00,27.6,70,0,21.6,0,0,0
2021/8/10 5:00,27.7,70,1,21.7,0,0,1.147
2021/8/10 6:00,27.8,69,1,21.6,0.15,0,3.007
2021/8/10 7:00,28.1,69,1,21.9,0.66,0.7,5.447
2021/8/10 8:00,30.1,63,1,22.3,1.56,1,6.996
2021/8/10 9:00,31.5,60,1,22.8,2.21,1,7.876
2021/8/10 10:00,33.2,57,1,23.5,2.73,1,8.123
2021/8/10 11:00,35,49,1,22.7,3.11,1,7.753
2021/8/10 12:00,36.2,46,1,22.7,3.28,1,7.288
2021/8/10 13:00,36.7,52,1,25.2,3.4,1,6.059
2021/8/10 14:00,33.2,59,1,24.1,1.68,0.4,4.418
2021/8/10 15:00,32.6,65,1,25.2,0.75,0.1,2.352
2021/8/10 16:00,35.1,51,1,23.4,1.61,0.7,0.659
2021/8/10 17:00,33,50,1,21.2,0.71,0.3,0.244
2021/8/10 18:00,32,50,1,20.3,0.56,0.9,0.219
2021/8/10 19:00,31.2,50,0,19.6,0.04,0.1,0
2021/8/10 20:00,30.4,51,0,19.1,0,0,0
2021/8/10 21:00,30.2,52,0,19.3,0,0,0
2021/8/10 22:00,29.6,53,0,19,0,0,0
2021/8/10 23:00,29,55,0,19.1,0,0,0
2021/8/11 0:00,28.3,57,0,19,0,0,0
2021/8/11 1:00,28.5,56,0,18.9,0,0,0
2021/8/11 2:00,29,53,0,18.5,0,0,0
2021/8/11 3:00,27.1,63,0,19.5,0,0,0
2021/8/11 4:00,26.5,66,0,19.6,0,0,0
2021/8/11 5:00,26.8,64,1,19.4,0,0,0.303
2021/8/11 6:00,27,63,1,19.4,0.16,0.3,1.741
2021/8/11 7:00,28,61,1,19.8,0.88,1,3.137
2021/8/11 8:00,29.3,59,1,20.5,1.37,1,5.966
2021/8/11 9:00,31.5,54,1,21.1,2.04,1,6.783
2021/8/11 10:00,31.6,52,1,20.6,2.41,0.9,7.02
2021/8/11 11:00,31.9,55,1,21.7,2.12,0.5,7.152
2021/8/11 12:00,32.7,55,1,22.5,2.86,0.9,6.902
2021/8/11 13:00,32.7,51,1,21.2,3,1,4.409
2021/8/11 14:00,32,54,1,21.5,2.16,0.7,3.53
2021/8/11 15:00,32.7,53,1,21.9,1.87,0.6,2.361
2021/8/11 16:00,31.2,60,1,22.5,1.27,0.6,1.175
2021/8/11 17:00,29.7,61,1,21.4,0.75,0.3,0.313
2021/8/11 18:00,28.6,65,1,21.4,0.21,0,0.132
2021/8/11 19:00,28,67,0,21.3,0.02,0,0
2021/8/11 20:00,27.6,70,0,21.6,0,0,0
2021/8/11 21:00,27.4,70,0,21.4,0,0,0
2021/8/11 22:00,27.4,71,0,21.7,0,0,0
2021/8/11 23:00,26.9,73,0,21.7,0,0,0
2021/8/12 0:00,26.7,76,0,22.1,0,0,0
2021/8/12 1:00,26.1,81,0,22.6,0,0,0
2021/8/12 2:00,26,82,0,22.7,0,0,0
2021/8/12 3:00,25.9,84,0,23,0,0,0
2021/8/12 4:00,25.9,85,0,23.2,0,0,0
2021/8/12 5:00,25.1,87,1,22.8,0,0,0.448
2021/8/12 6:00,24.9,85,1,22.2,0.1,0,0.614
2021/8/12 7:00,24.8,84,1,21.9,0.12,0,1.021
2021/8/12 8:00,25.3,84,1,22.4,0.32,0,2.194
2021/8/12 9:00,26.3,78,1,22.2,1.17,0.2,5.323
2021/8/12 10:00,26.8,77,1,22.4,1.52,0.3,4.741
2021/8/12 11:00,27.8,77,1,23.4,0.62,0,3.692
2021/8/12 12:00,29.2,72,1,23.6,1.71,0.2,4.029
2021/8/12 13:00,28,77,1,23.6,1.1,0,2.322
2021/8/12 14:00,27.7,76,1,23.1,0.7,0,1.193
2021/8/12 15:00,27,82,1,23.7,0.52,0,0.791
2021/8/12 16:00,27.1,80,1,23.4,0.23,0,0.269
2021/8/12 17:00,25.8,90,1,24,0.16,0,0.195
2021/8/12 18:00,26.4,86,1,23.9,0.07,0,0.783
2021/8/12 19:00,25.8,86,0,23.3,0,0,0
2021/8/12 20:00,25.7,88,0,23.6,0,0,0
2021/8/12 21:00,24.5,95,0,23.7,0,0,0
2021/8/12 22:00,24.5,97,0,24,0,0,0
2021/8/12 23:00,24.5,93,0,23.3,0,0,0
2021/8/13 0:00,24,92,0,22.6,0,0,0
2021/8/13 1:00,23.9,91,0,22.3,0,0,0
2021/8/13 2:00,23.7,92,0,22.3,0,0,0
2021/8/13 3:00,23,97,0,22.5,0,0,0
2021/8/13 4:00,22.4,94,0,21.4,0,0,0
2021/8/13 5:00,21.8,97,1,21.3,0,0,0.905
2021/8/13 6:00,20.9,97,1,20.4,0.02,0,0.616
2021/8/13 7:00,20.9,98,1,20.6,0.13,0,1.397
2021/8/13 8:00,21.7,95,1,20.9,0.47,0,2.357
2021/8/13 9:00,22,95,1,21.2,0.71,0,1.87
2021/8/13 10:00,22.1,94,1,21.1,0.69,0,1.038
2021/8/13 11:00,21.4,97,1,20.9,0.45,0,1.728
2021/8/13 12:00,21.8,99,1,21.6,0.41,0,1.376
2021/8/13 13:00,22.8,96,1,22.1,0.6,0,1.411
2021/8/13 14:00,22.2,98,1,21.9,0.34,0,1.482
2021/8/13 15:00,21.8,94,1,20.8,0.23,0,0.608
2021/8/13 16:00,21.6,97,1,21.1,0.19,0,0.257
2021/8/13 17:00,21.6,99,1,21.4,0.1,0,0.905
2021/8/13 18:00,22.1,98,1,21.8,0.02,0,0.875
2021/8/13 19:00,22.3,99,0,22.1,0,0,0
2021/8/13 20:00,22.8,99,0,22.6,0,0,0
2021/8/13 21:00,23.1,99,0,22.9,0,0,0
2021/8/13 22:00,23.7,99,0,23.5,0,0,0
2021/8/13 23:00,25,98,0,24.7,0,0,0
2021/8/14 0:00,25.3,98,0,25,0,0,0
2021/8/14 1:00,24.9,99,0,24.7,0,0,0
2021/8/14 2:00,24.9,99,0,24.7,0,0,0
2021/8/14 3:00,24.2,100,0,24.2,0,0,0
2021/8/14 4:00,22.1,100,0,22.1,0,0,0
2021/8/14 5:00,22,100,0,22,0,0,0.496
2021/8/14 6:00,21.8,100,1,21.8,0.02,0,0.55
2021/8/14 7:00,22.4,100,1,22.4,0.16,0,0.74
2021/8/14 8:00,22.6,100,1,22.6,0.23,0,1.175
2021/8/14 9:00,23.3,100,1,23.3,0.43,0,1.36
2021/8/14 10:00,23.5,100,1,23.5,0.38,0,1.616
2021/8/14 11:00,24.2,100,1,24.2,0.42,0,0.542
2021/8/14 12:00,25.4,100,1,25.4,0.32,0,1.086
2021/8/14 13:00,22.9,99,1,22.7,0.22,0,0.609
2021/8/14 14:00,22.3,100,1,22.3,0.21,0,0.289
2021/8/14 15:00,21.3,99,1,21.1,0.14,0,0.213
2021/8/14 16:00,21.1,100,1,21.1,0.13,0,0.223
2021/8/14 17:00,21.1,100,1,21.1,0.07,0,0.896
2021/8/14 18:00,21.1,100,1,21.1,0.03,0,0.984
2021/8/14 19:00,21.5,100,0,21.5,0,0,0
2021/8/14 20:00,21.1,99,0,20.9,0,0,0
2021/8/14 21:00,20.9,99,0,20.7,0,0,0
2021/8/14 22:00,20.8,100,0,20.8,0,0,0
2021/8/14 23:00,20.7,100,0,20.7,0,0,0
2021/8/15 0:00,20.1,100,0,20.1,0,0,0
2021/8/15 1:00,19.4,100,0,19.4,0,0,0
2021/8/15 2:00,19.1,100,0,19.1,0,0,0
2021/8/15 3:00,18.9,100,0,18.9,0,0,0
2021/8/15 4:00,18.7,100,0,18.7,0,0,0
2021/8/15 5:00,18.6,100,0,18.6,0,0,0.0001
2021/8/15 6:00,18.4,100,1,18.4,0,0,0.175
2021/8/15 7:00,18.6,100,1,18.6,0.04,0,0.422
2021/8/15 8:00,18.6,100,1,18.6,0.22,0,0.513
2021/8/15 9:00,19.4,100,1,19.4,0.32,0,0.78
2021/8/15 10:00,19,100,1,19,0.33,0,0.742
2021/8/15 11:00,18.9,100,1,18.9,0.04,0,0.656
2021/8/15 12:00,19.1,100,1,19.1,0.25,0,0.916
2021/8/15 13:00,19.1,99,1,18.9,0.4,0,0.906
2021/8/15 14:00,19.5,100,1,19.5,0.29,0,0.693
2021/8/15 15:00,19.6,100,1,19.6,0.38,0,0.557
2021/8/15 16:00,19.8,100,1,19.8,0.24,0,0.292
2021/8/15 17:00,19.9,100,1,19.9,0.16,0,0.191
2021/8/15 18:00,20,100,1,20,0.1,0,0.364
2021/8/15 19:00,20,100,0,20,0.01,0,0
2021/8/15 20:00,20,100,0,20,0,0,0
2021/8/15 21:00,20,100,0,20,0,0,0
2021/8/15 22:00,20,100,0,20,0,0,0
2021/8/15 23:00,19.8,100,0,19.8,0,0,0
2021/8/16 0:00,19.8,100,0,19.8,0,0,0
2021/8/16 1:00,19.7,100,0,19.7,0,0,0
2021/8/16 2:00,19.6,100,0,19.6,0,0,0
2021/8/16 3:00,19.4,100,0,19.4,0,0,0
2021/8/16 4:00,19.2,100,0,19.2,0,0,0
2021/8/16 5:00,19.2,99,0,19,0,0,0.209
2021/8/16 6:00,19,99,1,18.8,0.02,0,0.382
2021/8/16 7:00,19.3,99,1,19.1,0.16,0,1.059
2021/8/16 8:00,20.1,94,1,19.1,0.41,0,1.43
2021/8/16 9:00,20.5,92,1,19.2,0.52,0,2.345
2021/8/16 10:00,20.9,94,1,19.9,0.56,0,1.552
2021/8/16 11:00,20.8,94,1,19.8,0.41,0,1.312
2021/8/16 12:00,21,93,1,19.8,0.42,0,1.411
2021/8/16 13:00,21.6,95,1,20.8,0.48,0,1.028
2021/8/16 14:00,21.7,94,1,20.7,0.47,0,1.151
2021/8/16 15:00,21.6,98,1,21.3,0.28,0,0.746
2021/8/16 16:00,21.5,98,1,21.2,0.26,0,0.307
2021/8/16 17:00,21.7,98,1,21.4,0.28,0,0.323
2021/8/16 18:00,21.5,99,1,21.3,0.07,0,0.967
2021/8/16 19:00,21.3,99,0,21.1,0,0,0
2021/8/16 20:00,21.4,99,0,21.2,0,0,0
2021/8/16 21:00,21.4,100,0,21.4,0,0,0
2021/8/16 22:00,21.4,99,0,21.2,0,0,0
2021/8/16 23:00,21.3,99,0,21.1,0,0,0
2021/8/17 0:00,21.1,99,0,20.9,0,0,0
2021/8/17 1:00,20.8,99,0,20.6,0,0,0
2021/8/17 2:00,20.8,99,0,20.6,0,0,0
2021/8/17 3:00,21.2,99,0,21,0,0,0
2021/8/17 4:00,21,100,0,21,0,0,0
2021/8/17 5:00,21.1,98,0,20.8,0,0,0.0299
2021/8/17 6:00,21.2,99,1,21,0.01,0,0.504
2021/8/17 7:00,21.8,96,1,21.1,0.12,0,0.96
2021/8/17 8:00,22.5,96,1,21.8,0.26,0,3.031
2021/8/17 9:00,23.7,90,1,22,0.93,0,2.827
2021/8/17 10:00,23.8,94,1,22.8,0.61,0,2.032
2021/8/17 11:00,23.8,93,1,22.6,0.68,0,2.388
2021/8/17 12:00,24.1,93,1,22.9,0.71,0,3.071
2021/8/17 13:00,24.7,91,1,23.1,1.16,0,2.033
2021/8/17 14:00,24.9,96,1,24.2,0.85,0,2.009
2021/8/17 15:00,25.5,94,1,24.5,1.06,0,2.211
2021/8/17 16:00,26.4,87,1,24.1,1.46,0.5,0.865
2021/8/17 17:00,26.3,89,1,24.3,0.98,0.6,0.218
2021/8/17 18:00,25,95,1,24.2,0.23,0.1,0.398
2021/8/17 19:00,25,94,0,24,0.02,0,0
2021/8/17 20:00,25.7,93,0,24.5,0,0,0
2021/8/17 21:00,24.5,100,0,24.5,0,0,0
2021/8/17 22:00,24.8,100,0,24.8,0,0,0
2021/8/17 23:00,24.3,100,0,24.3,0,0,0
2021/8/18 0:00,24.8,100,0,24.8,0,0,0
2021/8/18 1:00,24.6,98,0,24.3,0,0,0
2021/8/18 2:00,24.7,97,0,24.2,0,0,0
2021/8/18 3:00,24.9,95,0,24.1,0,0,0
2021/8/18 4:00,25.5,92,0,24.1,0,0,0
2021/8/18 5:00,25.5,91,0,23.9,0,0,0.757
2021/8/18 6:00,26.1,89,1,24.2,0.15,0,2.782
2021/8/18 7:00,27.1,85,1,24.4,0.63,0.3,3.238
2021/8/18 8:00,27.9,81,1,24.3,1.08,0.5,6.383
2021/8/18 9:00,28.4,77,1,24,1.87,0.7,7.831
2021/8/18 10:00,29.9,72,1,24.3,1.64,0.3,8.095
2021/8/18 11:00,29.4,74,1,24.3,1.99,0.4,7.9
2021/8/18 12:00,30,72,1,24.4,1.93,0.3,7.16
2021/8/18 13:00,26.7,93,1,25.5,1.65,0.3,1.63
2021/8/18 14:00,27.4,84,1,24.5,2.35,0.6,3.651
2021/8/18 15:00,28.8,76,1,24.2,1.66,0.5,1.69
2021/8/18 16:00,29.4,76,1,24.7,1.11,0.3,0.586
2021/8/18 17:00,28.3,79,1,24.3,0.79,0.5,0.241
2021/8/18 18:00,27.3,82,1,24,0.47,0.9,0.134
2021/8/18 19:00,26.6,79,0,22.7,0.03,0.2,0
2021/8/18 20:00,26.3,77,0,21.9,0,0,0
2021/8/18 21:00,26.1,77,0,21.8,0,0,0
2021/8/18 22:00,26.2,79,0,22.3,0,0,0
2021/8/18 23:00,25.8,81,0,22.3,0,0,0
2021/8/19 0:00,25.8,82,0,22.5,0,0,0
2021/8/19 1:00,25.9,84,0,23,0,0,0
2021/8/19 2:00,25.5,85,0,22.8,0,0,0
2021/8/19 3:00,25.7,86,0,23.2,0,0,0
2021/8/19 4:00,25.9,85,0,23.2,0,0,0
2021/8/19 5:00,25.5,87,0,23.2,0,0,0.965
2021/8/19 6:00,26.2,87,1,23.9,0.31,0.4,2.75
2021/8/19 7:00,27.2,85,1,24.5,0.71,0.6,5.551
2021/8/19 8:00,28.3,75,1,23.4,1.26,0.8,7.059
2021/8/19 9:00,30.1,72,1,24.5,2.22,1,7.951
2021/8/19 10:00,31,62,1,22.9,2.73,1,8.106
2021/8/19 11:00,32.4,57,1,22.8,3.08,1,8.029
2021/8/19 12:00,33,55,1,22.8,3.29,1,7.371
2021/8/19 13:00,32.8,57,1,23.2,3.23,1,6.042
2021/8/19 14:00,33.4,57,1,23.7,2.91,1,4.389
2021/8/19 15:00,31.9,60,1,23.2,2.44,1,2.103
2021/8/19 16:00,30.6,64,1,23,1.35,1,0.81
2021/8/19 17:00,29.3,67,1,22.5,0.94,1,0.267
2021/8/19 18:00,28.5,68,1,22,0.34,0.5,0.132
2021/8/19 19:00,28,70,0,22,0.02,0,0
2021/8/19 20:00,27.1,77,0,22.7,0,0,0
2021/8/19 21:00,27.1,81,0,23.6,0,0,0
2021/8/19 22:00,27.1,79,0,23.1,0,0,0
2021/8/19 23:00,26.3,81,0,22.8,0,0,0
2021/8/20 0:00,26.2,83,0,23.1,0,0,0
2021/8/20 1:00,26.3,87,0,24,0,0,0
2021/8/20 2:00,26.4,86,0,23.9,0,0,0
2021/8/20 3:00,26.2,85,0,23.5,0,0,0
2021/8/20 4:00,26,82,0,22.7,0,0,0
2021/8/20 5:00,25.3,84,0,22.4,0,0,0.58
2021/8/20 6:00,26.1,80,1,22.4,0.15,0.4,3.547
2021/8/20 7:00,27.6,73,1,22.3,0.79,1,5.634
2021/8/20 8:00,28.9,69,1,22.6,1.51,1,7.005
2021/8/20 9:00,30.6,63,1,22.8,2.16,1,7.901
2021/8/20 10:00,32.1,56,1,22.2,2.68,1,7.938
2021/8/20 11:00,32.2,56,1,22.3,2.97,1,7.692
2021/8/20 12:00,32.7,61,1,24.2,2.96,0.9,7.137
2021/8/20 13:00,32.6,57,1,23,3.13,1,5.743
2021/8/20 14:00,31.8,58,1,22.5,2.66,1,4.447
2021/8/20 15:00,31.9,66,1,24.8,2.46,1,2.257
2021/8/20 16:00,30.4,69,1,24.1,1.64,1,0.597
2021/8/20 17:00,29.3,68,1,22.8,0.81,0.6,0.258
2021/8/20 18:00,28.6,67,1,21.9,0.21,0,0.132
2021/8/20 19:00,28.2,68,0,21.7,0.01,0,0
2021/8/20 20:00,27.6,70,0,21.6,0,0,0
2021/8/20 21:00,27.1,76,0,22.5,0,0,0
2021/8/20 22:00,26.8,75,0,22,0,0,0
2021/8/20 23:00,26.9,75,0,22.1,0,0,0
2021/8/21 0:00,26.1,78,0,22,0,0,0
2021/8/21 1:00,26.1,79,0,22.2,0,0,0
2021/8/21 2:00,26,79,0,22.1,0,0,0
2021/8/21 3:00,25.8,80,0,22.1,0,0,0
2021/8/21 4:00,25.4,82,0,22.1,0,0,0
2021/8/21 5:00,25.2,86,0,22.7,0,0,0.507
2021/8/21 6:00,26.2,81,1,22.7,0.19,0.3,2.829
2021/8/21 7:00,27.3,79,1,23.3,0.65,0.7,4.643
2021/8/21 8:00,28.5,71,1,22.7,1.48,1,6.104
2021/8/21 9:00,29.1,68,1,22.6,1.83,0.8,4.283
2021/8/21 10:00,29,75,1,24.1,1.51,0.3,1.998
2021/8/21 11:00,28.8,74,1,23.7,0.82,0,3.19
2021/8/21 12:00,30.6,66,1,23.5,1.83,0.2,5.703
2021/8/21 13:00,31.2,65,1,23.8,2.6,0.7,4.517
2021/8/21 14:00,30.6,65,1,23.3,2.18,0.5,3.193
2021/8/21 15:00,30,66,1,23,1.37,0.1,1.986
2021/8/21 16:00,29.7,69,1,23.4,0.93,0,1.329
2021/8/21 17:00,29.3,70,1,23.3,0.57,0,0.333
2021/8/21 18:00,28.2,75,1,23.4,0.1,0,0.922
2021/8/21 19:00,27.8,78,0,23.6,0.01,0,0
2021/8/21 20:00,27.8,77,0,23.4,0,0,0
2021/8/21 21:00,27.5,78,0,23.3,0,0,0
2021/8/21 22:00,27.2,80,0,23.5,0,0,0
2021/8/21 23:00,26.7,83,0,23.6,0,0,0
2021/8/22 0:00,26.5,84,0,23.6,0,0,0
2021/8/22 1:00,26.6,83,0,23.5,0,0,0
2021/8/22 2:00,26.8,82,0,23.5,0,0,0
2021/8/22 3:00,26.1,85,0,23.4,0,0,0
2021/8/22 4:00,26.1,85,0,23.4,0,0,0
2021/8/22 5:00,25.8,86,0,23.3,0,0,0.16
2021/8/22 6:00,25.7,89,1,23.8,0.04,0,0.465
2021/8/22 7:00,26.5,84,1,23.6,0.17,0,2.566
2021/8/22 8:00,27.3,81,1,23.8,0.65,0.1,3.761
2021/8/22 9:00,28.1,77,1,23.7,1.24,0.1,3.61
2021/8/22 10:00,29.6,74,1,24.5,1.69,0.2,4.294
2021/8/22 11:00,31.2,66,1,24.1,1.87,0.2,5.645
2021/8/22 12:00,31.4,64,1,23.8,2.28,0.3,5.543
2021/8/22 13:00,32.7,57,1,23.1,2.35,0.6,4.436
2021/8/22 14:00,32.6,57,1,23,2.47,0.8,3.558
2021/8/22 15:00,31.2,66,1,24.1,1.58,0.6,1.909
2021/8/22 16:00,31.2,63,1,23.3,1.12,0.3,1.273
2021/8/22 17:00,30.3,67,1,23.5,1.19,1,0.238
2021/8/22 18:00,29.2,72,1,23.6,0.22,0.4,0.12
2021/8/22 19:00,28.9,73,0,23.6,0.01,0,0
2021/8/22 20:00,27.6,79,0,23.6,0,0,0
2021/8/22 21:00,26.9,86,0,24.4,0,0,0
2021/8/22 22:00,26.6,88,0,24.5,0,0,0
2021/8/22 23:00,26.7,89,0,24.7,0,0,0
2021/8/23 0:00,27.9,82,0,24.5,0,0,0
2021/8/23 1:00,27.3,84,0,24.4,0,0,0
2021/8/23 2:00,26.4,90,0,24.6,0,0,0
2021/8/23 3:00,26.3,90,0,24.5,0,0,0
2021/8/23 4:00,26.3,91,0,24.7,0,0,0
2021/8/23 5:00,25.8,92,0,24.4,0,0,0.581
2021/8/23 6:00,26.5,90,1,24.7,0.08,0,0.927
2021/8/23 7:00,27,87,1,24.7,0.32,0,1.249
2021/8/23 8:00,26.9,87,1,24.6,0.31,0,0.765
2021/8/23 9:00,23,89,1,21.1,0.22,0,1.398
2021/8/23 10:00,25.4,89,1,23.5,1.28,0.3,4.933
2021/8/23 11:00,27.7,83,1,24.6,2.13,0.5,3.463
2021/8/23 12:00,27.9,77,1,23.5,1.8,0.2,5.443
2021/8/23 13:00,28.7,74,1,23.6,2.66,0.9,4.959
2021/8/23 14:00,29.7,68,1,23.2,2.44,0.9,3.272
2021/8/23 15:00,28.9,73,1,23.6,1.35,0.3,1.638
2021/8/23 16:00,29.8,72,1,24.2,0.81,0.2,0.79
2021/8/23 17:00,28.2,76,1,23.6,0.69,0.4,0.297
2021/8/23 18:00,27.5,79,1,23.5,0.31,0.5,0.785
2021/8/23 19:00,26.7,81,0,23.2,0.01,0,0
2021/8/23 20:00,26.8,83,0,23.7,0,0,0
2021/8/23 21:00,25.7,91,0,24.1,0,0,0
2021/8/23 22:00,25.7,91,0,24.1,0,0,0
2021/8/23 23:00,25.3,90,0,23.5,0,0,0
2021/8/24 0:00,24.9,93,0,23.7,0,0,0
2021/8/24 1:00,24.8,94,0,23.8,0,0,0
2021/8/24 2:00,25.1,93,0,23.9,0,0,0
2021/8/24 3:00,24.9,92,0,23.5,0,0,0
2021/8/24 4:00,24.3,93,0,23.1,0,0,0
2021/8/24 5:00,24,96,0,23.3,0,0,0.289
2021/8/24 6:00,24.3,95,1,23.5,0.08,0.1,2.53
2021/8/24 7:00,26.8,82,1,23.5,0.67,0.7,3.571
2021/8/24 8:00,28.2,73,1,22.9,1.19,0.7,5.742
2021/8/24 9:00,28.6,68,1,22.1,1.7,0.5,4.941
2021/8/24 10:00,29.6,65,1,22.3,2.31,0.9,4.964
2021/8/24 11:00,29.7,67,1,22.9,2.2,0.8,4.612
2021/8/24 12:00,29.9,70,1,23.8,1.74,0,3.236
2021/8/24 13:00,29.1,74,1,24,1.02,0,3.559
2021/8/24 14:00,29.6,72,1,24,1.02,0,2.639
2021/8/24 15:00,29.6,77,1,25.1,0.72,0,2.131
2021/8/24 16:00,29.6,72,1,24,1.19,0.4,1.087
2021/8/24 17:00,29,80,1,25.2,0.61,0.1,0.468
2021/8/24 18:00,28.8,74,1,23.7,0.15,0,0.673
2021/8/24 19:00,28.2,71,0,22.4,0,0,0
2021/8/24 20:00,28.1,69,0,21.9,0,0,0
2021/8/24 21:00,27.6,70,0,21.6,0,0,0
2021/8/24 22:00,27.2,74,0,22.2,0,0,0
2021/8/24 23:00,26.8,80,0,23.1,0,0,0
2021/8/25 0:00,26.7,81,0,23.2,0,0,0
2021/8/25 1:00,26.8,81,0,23.3,0,0,0
2021/8/25 2:00,27,80,0,23.3,0,0,0
2021/8/25 3:00,27.1,80,0,23.4,0,0,0
2021/8/25 4:00,27.1,80,0,23.4,0,0,0
2021/8/25 5:00,26.6,82,0,23.3,0,0,0.204
2021/8/25 6:00,27.2,81,1,23.7,0.05,0,0.771
2021/8/25 7:00,27.3,86,1,24.8,0.36,0,2.471
2021/8/25 8:00,28,82,1,24.6,0.72,0,3.178
2021/8/25 9:00,29.1,74,1,24,1.14,0.1,5.928
2021/8/25 10:00,30,73,1,24.6,1.67,0.4,6.176
2021/8/25 11:00,31.7,65,1,24.3,1.98,0.3,5.296
2021/8/25 12:00,32.7,58,1,23.4,2.43,0.5,5.322
2021/8/25 13:00,33.5,64,1,25.8,2.35,0.7,4.563
2021/8/25 14:00,33.3,61,1,24.8,2.61,0.8,3.996
2021/8/25 15:00,32.3,65,1,24.9,2.07,0.9,2.849
2021/8/25 16:00,32.6,64,1,24.9,1.53,1,1.031
2021/8/25 17:00,32,68,1,25.4,0.73,0.5,0.461
2021/8/25 18:00,30,77,1,25.5,0.34,0.2,0
2021/8/25 19:00,29,82,0,25.6,0.01,0,0
2021/8/25 20:00,29,83,0,25.8,0,0,0
2021/8/25 21:00,28.7,83,0,25.5,0,0,0
2021/8/25 22:00,27.8,88,0,25.6,0,0,0
2021/8/25 23:00,28.6,83,0,25.4,0,0,0
2021/8/26 0:00,28.6,83,0,25.4,0,0,0
2021/8/26 1:00,27.8,85,0,25.1,0,0,0
2021/8/26 2:00,28,85,0,25.2,0,0,0
2021/8/26 3:00,27.2,89,0,25.2,0,0,0
2021/8/26 4:00,27.1,90,0,25.3,0,0,0
2021/8/26 5:00,26.9,91,0,25.3,0,0,0.312
2021/8/26 6:00,27.3,91,1,25.7,0.13,0.2,2.623
2021/8/26 7:00,29.2,82,1,25.8,0.6,0.7,4.436
2021/8/26 8:00,29.8,76,1,25.1,1.17,0.8,4.427
2021/8/26 9:00,31.6,68,1,25,1.74,0.8,6.329
2021/8/26 10:00,33.3,63,1,25.3,2.54,1,7.089
2021/8/26 11:00,33.5,57,1,23.8,2.69,0.9,7.041
2021/8/26 12:00,34.9,65,1,27.3,1.86,0.4,6.431
2021/8/26 13:00,34,61,1,25.4,2.59,0.8,5.406
2021/8/26 14:00,35,57,1,25.2,2.77,1,3.902
2021/8/26 15:00,34.1,59,1,25,1.49,0.6,1.833
2021/8/26 16:00,33.8,56,1,23.8,1.12,0.7,0.735
2021/8/26 17:00,32.4,64,1,24.7,0.5,0.2,0.271
2021/8/26 18:00,32.1,66,1,25,0.2,0,0
2021/8/26 19:00,30.4,74,0,25.2,0.01,0,0
2021/8/26 20:00,29.7,76,0,25,0,0,0
2021/8/26 21:00,29,81,0,25.4,0,0,0
2021/8/26 22:00,28.4,81,0,24.8,0,0,0
2021/8/26 23:00,28,85,0,25.2,0,0,0
2021/8/27 0:00,27.8,88,0,25.6,0,0,0
2021/8/27 1:00,27.8,89,0,25.8,0,0,0
2021/8/27 2:00,28.4,81,0,24.8,0,0,0
2021/8/27 3:00,28.5,81,0,24.9,0,0,0
2021/8/27 4:00,27.8,82,0,24.5,0,0,0
2021/8/27 5:00,27.6,83,0,24.5,0,0,0.369
2021/8/27 6:00,27.1,88,1,24.9,0.09,0,2.355
2021/8/27 7:00,28.4,81,1,24.8,0.57,0.9,4.814
2021/8/27 8:00,29.7,74,1,24.6,1.27,1,6.361
2021/8/27 9:00,30.7,67,1,23.9,1.81,0.9,7.045
2021/8/27 10:00,32.7,62,1,24.5,2.35,1,7.145
2021/8/27 11:00,32.7,61,1,24.2,2.79,1,6.896
2021/8/27 12:00,32.2,63,1,24.3,1.57,0.2,6.523
2021/8/27 13:00,32.7,63,1,24.7,1.42,0.2,5.52
2021/8/27 14:00,34,61,1,25.4,1.59,0.4,3.968
2021/8/27 15:00,33,62,1,24.8,1.9,0.8,2.054
2021/8/27 16:00,32.5,62,1,24.3,1.62,1,0.541
2021/8/27 17:00,31.1,65,1,23.7,0.9,1,0.23
2021/8/27 18:00,30.6,68,1,24,0.25,0.6,0
2021/8/27 19:00,29.9,74,0,24.8,0.01,0,0
2021/8/27 20:00,29.9,77,0,25.4,0,0,0
2021/8/27 21:00,29.1,82,0,25.7,0,0,0
2021/8/27 22:00,28.5,83,0,25.3,0,0,0
2021/8/27 23:00,28,87,0,25.6,0,0,0
2021/8/28 0:00,27.9,88,0,25.7,0,0,0
2021/8/28 1:00,27.5,91,0,25.9,0,0,0
2021/8/28 2:00,26.9,94,0,25.9,0,0,0
2021/8/28 3:00,27.1,93,0,25.9,0,0,0
2021/8/28 4:00,27.1,94,0,26.1,0,0,0
2021/8/28 5:00,27,94,0,26,0,0,0.265
2021/8/28 6:00,27.7,90,1,25.9,0.02,0,0.645
2021/8/28 7:00,27.9,89,1,25.9,0.12,0,2.128
2021/8/28 8:00,29.4,84,1,26.4,0.52,0,5.681
2021/8/28 9:00,30.5,77,1,26,1.86,0.8,6.62
2021/8/28 10:00,32.4,75,1,27.4,1.68,0.5,7.359
2021/8/28 11:00,32.3,70,1,26.1,2.74,0.9,7.017
2021/8/28 12:00,33.5,66,1,26.3,2.91,1,6.62
2021/8/28 13:00,33.9,60,1,25,2.92,1,5.494
2021/8/28 14:00,33.9,57,1,24.2,2.67,1,3.938
2021/8/28 15:00,34.2,56,1,24.2,2.18,1,2.048
2021/8/28 16:00,33.3,60,1,24.5,1.56,1,0.699
2021/8/28 17:00,32,67,1,25.1,0.85,1,0.237
2021/8/28 18:00,31,57,1,21.5,0.25,0.7,0
2021/8/28 19:00,30.3,65,0,23,0.01,0,0
2021/8/28 20:00,29.4,66,0,22.4,0,0,0
2021/8/28 21:00,27.7,73,0,22.4,0,0,0
2021/8/28 22:00,27.1,78,0,22.9,0,0,0
2021/8/28 23:00,27,83,0,23.9,0,0,0
2021/8/29 0:00,26.9,85,0,24.2,0,0,0
2021/8/29 1:00,28.4,75,0,23.5,0,0,0
2021/8/29 2:00,28.6,73,0,23.3,0,0,0
2021/8/29 3:00,27.6,76,0,23,0,0,0
2021/8/29 4:00,27,80,0,23.3,0,0,0
2021/8/29 5:00,27,85,0,24.3,0,0,0.331
2021/8/29 6:00,27.5,84,1,24.6,0.08,0,0.885
2021/8/29 7:00,27.8,84,1,24.9,0.34,0.1,2.272
2021/8/29 8:00,28.5,81,1,24.9,0.4,0,2.238
2021/8/29 9:00,29.2,74,1,24.1,1.23,0.2,5.984
2021/8/29 10:00,29.7,69,1,23.4,1.52,0.3,4.512
2021/8/29 11:00,29.4,70,1,23.4,0.44,0,2.598
2021/8/29 12:00,30.4,65,1,23.1,0.95,0,6.466
2021/8/29 13:00,30.3,63,1,22.5,1.82,0.4,3.562
2021/8/29 14:00,30.1,66,1,23.1,0.51,0,2.504
2021/8/29 15:00,30,68,1,23.5,0.72,0.1,1.861
2021/8/29 16:00,29.5,69,1,23.2,0.43,0,0.57
2021/8/29 17:00,29.3,67,1,22.5,0.24,0,0.222
2021/8/29 18:00,29,64,1,21.5,0.06,0,0
2021/8/29 19:00,28.2,66,0,21.3,0,0,0
2021/8/29 20:00,28.1,66,0,21.2,0,0,0
2021/8/29 21:00,27.8,68,0,21.4,0,0,0
2021/8/29 22:00,28,66,0,21.1,0,0,0
2021/8/29 23:00,27.1,74,0,22.1,0,0,0
2021/8/30 0:00,26.5,82,0,23.2,0,0,0
2021/8/30 1:00,26.4,86,0,23.9,0,0,0
2021/8/30 2:00,26.2,87,0,23.9,0,0,0
2021/8/30 3:00,26.6,87,0,24.3,0,0,0
2021/8/30 4:00,26.6,85,0,23.9,0,0,0
2021/8/30 5:00,26.5,86,0,24,0,0,0.401
2021/8/30 6:00,26.7,87,1,24.4,0.06,0,2.019
2021/8/30 7:00,27.5,85,1,24.8,0.34,0.2,3.423
2021/8/30 8:00,28.7,78,1,24.5,0.89,0.3,5.214
2021/8/30 9:00,29.9,70,1,23.8,1.66,0.7,7.011
2021/8/30 10:00,31.4,67,1,24.5,2.33,0.7,7.625
2021/8/30 11:00,33.1,70,1,26.9,2.81,0.8,7.55
2021/8/30 12:00,31.8,64,1,24.2,2.59,0.7,6.857
2021/8/30 13:00,32.5,67,1,25.6,2.89,1,5.595
2021/8/30 14:00,32.5,68,1,25.8,2.69,1,4.014
2021/8/30 15:00,31.9,72,1,26.2,2.21,1,2.002
2021/8/30 16:00,31.5,74,1,26.3,1.59,1,0.52
2021/8/30 17:00,30.6,76,1,25.9,0.9,1,0.334
2021/8/30 18:00,29.8,78,1,25.6,0.22,0.5,0
2021/8/30 19:00,29.2,81,0,25.6,0,0,0
2021/8/30 20:00,29,82,0,25.6,0,0,0
2021/8/30 21:00,28.4,85,0,25.6,0,0,0
2021/8/30 22:00,27.8,88,0,25.6,0,0,0
2021/8/30 23:00,28.1,86,0,25.5,0,0,0
2021/8/31 0:00,28.4,83,0,25.2,0,0,0
2021/8/31 1:00,27.6,81,0,24.1,0,0,0
2021/8/31 2:00,26.6,87,0,24.3,0,0,0
2021/8/31 3:00,26.4,85,0,23.7,0,0,0
2021/8/31 4:00,25.7,84,0,22.8,0,0,0
2021/8/31 5:00,26,81,0,22.5,0,0,0.294
2021/8/31 6:00,25.5,89,1,23.6,0.08,0.1,2.387
2021/8/31 7:00,27.1,77,1,22.7,0.63,1,4.716
2021/8/31 8:00,27.8,71,1,22.1,1.12,0.7,4.699
2021/8/31 9:00,28.5,72,1,23,0.96,0,3.763
2021/8/31 10:00,29.6,63,1,21.8,1.47,0.1,6.963
2021/8/31 11:00,30.1,63,1,22.3,2.19,0.4,4.984
2021/8/31 12:00,30.4,61,1,22,1.68,0.1,4.183
2021/8/31 13:00,31.1,61,1,22.7,1.07,0,3.594
2021/8/31 14:00,30.7,63,1,22.9,1.77,0.3,2.507
2021/8/31 15:00,29.3,62,1,21.3,0.95,0.2,0.828
2021/8/31 16:00,28.7,62,1,20.7,0.2,0,0.214
2021/8/31 17:00,28.6,59,1,19.8,0.08,0,0.671
2021/8/31 18:00,27.7,62,1,19.8,0.02,0,0
2021/8/31 19:00,27.4,61,0,19.2,0,0,0
2021/8/31 20:00,23.9,91,0,22.3,0,0,0
2021/8/31 21:00,22.3,94,0,21.3,0,0,0
2021/8/31 22:00,21.5,98,0,21.2,0,0,0
2021/8/31 23:00,21.3,99,0,21.1,0,0,0
2021/9/1 0:00,21.4,100,0,21.4,0,0,0
2021/9/1 1:00,21.6,100,0,21.6,0,0,0
2021/9/1 2:00,21.6,100,0,21.6,0,0,0
2021/9/1 3:00,21.3,99,0,21.1,0,0,0
2021/9/1 4:00,21.7,100,0,21.7,0,0,0
2021/9/1 5:00,21.7,99,0,21.5,0,0,0.161
2021/9/1 6:00,21.5,98,1,21.2,0.03,0,0.447
2021/9/1 7:00,21.9,94,1,20.9,0.13,0,1.53
2021/9/1 8:00,23.1,91,1,21.6,0.57,0,0.914
2021/9/1 9:00,22.6,93,1,21.4,0.18,0,0.842
2021/9/1 10:00,23.1,90,1,21.4,0.33,0,1.659
2021/9/1 11:00,22.4,85,1,19.8,0.39,0,1.23
2021/9/1 12:00,22,83,1,19,0.29,0,0.517
2021/9/1 13:00,21.7,86,1,19.3,0.17,0,0.32
2021/9/1 14:00,21,95,1,20.2,0.13,0,0.358
2021/9/1 15:00,20,97,1,19.5,0.12,0,0.204
2021/9/1 16:00,19.5,96,1,18.9,0.09,0,0.686
2021/9/1 17:00,18.9,98,1,18.6,0.04,0,0.954
2021/9/1 18:00,18.5,98,1,18.2,0.01,0,0
2021/9/1 19:00,18.7,94,0,17.7,0,0,0
2021/9/1 20:00,19.1,91,0,17.6,0,0,0
2021/9/1 21:00,19.1,94,0,18.1,0,0,0
2021/9/1 22:00,18.5,98,0,18.2,0,0,0
2021/9/1 23:00,18.6,99,0,18.4,0,0,0
2021/9/2 0:00,18.9,99,0,18.7,0,0,0
2021/9/2 1:00,18.8,97,0,18.3,0,0,0
2021/9/2 2:00,18.8,98,0,18.5,0,0,0
2021/9/2 3:00,18.5,99,0,18.3,0,0,0
2021/9/2 4:00,18.6,99,0,18.4,0,0,0
2021/9/2 5:00,18.6,99,0,18.4,0,0,0.166
2021/9/2 6:00,19.1,100,1,19.1,0.04,0,0.38
2021/9/2 7:00,19.2,100,1,19.2,0.05,0,0.244
2021/9/2 8:00,19.2,99,1,19,0.1,0,0.364
2021/9/2 9:00,19.5,99,1,19.4,0.17,0,0.457
2021/9/2 10:00,19.6,99,1,19.5,0.16,0,0.705
2021/9/2 11:00,20.1,98,1,19.8,0.24,0,0.725
2021/9/2 12:00,20.2,99,1,20.1,0.23,0,0.558
2021/9/2 13:00,20.1,97,1,19.6,0.25,0,0.381
2021/9/2 14:00,20,96,1,19.4,0.17,0,0.253
2021/9/2 15:00,20,99,1,19.9,0.13,0,0.234
2021/9/2 16:00,19.8,99,1,19.7,0.12,0,0.392
2021/9/2 17:00,19.6,99,1,19.5,0.07,0,0.845
2021/9/2 18:00,19.5,99,1,19.4,0.02,0,0
2021/9/2 19:00,19.3,100,0,19.3,0,0,0
2021/9/2 20:00,19.3,99,0,19.1,0,0,0
2021/9/2 21:00,19.2,100,0,19.2,0,0,0
2021/9/2 22:00,19.2,100,0,19.2,0,0,0
2021/9/2 23:00,19.4,100,0,19.4,0,0,0
2021/9/3 0:00,19.5,100,0,19.5,0,0,0
2021/9/3 1:00,19.2,100,0,19.2,0,0,0
2021/9/3 2:00,19,100,0,19,0,0,0
2021/9/3 3:00,18.8,100,0,18.8,0,0,0
2021/9/3 4:00,18.8,100,0,18.8,0,0,0
2021/9/3 5:00,18.8,100,0,18.8,0,0,0.0001
2021/9/3 6:00,18.9,100,1,18.9,0,0,0.676
2021/9/3 7:00,19,100,1,19,0.04,0,0.446
2021/9/3 8:00,19.1,100,1,19.1,0.12,0,0.364
2021/9/3 9:00,19.3,100,1,19.3,0.14,0,0.435
2021/9/3 10:00,19.4,100,1,19.4,0.25,0,0.71
2021/9/3 11:00,19.5,100,1,19.5,0.32,0,1.416
2021/9/3 12:00,20.5,97,1,20,0.78,0,2.493
2021/9/3 13:00,20.8,94,1,19.8,0.9,0,1.142
2021/9/3 14:00,20.7,95,1,19.9,0.39,0,0.585
2021/9/3 15:00,20.7,92,1,19.4,0.27,0,0.405
2021/9/3 16:00,20.3,98,1,20,0.13,0,0.344
2021/9/3 17:00,20.4,99,1,20.2,0.03,0,0.935
2021/9/3 18:00,20.4,100,1,20.4,0.01,0,0
2021/9/3 19:00,20.4,100,0,20.4,0,0,0
2021/9/3 20:00,20.1,98,0,19.8,0,0,0
2021/9/3 21:00,20.2,100,0,20.2,0,0,0
2021/9/3 22:00,20.1,100,0,20.1,0,0,0
2021/9/3 23:00,19.8,100,0,19.8,0,0,0
2021/9/4 0:00,19.7,100,0,19.7,0,0,0
2021/9/4 1:00,19.7,100,0,19.7,0,0,0
2021/9/4 2:00,19.5,100,0,19.5,0,0,0
2021/9/4 3:00,19.5,99,0,19.4,0,0,0
2021/9/4 4:00,19.7,98,0,19.4,0,0,0
2021/9/4 5:00,19.9,98,0,19.6,0,0,0.173
2021/9/4 6:00,20,96,1,19.4,0.04,0,0.267
2021/9/4 7:00,20.2,99,1,20.1,0.09,0,1.05
2021/9/4 8:00,20.5,99,1,20.3,0.22,0,0.566
2021/9/4 9:00,20.7,99,1,20.5,0.2,0,0.907
2021/9/4 10:00,20.8,99,1,20.6,0.3,0,1.499
2021/9/4 11:00,21.6,99,1,21.4,0.45,0,1.779
2021/9/4 12:00,22.3,93,1,21.1,0.6,0,1.672
2021/9/4 13:00,22.3,96,1,21.6,0.38,0,0.59
2021/9/4 14:00,22.6,89,1,20.7,0.16,0,0.698
2021/9/4 15:00,22.7,90,1,21,0.18,0,0.424
2021/9/4 16:00,22,92,1,20.6,0.14,0,0.31
2021/9/4 17:00,21.6,90,1,19.9,0.07,0,0.419
2021/9/4 18:00,21.2,91,1,19.7,0.01,0,0
2021/9/4 19:00,20.7,93,0,19.5,0,0,0
2021/9/4 20:00,20,98,0,19.7,0,0,0
2021/9/4 21:00,19.6,99,0,19.5,0,0,0
2021/9/4 22:00,19.2,100,0,19.2,0,0,0
2021/9/4 23:00,19.3,100,0,19.3,0,0,0
2021/9/5 0:00,19.2,100,0,19.2,0,0,0
2021/9/5 1:00,19,100,0,19,0,0,0
2021/9/5 2:00,18.8,100,0,18.8,0,0,0
2021/9/5 3:00,18.8,100,0,18.8,0,0,0
2021/9/5 4:00,18.7,99,0,18.5,0,0,0
2021/9/5 5:00,18.8,100,0,18.8,0,0,0.0001
2021/9/5 6:00,18.9,100,1,18.9,0.01,0,0.569
2021/9/5 7:00,19.1,99,1,18.9,0.14,0,0.764
2021/9/5 8:00,19.4,99,1,19.3,0.28,0,1.012
2021/9/5 9:00,19.9,98,1,19.6,0.54,0,2.276
2021/9/5 10:00,20.8,91,1,19.3,0.98,0,2.866
2021/9/5 11:00,21.4,90,1,19.7,0.69,0,4.454
2021/9/5 12:00,22.4,80,1,18.8,1.04,0,2.323
2021/9/5 13:00,23.4,77,1,19.1,1.13,0,3.013
2021/9/5 14:00,23.4,76,1,18.9,0.73,0,3.077
2021/9/5 15:00,23.5,78,1,19.5,0.74,0,2.04
2021/9/5 16:00,24.2,71,1,18.6,0.83,0.1,0.628
2021/9/5 17:00,23.4,70,1,17.6,0.52,0.2,0.186
2021/9/5 18:00,22.6,75,1,18,0.08,0,0
2021/9/5 19:00,22.1,79,0,18.3,0,0,0
2021/9/5 20:00,21.6,82,0,18.4,0,0,0
2021/9/5 21:00,21.3,83,0,18.3,0,0,0
2021/9/5 22:00,21.2,80,0,17.6,0,0,0
2021/9/5 23:00,20.8,84,0,18,0,0,0
2021/9/6 0:00,20.9,82,0,17.7,0,0,0
2021/9/6 1:00,20.7,83,0,17.7,0,0,0
2021/9/6 2:00,20.6,83,0,17.6,0,0,0
2021/9/6 3:00,20.5,82,0,17.3,0,0,0
2021/9/6 4:00,20.2,87,0,18,0,0,0
2021/9/6 5:00,19.8,89,0,17.9,0,0,0.178
2021/9/6 6:00,19.8,88,1,17.8,0.02,0,0.648
2021/9/6 7:00,20,83,1,17,0.17,0,1.589
2021/9/6 8:00,20.6,80,1,17,0.57,0,1.343
2021/9/6 9:00,20.8,80,1,17.2,0.51,0,1.159
2021/9/6 10:00,20.8,81,1,17.4,0.44,0,0.706
2021/9/6 11:00,20.9,77,1,16.7,0.39,0,0.841
2021/9/6 12:00,20.8,81,1,17.4,0.56,0,1.179
2021/9/6 13:00,19.6,90,1,17.9,0.19,0,1.953
2021/9/6 14:00,19.5,97,1,19,0.52,0,2.311
2021/9/6 15:00,20.2,96,1,19.6,0.91,0,1.409
2021/9/6 16:00,19.6,89,1,17.7,0.42,0,0.599
2021/9/6 17:00,19.9,87,1,17.7,0.36,0,0.245
2021/9/6 18:00,19.1,92,1,17.8,0.12,0,0
2021/9/6 19:00,19,93,0,17.9,0,0,0
2021/9/6 20:00,19.5,90,0,17.8,0,0,0
2021/9/6 21:00,19.3,89,0,17.5,0,0,0
2021/9/6 22:00,18.6,88,0,16.6,0,0,0
2021/9/6 23:00,18.9,85,0,16.3,0,0,0
2021/9/7 0:00,19.1,81,0,15.8,0,0,0
2021/9/7 1:00,18.7,81,0,15.4,0,0,0
2021/9/7 2:00,18.1,82,0,15,0,0,0
2021/9/7 3:00,17.8,84,0,15.1,0,0,0
2021/9/7 4:00,17.6,83,0,14.7,0,0,0
2021/9/7 5:00,17.8,82,0,14.7,0,0,0.191
2021/9/7 6:00,17.6,84,1,14.9,0.07,0.2,2.573
2021/9/7 7:00,19.2,78,1,15.3,0.67,1,5.71
2021/9/7 8:00,21.1,75,1,16.5,1.29,1,6.417
2021/9/7 9:00,20.8,69,1,14.9,1.52,0.6,4.855
2021/9/7 10:00,21.3,69,1,15.4,1.02,0,5.025
2021/9/7 11:00,22.5,63,1,15.1,2,0.5,4.033
2021/9/7 12:00,22.4,67,1,16,1.18,0,4.549
2021/9/7 13:00,22.9,59,1,14.5,0.96,0,4.645
2021/9/7 14:00,22.8,60,1,14.6,1.22,0,3.089
2021/9/7 15:00,23,61,1,15.1,1.22,0.3,2.034
2021/9/7 16:00,23.5,56,1,14.2,0.77,0.2,0.932
2021/9/7 17:00,22.5,58,1,13.8,0.57,0.2,0.236
2021/9/7 18:00,21.3,61,0,13.5,0.13,0,0
2021/9/7 19:00,20.5,67,0,14.2,0,0,0
2021/9/7 20:00,19.8,74,0,15,0,0,0
2021/9/7 21:00,19.6,75,0,15.1,0,0,0
2021/9/7 22:00,19.8,75,0,15.3,0,0,0
2021/9/7 23:00,19.9,72,0,14.7,0,0,0
2021/9/8 0:00,19.1,77,0,15,0,0,0
2021/9/8 1:00,19,79,0,15.3,0,0,0
2021/9/8 2:00,18.5,81,0,15.2,0,0,0
2021/9/8 3:00,17.8,86,0,15.4,0,0,0
2021/9/8 4:00,17.8,83,0,14.9,0,0,0
2021/9/8 5:00,17.6,84,0,14.9,0,0,0.377
2021/9/8 6:00,17.3,87,1,15.1,0.08,0.1,1.623
2021/9/8 7:00,19.2,75,1,14.7,0.51,0.6,4.256
2021/9/8 8:00,20.4,72,1,15.2,1.18,0.7,3.267
2021/9/8 9:00,22.2,70,1,16.5,1.19,0.3,3.462
2021/9/8 10:00,22,66,1,15.4,1.19,0.1,5.565
2021/9/8 11:00,24,66,1,17.3,1.56,0.1,4.609
2021/9/8 12:00,23.9,69,1,17.9,1.65,0,2.723
2021/9/8 13:00,23,75,1,18.3,0.51,0,1.345
2021/9/8 14:00,21.9,83,1,18.9,0.49,0,0.788
2021/9/8 15:00,22.7,85,1,20.1,0.48,0,0.952
2021/9/8 16:00,21.9,87,1,19.7,0.33,0,0.394
2021/9/8 17:00,21.1,92,1,19.8,0.06,0,0.952
2021/9/8 18:00,19.9,89,0,18,0.01,0,0
2021/9/8 19:00,19.2,96,0,18.6,0,0,0
2021/9/8 20:00,19.1,97,0,18.6,0,0,0
2021/9/8 21:00,19.8,98,0,19.5,0,0,0
2021/9/8 22:00,20,93,0,18.8,0,0,0
2021/9/8 23:00,19.8,91,0,18.3,0,0,0
2021/9/9 0:00,19.2,93,0,18,0,0,0
2021/9/9 1:00,19.5,88,0,17.5,0,0,0
2021/9/9 2:00,19.4,89,0,17.6,0,0,0
2021/9/9 3:00,19.3,89,0,17.5,0,0,0
2021/9/9 4:00,19.5,87,0,17.3,0,0,0
2021/9/9 5:00,19.4,86,0,17,0,0,0.247
2021/9/9 6:00,18.7,95,1,17.9,0.01,0,0.605
2021/9/9 7:00,18.4,99,1,18.2,0.08,0,0.604
2021/9/9 8:00,18.9,99,1,18.7,0.2,0,0.662
2021/9/9 9:00,18.7,99,1,18.5,0.18,0,0.558
2021/9/9 10:00,19.5,100,1,19.5,0.28,0,0.949
2021/9/9 11:00,20.1,100,1,20.1,0.44,0,1.509
2021/9/9 12:00,20.5,98,1,20.2,0.64,0,1.436
2021/9/9 13:00,20.7,97,1,20.2,0.6,0,1.515
2021/9/9 14:00,21.2,97,1,20.7,0.54,0,1.516
2021/9/9 15:00,21.7,98,1,21.4,0.46,0,1.146
2021/9/9 16:00,21.9,96,1,21.2,0.48,0,0.405
2021/9/9 17:00,22.2,95,1,21.4,0.28,0,0.434
2021/9/9 18:00,21.8,98,0,21.5,0.1,0,0
2021/9/9 19:00,21.7,99,0,21.5,0,0,0
2021/9/9 20:00,22,99,0,21.8,0,0,0
2021/9/9 21:00,22.1,98,0,21.8,0,0,0
2021/9/9 22:00,22,99,0,21.8,0,0,0
2021/9/9 23:00,21.9,99,0,21.7,0,0,0
2021/9/10 0:00,21.6,99,0,21.4,0,0,0
2021/9/10 1:00,21.7,97,0,21.2,0,0,0
2021/9/10 2:00,21.7,97,0,21.2,0,0,0
2021/9/10 3:00,20.8,99,0,20.6,0,0,0
2021/9/10 4:00,20.7,100,0,20.7,0,0,0
2021/9/10 5:00,21.1,100,0,21.1,0,0,0.186
2021/9/10 6:00,21.5,97,1,21,0.05,0,0.336
2021/9/10 7:00,21.8,96,1,21.1,0.15,0,0.825
2021/9/10 8:00,22.9,89,1,21,0.43,0,2.777
2021/9/10 9:00,25.6,78,1,21.5,1.63,0.5,6.71
2021/9/10 10:00,26.5,69,1,20.4,1.83,0.5,5.984
2021/9/10 11:00,28.3,68,1,21.8,2.52,0.8,7.109
2021/9/10 12:00,28.2,70,1,22.2,2.69,0.8,5.967
2021/9/10 13:00,28.9,65,1,21.7,2.83,0.9,4.529
2021/9/10 14:00,29.4,60,1,20.8,2.68,1,3.875
2021/9/10 15:00,29.1,60,1,20.6,2.15,1,1.783
2021/9/10 16:00,28.5,63,1,20.8,1.48,1,0.655
2021/9/10 17:00,26.8,71,1,21.1,0.65,0.9,0.184
2021/9/10 18:00,26.7,73,0,21.5,0.06,0,0
2021/9/10 19:00,25.8,78,0,21.7,0,0,0
2021/9/10 20:00,24.6,82,0,21.3,0,0,0
2021/9/10 21:00,24.7,75,0,20,0,0,0
2021/9/10 22:00,23.6,85,0,20.9,0,0,0
2021/9/10 23:00,23.2,80,0,19.6,0,0,0
2021/9/11 0:00,23.1,88,0,21,0,0,0
2021/9/11 1:00,23.4,92,0,22,0,0,0
2021/9/11 2:00,23.1,93,0,21.9,0,0,0
2021/9/11 3:00,23.1,93,0,21.9,0,0,0
2021/9/11 4:00,22.8,95,0,22,0,0,0
2021/9/11 5:00,22.9,93,0,21.7,0,0,0.267
2021/9/11 6:00,23.3,91,1,21.8,0.04,0,1.684
2021/9/11 7:00,23.6,90,1,21.9,0.22,0,0.89
2021/9/11 8:00,24.5,83,1,21.4,0.54,0,1.736
2021/9/11 9:00,25.1,83,1,22,0.62,0,2.348
2021/9/11 10:00,25.8,81,1,22.3,0.74,0,1.888
2021/9/11 11:00,25.9,81,1,22.4,0.96,0,2.932
2021/9/11 12:00,26,81,1,22.5,0.98,0,4.863
2021/9/11 13:00,27.8,73,1,22.5,1.86,0.4,5.467
2021/9/11 14:00,27.2,72,1,21.7,1.5,0.3,3.284
2021/9/11 15:00,27.9,66,1,21,0.94,0.1,1.751
2021/9/11 16:00,27,77,1,22.6,0.82,0.4,0.728
2021/9/11 17:00,26.1,82,1,22.8,0.26,0,0.251
2021/9/11 18:00,25.9,82,0,22.6,0.06,0,0
2021/9/11 19:00,26.5,79,0,22.6,0,0,0
2021/9/11 20:00,25.2,87,0,22.9,0,0,0
2021/9/11 21:00,24.4,91,0,22.8,0,0,0
2021/9/11 22:00,24.7,93,0,23.5,0,0,0
2021/9/11 23:00,24.3,95,0,23.5,0,0,0
2021/9/12 0:00,24,94,0,23,0,0,0
2021/9/12 1:00,23.6,96,0,22.9,0,0,0
2021/9/12 2:00,23.7,94,0,22.7,0,0,0
2021/9/12 3:00,23.6,94,0,22.6,0,0,0
2021/9/12 4:00,23.4,94,0,22.4,0,0,0
2021/9/12 5:00,23.2,95,0,22.4,0,0,0.0001
2021/9/12 6:00,22.9,99,1,22.7,0,0,0.628
2021/9/12 7:00,23.1,97,1,22.6,0.09,0,0.611
2021/9/12 8:00,23.5,96,1,22.8,0.22,0,1.625
2021/9/12 9:00,24.5,88,1,22.4,0.56,0,1.351
2021/9/12 10:00,25.2,84,1,22.3,0.89,0,1.401
2021/9/12 11:00,25.4,84,1,22.5,0.63,0,1.693
2021/9/12 12:00,25.7,83,1,22.6,0.69,0,1.989
2021/9/12 13:00,26.5,79,1,22.6,0.79,0,1.774
2021/9/12 14:00,25.9,82,1,22.6,0.79,0,2.151
2021/9/12 15:00,26,83,1,22.9,0.58,0,1.047
2021/9/12 16:00,25.1,88,1,23,0.37,0,0.274
2021/9/12 17:00,25.1,84,1,22.2,0.14,0,0.542
2021/9/12 18:00,24.8,86,0,22.3,0.02,0,0
2021/9/12 19:00,24.4,88,0,22.3,0,0,0
2021/9/12 20:00,24.6,87,0,22.3,0,0,0
2021/9/12 21:00,24.4,86,0,21.9,0,0,0
2021/9/12 22:00,24,88,0,21.9,0,0,0
2021/9/12 23:00,23.4,92,0,22,0,0,0
2021/9/13 0:00,23.2,94,0,22.2,0,0,0
2021/9/13 1:00,22.7,98,0,22.4,0,0,0
2021/9/13 2:00,22.3,100,0,22.3,0,0,0
2021/9/13 3:00,22.2,100,0,22.2,0,0,0
2021/9/13 4:00,22.1,100,0,22.1,0,0,0
2021/9/13 5:00,21.8,100,0,21.8,0,0,0.224
2021/9/13 6:00,21.6,97,1,21.1,0.03,0,1.172
2021/9/13 7:00,23.3,85,1,20.6,0.41,0.3,3.959
2021/9/13 8:00,25.6,66,1,18.8,1.15,1,4.229
2021/9/13 9:00,27.3,50,1,16,1.55,0.9,4.972
2021/9/13 10:00,28.1,48,1,16.1,2.4,1,5.943
2021/9/13 11:00,29,51,1,17.9,2.25,0.9,5.991
2021/9/13 12:00,28.7,46,1,16,2.23,0.4,4.96
2021/9/13 13:00,29.7,39,1,14.3,2.2,0.7,3.984
2021/9/13 14:00,30.3,41,1,15.6,2.3,0.9,3.641
2021/9/13 15:00,29.7,53,1,19.1,2.01,1,1.69
2021/9/13 16:00,27.3,71,1,21.6,1.11,1,0.721
2021/9/13 17:00,25.9,73,1,20.7,0.6,0.7,0.197
2021/9/13 18:00,25,72,0,19.6,0.09,0,0
2021/9/13 19:00,24.3,72,0,18.9,0,0,0
2021/9/13 20:00,23.7,69,0,17.7,0,0,0
2021/9/13 21:00,23.7,68,0,17.5,0,0,0
2021/9/13 22:00,23.6,71,0,18,0,0,0
2021/9/13 23:00,23.7,70,0,17.9,0,0,0
2021/9/14 0:00,23.9,69,0,17.9,0,0,0
2021/9/14 1:00,23.4,77,0,19.1,0,0,0
2021/9/14 2:00,22.7,81,0,19.3,0,0,0
2021/9/14 3:00,22.9,80,0,19.3,0,0,0
2021/9/14 4:00,23,78,0,19,0,0,0
2021/9/14 5:00,22.1,81,0,18.7,0,0,0.135
2021/9/14 6:00,21.9,83,1,18.9,0.02,0,0.297
2021/9/14 7:00,22.4,83,1,19.4,0.17,0,1.248
2021/9/14 8:00,23.2,76,1,18.7,0.5,0,2.456
2021/9/14 9:00,23.5,73,1,18.4,0.75,0,3.507
2021/9/14 10:00,24.3,70,1,18.5,1.29,0,4.229
2021/9/14 11:00,25.1,72,1,19.7,1.01,0,3.068
2021/9/14 12:00,24.8,76,1,20.3,0.49,0,2.276
2021/9/14 13:00,25.3,77,1,21,0.8,0,1.868
2021/9/14 14:00,25.1,76,1,20.6,0.65,0,1.584
2021/9/14 15:00,25,74,1,20.1,0.53,0,0.65
2021/9/14 16:00,24.5,78,1,20.4,0.25,0,0.239
2021/9/14 17:00,22.4,91,1,20.9,0.08,0,0.78
2021/9/14 18:00,21.7,96,0,21,0.01,0,0
2021/9/14 19:00,21.4,100,0,21.4,0,0,0
2021/9/14 20:00,21.4,100,0,21.4,0,0,0
2021/9/14 21:00,20.9,100,0,20.9,0,0,0
2021/9/14 22:00,20.5,99,0,20.3,0,0,0
2021/9/14 23:00,19.9,100,0,19.9,0,0,0
2021/9/15 0:00,19.8,100,0,19.8,0,0,0
2021/9/15 1:00,20,100,0,20,0,0,0
2021/9/15 2:00,19.9,100,0,19.9,0,0,0
2021/9/15 3:00,19.7,100,0,19.7,0,0,0
2021/9/15 4:00,20.1,100,0,20.1,0,0,0
2021/9/15 5:00,19.7,100,0,19.7,0,0,0.0001
2021/9/15 6:00,19.6,100,1,19.6,0.03,0,0.597
2021/9/15 7:00,20.4,100,1,20.4,0.22,0,2.529
2021/9/15 8:00,20.6,95,1,19.8,0.59,0,4.13
2021/9/15 9:00,22.4,87,1,20.1,1.25,0.7,5.916
2021/9/15 10:00,25.8,77,1,21.5,2.28,0.8,5.696
2021/9/15 11:00,24.9,71,1,19.3,1.7,0.3,6.627
2021/9/15 12:00,26.7,66,1,19.8,2.56,0.8,5.867
2021/9/15 13:00,26.4,64,1,19.1,2.33,0.6,3.817
2021/9/15 14:00,28.3,63,1,20.6,1.91,0.6,3.422
2021/9/15 15:00,28.1,61,1,19.9,1.4,0.5,1.754
2021/9/15 16:00,26.7,63,1,19.1,0.91,0.5,0.606
2021/9/15 17:00,24.6,71,1,19,0.63,0.9,0.212
2021/9/15 18:00,23.5,75,0,18.8,0.09,0.1,0
2021/9/15 19:00,22.9,77,0,18.7,0,0,0
2021/9/15 20:00,22.3,78,0,18.3,0,0,0
2021/9/15 21:00,22.2,81,0,18.8,0,0,0
2021/9/15 22:00,21.9,77,0,17.7,0,0,0
2021/9/15 23:00,21.5,78,0,17.5,0,0,0
2021/9/16 0:00,21.2,78,0,17.2,0,0,0
2021/9/16 1:00,21.1,79,0,17.3,0,0,0
2021/9/16 2:00,20.7,83,0,17.7,0,0,0
2021/9/16 3:00,20.8,84,0,18,0,0,0
2021/9/16 4:00,19.9,85,0,17.3,0,0,0
2021/9/16 5:00,19.8,83,0,16.8,0,0,0.161
2021/9/16 6:00,20,81,1,16.7,0.04,0,1.464
2021/9/16 7:00,21.2,78,1,17.2,0.38,0.1,2.861
2021/9/16 8:00,21.8,74,1,17,0.84,0.3,3.011
2021/9/16 9:00,23,73,1,17.9,1.21,0.3,6.675
2021/9/16 10:00,23.7,68,1,17.5,1.36,0.2,4.987
2021/9/16 11:00,24.9,64,1,17.6,1.45,0.2,6.04
2021/9/16 12:00,24.9,62,1,17.1,1.34,0.2,6.307
2021/9/16 13:00,26.2,58,1,17.3,1.28,0.2,5.253
2021/9/16 14:00,26.4,57,1,17.2,2.29,0.8,3.638
2021/9/16 15:00,25.9,56,1,16.5,1.4,0.5,1.685
2021/9/16 16:00,24.6,65,1,17.6,1.13,0.6,0.449
2021/9/16 17:00,23.2,69,1,17.2,0.46,0.3,0.19
2021/9/16 18:00,22.4,71,0,16.9,0.04,0,0
2021/9/16 19:00,21.7,76,0,17.3,0,0,0
2021/9/16 20:00,21.1,79,0,17.3,0,0,0
2021/9/16 21:00,20.7,80,0,17.1,0,0,0
2021/9/16 22:00,20.3,81,0,16.9,0,0,0
2021/9/16 23:00,20.5,79,0,16.7,0,0,0
2021/9/17 0:00,20.2,79,0,16.5,0,0,0
2021/9/17 1:00,20.1,78,0,16.2,0,0,0
2021/9/17 2:00,19.8,78,0,15.9,0,0,0
2021/9/17 3:00,18.3,92,0,17,0,0,0
2021/9/17 4:00,18.3,92,0,17,0,0,0
2021/9/17 5:00,18.2,90,0,16.5,0,0,0.247
2021/9/17 6:00,18.7,91,1,17.2,0.04,0,0.479
2021/9/17 7:00,19.5,86,1,17.1,0.14,0,1.992
2021/9/17 8:00,20.6,80,1,17,0.72,0.1,2.247
2021/9/17 9:00,21.5,74,1,16.7,1.16,0.2,2.46
2021/9/17 10:00,22.3,75,1,17.7,0.83,0,3.459
2021/9/17 11:00,23.5,73,1,18.4,1.25,0,3.293
2021/9/17 12:00,24,72,1,18.7,1.43,0,2.333
2021/9/17 13:00,24.2,70,1,18.4,1,0,2.425
2021/9/17 14:00,25.1,74,1,20.2,1.07,0,2.573
2021/9/17 15:00,24.7,72,1,19.3,0.76,0,1.48
2021/9/17 16:00,24.4,73,1,19.3,0.62,0,0.711
2021/9/17 17:00,24,74,1,19.1,0.21,0,0.177
2021/9/17 18:00,24.1,73,0,19,0.04,0,0
2021/9/17 19:00,23.9,76,0,19.4,0,0,0
2021/9/17 20:00,24.2,74,0,19.3,0,0,0
2021/9/17 21:00,23.9,76,0,19.4,0,0,0
2021/9/17 22:00,23.9,77,0,19.6,0,0,0
2021/9/17 23:00,23.5,81,0,20.1,0,0,0
2021/9/18 0:00,23.6,81,0,20.2,0,0,0
2021/9/18 1:00,23.8,81,0,20.4,0,0,0
2021/9/18 2:00,22.4,95,0,21.6,0,0,0
2021/9/18 3:00,22.5,96,0,21.8,0,0,0
2021/9/18 4:00,22.6,97,0,22.1,0,0,0
2021/9/18 5:00,22.5,99,0,22.3,0,0,0.0001
2021/9/18 6:00,22.5,99,1,22.3,0.01,0,0.71
2021/9/18 7:00,22.5,99,1,22.3,0.03,0,0.918
2021/9/18 8:00,23,100,1,23,0.05,0,0.696
2021/9/18 9:00,23.6,100,1,23.6,0.31,0,0.934
2021/9/18 10:00,24.9,98,1,24.6,0.54,0,1.25
2021/9/18 11:00,24.3,99,1,24.1,0.39,0,1.273
2021/9/18 12:00,24.2,99,1,24,0.52,0,1.175
2021/9/18 13:00,24.5,100,1,24.5,0.48,0,1.612
2021/9/18 14:00,25.2,96,1,24.5,1,0.1,2.661
2021/9/18 15:00,25.7,95,1,24.8,0.97,0.1,1.232
2021/9/18 16:00,24.9,97,1,24.4,0.38,0,0.657
2021/9/18 17:00,25,97,1,24.5,0.21,0,0.254
2021/9/18 18:00,24.8,97,0,24.3,0.02,0,0
2021/9/18 19:00,25,98,0,24.7,0,0,0
2021/9/18 20:00,23.2,100,0,23.2,0,0,0
2021/9/18 21:00,23.1,100,0,23.1,0,0,0
2021/9/18 22:00,23.1,100,0,23.1,0,0,0
2021/9/18 23:00,23.1,100,0,23.1,0,0,0
2021/9/19 0:00,23.2,100,0,23.2,0,0,0
2021/9/19 1:00,23.2,100,0,23.2,0,0,0
2021/9/19 2:00,23.3,100,0,23.3,0,0,0
2021/9/19 3:00,23.2,100,0,23.2,0,0,0
2021/9/19 4:00,22.9,97,0,22.4,0,0,0
2021/9/19 5:00,22.6,96,0,21.9,0,0,0.0001
2021/9/19 6:00,21.9,95,1,21.1,0.03,0,0.868
2021/9/19 7:00,22.5,92,1,21.1,0.32,0,4.054
2021/9/19 8:00,24.2,84,1,21.3,0.76,0.3,7.083
2021/9/19 9:00,25.5,67,1,18.9,1.99,1,7.985
2021/9/19 10:00,27.2,59,1,18.5,2.49,1,8.021
2021/9/19 11:00,27.8,54,1,17.7,2.88,1,7.554
2021/9/19 12:00,28.7,47,1,16.3,3.03,1,6.962
2021/9/19 13:00,28.5,46,1,15.8,2.94,1,5.676
2021/9/19 14:00,27.9,43,1,14.2,2.61,1,3.792
2021/9/19 15:00,27.5,50,1,16.2,2.1,1,1.546
2021/9/19 16:00,26.2,52,1,15.6,1.44,1,0.257
2021/9/19 17:00,24.6,56,1,15.3,0.71,1,0.174
2021/9/19 18:00,23.2,56,0,14,0.11,0.5,0
2021/9/19 19:00,21.7,66,0,15.1,0,0,0
2021/9/19 20:00,21.5,73,0,16.5,0,0,0
2021/9/19 21:00,20.5,80,0,16.9,0,0,0
2021/9/19 22:00,19.6,87,0,17.4,0,0,0
2021/9/19 23:00,20.2,84,0,17.4,0,0,0
2021/9/20 0:00,19,92,0,17.7,0,0,0
2021/9/20 1:00,19.4,84,0,16.6,0,0,0
2021/9/20 2:00,18.7,89,0,16.9,0,0,0
2021/9/20 3:00,18.5,86,0,16.1,0,0,0
2021/9/20 4:00,18.3,91,0,16.8,0,0,0
2021/9/20 5:00,18.7,85,0,16.1,0,0,0.182
2021/9/20 6:00,18.5,86,1,16.1,0.05,0.4,1.687
2021/9/20 7:00,20,76,1,15.7,0.57,1,5.618
2021/9/20 8:00,21.9,66,1,15.3,1.29,1,7.158
2021/9/20 9:00,23.4,54,1,13.6,1.97,1,7.821
2021/9/20 10:00,25.2,49,1,13.7,2.5,1,7.921
2021/9/20 11:00,26.3,47,1,14.1,2.88,1,7.358
2021/9/20 12:00,27.2,51,1,16.2,3.01,1,6.648
2021/9/20 13:00,27.3,53,1,16.9,2.96,1,5.586
2021/9/20 14:00,27.6,54,1,17.5,2.48,1,3.712
2021/9/20 15:00,26.8,49,1,15.2,2.06,1,1.517
2021/9/20 16:00,26,54,1,16,1.4,1,0.264
2021/9/20 17:00,24.5,56,1,15.2,0.67,1,0.158
2021/9/20 18:00,23.2,63,0,15.8,0.1,0.4,0
2021/9/20 19:00,22,68,0,15.8,0,0,0
2021/9/20 20:00,22,72,0,16.7,0,0,0
2021/9/20 21:00,21,77,0,16.8,0,0,0
2021/9/20 22:00,20.8,80,0,17.2,0,0,0
2021/9/20 23:00,20.5,83,0,17.5,0,0,0
2021/9/21 0:00,20.2,86,0,17.8,0,0,0
2021/9/21 1:00,19.8,89,0,17.9,0,0,0
2021/9/21 2:00,19.8,86,0,17.4,0,0,0
2021/9/21 3:00,18.7,92,0,17.4,0,0,0
2021/9/21 4:00,19.6,87,0,17.4,0,0,0
2021/9/21 5:00,19.4,88,0,17.4,0,0,0.215
2021/9/21 6:00,19.7,87,1,17.5,0.03,0,1.567
2021/9/21 7:00,20.3,83,1,17.3,0.46,0.4,4.141
2021/9/21 8:00,21.8,77,1,17.6,1.2,0.9,5.074
2021/9/21 9:00,22.8,68,1,16.6,1.61,0.7,7.779
2021/9/21 10:00,24.5,66,1,17.7,2.11,0.8,7.876
2021/9/21 11:00,24.7,63,1,17.2,2.31,0.6,7.439
2021/9/21 12:00,24.7,64,1,17.4,1.59,0.3,6.839
2021/9/21 13:00,26.1,56,1,16.7,1.19,0.1,5.499
2021/9/21 14:00,26.1,61,1,18,1.45,0.2,3.252
2021/9/21 15:00,27.1,56,1,17.6,1.62,0.6,1.316
2021/9/21 16:00,25.9,62,1,18.1,1.13,0.7,0.74
2021/9/21 17:00,25.2,63,1,17.7,0.48,0.5,0.183
2021/9/21 18:00,24.2,68,0,17.9,0.05,0,0
2021/9/21 19:00,24,70,0,18.2,0,0,0
2021/9/21 20:00,23.3,74,0,18.4,0,0,0
2021/9/21 21:00,22.5,80,0,18.9,0,0,0
2021/9/21 22:00,21.9,83,0,18.9,0,0,0
2021/9/21 23:00,21.9,84,0,19.1,0,0,0
2021/9/22 0:00,21.6,85,0,19,0,0,0
2021/9/22 1:00,21.1,88,0,19,0,0,0
2021/9/22 2:00,21,90,0,19.3,0,0,0
2021/9/22 3:00,21.5,88,0,19.4,0,0,0
2021/9/22 4:00,21.9,87,0,19.7,0,0,0
2021/9/22 5:00,21.1,96,0,20.4,0,0,0.0001
2021/9/22 6:00,20.9,100,1,20.9,0.01,0,0.445
2021/9/22 7:00,21.3,100,1,21.3,0.13,0,1.011
2021/9/22 8:00,22.2,97,1,21.7,0.54,0,3.671
2021/9/22 9:00,23.1,91,1,21.6,0.82,0,5.534
2021/9/22 10:00,24.5,84,1,21.6,1.47,0.2,7.301
2021/9/22 11:00,26.4,77,1,22,2.39,0.8,2.811
2021/9/22 12:00,25.7,82,1,22.4,0.73,0,4.39
2021/9/22 13:00,28.1,81,1,24.5,0.99,0.1,4.917
2021/9/22 14:00,28.9,74,1,23.8,1.84,0.6,3.612
2021/9/22 15:00,28.4,78,1,24.2,1.62,0.7,1.557
2021/9/22 16:00,28.7,68,1,22.2,1.27,0.9,0.365
2021/9/22 17:00,27.7,73,1,22.4,0.61,0.9,0.313
2021/9/22 18:00,26.8,77,0,22.4,0.05,0.2,0
2021/9/22 19:00,26.9,80,0,23.2,0,0,0
2021/9/22 20:00,26.6,85,0,23.9,0,0,0
2021/9/22 21:00,26.5,86,0,24,0,0,0
2021/9/22 22:00,26.6,86,0,24.1,0,0,0
2021/9/22 23:00,26.3,84,0,23.4,0,0,0
2021/9/23 0:00,25.9,85,0,23.2,0,0,0
2021/9/23 1:00,25.4,87,0,23.1,0,0,0
2021/9/23 2:00,25.2,87,0,22.9,0,0,0
2021/9/23 3:00,25.5,87,0,23.2,0,0,0
2021/9/23 4:00,24.7,93,0,23.5,0,0,0
2021/9/23 5:00,24,96,0,23.3,0,0,0.123
2021/9/23 6:00,23.5,99,1,23.3,0.02,0,1.204
2021/9/23 7:00,25,91,1,23.4,0.48,0.7,4.941
2021/9/23 8:00,26.8,84,1,23.9,0.93,0.6,6.44
2021/9/23 9:00,28.9,75,1,24,1.96,1,7.623
2021/9/23 10:00,29,74,1,23.9,1.94,0.8,7.789
2021/9/23 11:00,29.2,62,1,21.2,2.39,0.7,7.359
2021/9/23 12:00,29.4,68,1,22.9,1.44,0.3,6.562
2021/9/23 13:00,30.4,49,1,18.5,2.81,1,5.233
2021/9/23 14:00,31,48,1,18.7,2.43,1,3.52
2021/9/23 15:00,30.5,49,1,18.6,1.91,1,1.362
2021/9/23 16:00,29.7,53,1,19.1,1.21,1,0.413
2021/9/23 17:00,28.2,59,1,19.4,0.54,1,0.142
2021/9/23 18:00,25.9,71,0,20.2,0.05,0.2,0
2021/9/23 19:00,24.7,82,0,21.4,0,0,0
2021/9/23 20:00,24.3,87,0,22,0,0,0
2021/9/23 21:00,23.5,89,0,21.6,0,0,0
2021/9/23 22:00,25.7,82,0,22.4,0,0,0
2021/9/23 23:00,24.1,89,0,22.2,0,0,0
2021/9/24 0:00,23,87,0,20.7,0,0,0
2021/9/24 1:00,23.1,74,0,18.2,0,0,0
2021/9/24 2:00,21.7,82,0,18.5,0,0,0
2021/9/24 3:00,21.9,82,0,18.7,0,0,0
2021/9/24 4:00,21.5,86,0,19.1,0,0,0
2021/9/24 5:00,21.2,84,0,18.4,0,0,0.223
2021/9/24 6:00,21.9,71,1,16.4,0.03,0.1,1.11
2021/9/24 7:00,22.8,63,1,15.4,0.47,1,4.925
2021/9/24 8:00,25.4,53,1,15.1,1.19,1,6.566
2021/9/24 9:00,26.4,49,1,14.8,1.87,1,7.273
2021/9/24 10:00,27.7,47,1,15.4,2.41,1,7.472
2021/9/24 11:00,28.6,44,1,15.2,2.77,1,7.255
2021/9/24 12:00,29.8,45,1,16.6,2.91,1,6.52
2021/9/24 13:00,29.6,37,1,13.4,2.45,0.8,5.285
2021/9/24 14:00,29.6,50,1,18.1,2.35,1,3.479
2021/9/24 15:00,29.5,42,1,15.3,1.97,1,1.452
2021/9/24 16:00,27.9,49,1,16.2,0.97,0.6,0.31
2021/9/24 17:00,26.6,57,1,17.4,0.29,0.3,0.496
2021/9/24 18:00,25.8,68,0,19.5,0.02,0,0
2021/9/24 19:00,25.3,70,0,19.4,0,0,0
2021/9/24 20:00,24.5,70,0,18.7,0,0,0
2021/9/24 21:00,24.6,69,0,18.5,0,0,0
2021/9/24 22:00,24.5,73,0,19.4,0,0,0
2021/9/24 23:00,24.9,65,0,17.9,0,0,0
2021/9/25 0:00,24.2,67,0,17.7,0,0,0
2021/9/25 1:00,23.8,67,0,17.3,0,0,0
2021/9/25 2:00,23.1,77,0,18.9,0,0,0
2021/9/25 3:00,22.4,73,0,17.3,0,0,0
2021/9/25 4:00,22.2,76,0,17.8,0,0,0
2021/9/25 5:00,21.7,77,0,17.5,0,0,0.101
2021/9/25 6:00,21.3,78,1,17.3,0.01,0,0.37
2021/9/25 7:00,21.4,81,1,18,0.16,0,0.91
2021/9/25 8:00,21.6,80,1,18,0.2,0,1.236
2021/9/25 9:00,22,78,1,18,0.39,0,1.803
2021/9/25 10:00,23,77,1,18.8,0.56,0,1.774
2021/9/25 11:00,23.1,72,1,17.8,1.46,0.2,1.564
2021/9/25 12:00,22.9,73,1,17.8,0.33,0,2.28
2021/9/25 13:00,23.8,65,1,16.8,0.4,0,2.158
2021/9/25 14:00,23.1,66,1,16.4,0.34,0,1.942
2021/9/25 15:00,23.5,69,1,17.5,0.39,0,1.51
2021/9/25 16:00,22.8,70,1,17.1,0.45,0.1,0.439
2021/9/25 17:00,22.3,72,1,17,0.19,0,0.168
2021/9/25 18:00,21.6,74,0,16.8,0.02,0,0
2021/9/25 19:00,21,72,0,15.8,0,0,0
2021/9/25 20:00,20.7,72,0,15.5,0,0,0
2021/9/25 21:00,20.4,74,0,15.6,0,0,0
2021/9/25 22:00,20.7,72,0,15.5,0,0,0
2021/9/25 23:00,20.6,74,0,15.8,0,0,0
2021/9/26 0:00,20.7,73,0,15.7,0,0,0
2021/9/26 1:00,20.6,72,0,15.4,0,0,0
2021/9/26 2:00,20.1,76,0,15.8,0,0,0
2021/9/26 3:00,20,74,0,15.2,0,0,0
2021/9/26 4:00,19.7,78,0,15.8,0,0,0
2021/9/26 5:00,19.6,79,0,15.9,0,0,0.0001
2021/9/26 6:00,19.7,77,1,15.6,0.01,0,0.391
2021/9/26 7:00,19.8,75,1,15.3,0.14,0,0.793
2021/9/26 8:00,19.9,74,1,15.1,0.29,0,0.918
2021/9/26 9:00,20,73,1,15,0.23,0,1.178
2021/9/26 10:00,20.3,73,1,15.3,0.31,0,1.243
2021/9/26 11:00,20.7,74,1,15.9,0.51,0,1.832
2021/9/26 12:00,20.6,73,1,15.6,0.65,0,1.575
2021/9/26 13:00,20.8,72,1,15.6,0.58,0,1.071
2021/9/26 14:00,20.9,70,1,15.2,0.5,0,0.653
2021/9/26 15:00,20.9,72,1,15.7,0.46,0,0.794
2021/9/26 16:00,20.6,73,1,15.6,0.39,0,0.321
2021/9/26 17:00,19.6,74,1,14.9,0.17,0,0.314
2021/9/26 18:00,19.7,74,0,15,0.03,0,0
2021/9/26 19:00,19.6,75,0,15.1,0,0,0
2021/9/26 20:00,19.6,76,0,15.3,0,0,0
2021/9/26 21:00,19.3,80,0,15.8,0,0,0
2021/9/26 22:00,18.6,84,0,15.9,0,0,0
2021/9/26 23:00,18.4,84,0,15.7,0,0,0
2021/9/27 0:00,18.4,82,0,15.3,0,0,0
2021/9/27 1:00,18.1,83,0,15.2,0,0,0
2021/9/27 2:00,17.9,82,0,14.8,0,0,0
2021/9/27 3:00,18.1,81,0,14.8,0,0,0
2021/9/27 4:00,17.6,85,0,15.1,0,0,0
2021/9/27 5:00,18,82,0,14.9,0,0,0.0001
2021/9/27 6:00,18.1,81,1,14.8,0,0,1.03
2021/9/27 7:00,17.1,93,1,16,0.07,0,3.502
2021/9/27 8:00,18.3,86,1,15.9,0.49,0,5.711
2021/9/27 9:00,21.6,74,1,16.8,1.76,0.9,6.02
2021/9/27 10:00,21.7,67,1,15.3,2.04,0.8,3.736
2021/9/27 11:00,21.9,70,1,16.2,0.96,0,2.189
2021/9/27 12:00,22.5,71,1,17,1.09,0.1,2.822
2021/9/27 13:00,22,70,1,16.3,0.67,0,2.345
2021/9/27 14:00,22.8,66,1,16.1,0.58,0,3.198
2021/9/27 15:00,22.8,64,1,15.7,0.6,0,1.369
2021/9/27 16:00,23.3,61,1,15.4,0.96,0.6,0.3
2021/9/27 17:00,22.3,63,1,14.9,0.42,0.5,0.163
2021/9/27 18:00,21.2,67,0,14.8,0.03,0,0
2021/9/27 19:00,20.7,68,0,14.6,0,0,0
2021/9/27 20:00,20.2,75,0,15.6,0,0,0
2021/9/27 21:00,20.1,78,0,16.2,0,0,0
2021/9/27 22:00,19.1,82,0,16,0,0,0
2021/9/27 23:00,19.2,80,0,15.7,0,0,0
2021/9/28 0:00,18.4,82,0,15.3,0,0,0
2021/9/28 1:00,18.4,81,0,15.1,0,0,0
2021/9/28 2:00,18.2,79,0,14.5,0,0,0
2021/9/28 3:00,18,79,0,14.3,0,0,0
2021/9/28 4:00,17.1,83,0,14.2,0,0,0
2021/9/28 5:00,17.9,79,0,14.2,0,0,0.177
2021/9/28 6:00,17.8,80,1,14.3,0.03,0,0.903
2021/9/28 7:00,18.7,77,1,14.6,0.39,0.6,3.959
2021/9/28 8:00,20,73,1,15,0.55,0,4.327
2021/9/28 9:00,21.8,68,1,15.6,1.14,0.2,6.277
2021/9/28 10:00,23.6,67,1,17.1,1.61,0.3,4.714
2021/9/28 11:00,24.3,62,1,16.6,1.76,0.2,5.76
2021/9/28 12:00,23.9,63,1,16.4,2.24,0.6,5.645
2021/9/28 13:00,25.3,60,1,17,1.94,0.6,5.22
2021/9/28 14:00,24.4,63,1,16.9,1.76,0.5,3.24
2021/9/28 15:00,25.3,56,1,15.9,0.84,0.2,0.866
2021/9/28 16:00,24.3,62,1,16.6,0.73,0.3,0.316
2021/9/28 17:00,23.5,66,1,16.8,0.18,0,0.156
2021/9/28 18:00,22.1,72,0,16.8,0.02,0,0
2021/9/28 19:00,21.1,76,0,16.7,0,0,0
2021/9/28 20:00,20.8,77,0,16.6,0,0,0
2021/9/28 21:00,20.8,78,0,16.8,0,0,0
2021/9/28 22:00,19.7,85,0,17.1,0,0,0
2021/9/28 23:00,19.4,87,0,17.2,0,0,0
2021/9/29 0:00,19.4,89,0,17.6,0,0,0
2021/9/29 1:00,18.4,92,0,17.1,0,0,0
2021/9/29 2:00,18.5,91,0,17,0,0,0
2021/9/29 3:00,18.1,93,0,17,0,0,0
2021/9/29 4:00,18,91,0,16.5,0,0,0
2021/9/29 5:00,17.8,91,0,16.3,0,0,0.154
2021/9/29 6:00,18.7,86,1,16.3,0.01,0,0.943
2021/9/29 7:00,19.5,83,1,16.6,0.28,0.1,4.633
2021/9/29 8:00,21.1,78,1,17.1,1.11,1,6.796
2021/9/29 9:00,22.8,71,1,17.3,1.83,1,7.55
2021/9/29 10:00,24.5,62,1,16.8,2.34,1,7.603
2021/9/29 11:00,26.3,59,1,17.7,2.63,1,6.914
2021/9/29 12:00,24.8,59,1,16.3,1.41,0.3,2.334
2021/9/29 13:00,25.2,64,1,17.9,0.76,0,1.336
2021/9/29 14:00,25.3,57,1,16.2,1.01,0,1.545
2021/9/29 15:00,24.7,66,1,17.9,0.61,0.1,1.121
2021/9/29 16:00,24.1,73,1,19,0.37,0,0.351
2021/9/29 17:00,23.4,76,1,18.9,0.22,0.1,0.274
2021/9/29 18:00,22.8,79,0,19,0.04,0.1,0
2021/9/29 19:00,22.2,80,0,18.6,0,0,0
2021/9/29 20:00,22.2,83,0,19.2,0,0,0
2021/9/29 21:00,21.9,84,0,19.1,0,0,0
2021/9/29 22:00,22,82,0,18.8,0,0,0
2021/9/29 23:00,22,84,0,19.2,0,0,0
2021/9/30 0:00,21.4,86,0,19,0,0,0
2021/9/30 1:00,20.2,92,0,18.9,0,0,0
2021/9/30 2:00,19.9,96,0,19.3,0,0,0
2021/9/30 3:00,19.8,96,0,19.2,0,0,0
2021/9/30 4:00,19.6,96,0,19,0,0,0
2021/9/30 5:00,19.5,97,0,19,0,0,0.0001
2021/9/30 6:00,19.6,97,1,19.1,0.02,0,0.556
2021/9/30 7:00,21.2,90,1,19.5,0.23,0,3.63
2021/9/30 8:00,23.1,83,1,20.1,0.75,0.6,4.336
2021/9/30 9:00,23.9,74,1,19,1.24,0.7,5.662
2021/9/30 10:00,26.6,66,1,19.7,2.13,0.9,7.15
2021/9/30 11:00,27.6,64,1,20.2,2.34,0.6,6.406
2021/9/30 12:00,28.9,62,1,20.9,2.74,1,5.348
2021/9/30 13:00,28,61,1,19.8,1.83,0.6,3.372
2021/9/30 14:00,26.7,67,1,20.1,1.31,0.4,1.83
2021/9/30 15:00,26.2,70,1,20.3,0.65,0,0.662
2021/9/30 16:00,25.4,73,1,20.2,0.23,0,0.349
2021/9/30 17:00,23.5,87,1,21.2,0.05,0,0.898
2021/9/30 18:00,23.6,81,0,20.2,0,0,0
2021/9/30 19:00,22.7,84,0,19.9,0,0,0
2021/9/30 20:00,22.1,85,0,19.5,0,0,0
2021/9/30 21:00,22,89,0,20.1,0,0,0
2021/9/30 22:00,23.5,81,0,20.1,0,0,0
2021/9/30 23:00,21.7,98,0,21.4,0,0,0
2021/10/1 0:00,21.3,98,0,21,0,0,0
2021/10/1 1:00,20.3,95,0,19.5,0,0,0
2021/10/1 2:00,20,98,0,19.7,0,0,0
2021/10/1 3:00,20,99,0,19.9,0,0,0
2021/10/1 4:00,19.8,98,0,19.5,0,0,0
2021/10/1 5:00,19.6,99,0,19.5,0,0,0.0001
2021/10/1 6:00,19.5,99,1,19.4,0,0,0
2021/10/1 7:00,19.7,99,1,19.6,0.01,0,0.923
2021/10/1 8:00,19.6,98,1,19.3,0.02,0,0.869
2021/10/1 9:00,19.7,98,1,19.4,0.04,0,0.459
2021/10/1 10:00,19.1,97,1,18.6,0.07,0,0.259
2021/10/1 11:00,18.5,98,1,18.2,0.07,0,0.224
2021/10/1 12:00,17.9,98,1,17.6,0.08,0,0.298
2021/10/1 13:00,17.5,99,1,17.4,0.06,0,0.203
2021/10/1 14:00,17.4,99,1,17.3,0.06,0,0.255
2021/10/1 15:00,17.4,99,1,17.3,0.09,0,0.706
2021/10/1 16:00,17.3,99,1,17.2,0.1,0,0.85
2021/10/1 17:00,17.3,96,1,16.7,0.06,0,0.787
2021/10/1 18:00,17.7,90,0,16.1,0,0,0
2021/10/1 19:00,19.4,78,0,15.5,0,0,0
2021/10/1 20:00,20.3,72,0,15.1,0,0,0
2021/10/1 21:00,20,70,0,14.4,0,0,0
2021/10/1 22:00,19.5,70,0,13.9,0,0,0
2021/10/1 23:00,18.9,72,0,13.8,0,0,0
2021/10/2 0:00,19,70,0,13.4,0,0,0
2021/10/2 1:00,16.9,84,0,14.2,0,0,0.0001
2021/10/2 2:00,16,91,0,14.5,0,0,0
2021/10/2 3:00,15.7,94,0,14.8,0,0,0
2021/10/2 4:00,15.5,95,0,14.7,0,0,0
2021/10/2 5:00,15.5,96,0,14.9,0,0,0
2021/10/2 6:00,16,94,1,15,0.02,0.2,0
2021/10/2 7:00,19.1,82,1,16,0.42,0.8,0
2021/10/2 8:00,21.5,71,1,16,1.14,1,6.691
2021/10/2 9:00,23.8,61,1,15.8,1.81,1,7.347
2021/10/2 10:00,26.2,56,1,16.7,2.33,1,7.641
2021/10/2 11:00,28.5,44,1,15.1,2.69,1,7.367
2021/10/2 12:00,28.7,42,1,14.5,2.82,1,6.645
2021/10/2 13:00,29.7,45,1,16.5,2.5,0.9,5.363
2021/10/2 14:00,28.7,57,1,19.4,2.35,1,3.314
2021/10/2 15:00,27.5,59,1,18.8,1.74,1,1.228
2021/10/2 16:00,26.3,65,1,19.2,0.78,0.4,0.324
2021/10/2 17:00,25.7,62,1,17.9,0.36,0.9,0.145
2021/10/2 18:00,24.2,76,0,19.7,0.02,0,0
2021/10/2 19:00,23.9,84,0,21,0,0,0
2021/10/2 20:00,22.8,97,0,22.3,0,0,0
2021/10/2 21:00,18.1,98,0,17.8,0,0,0
2021/10/2 22:00,18.2,99,0,18,0,0,0
2021/10/2 23:00,18.3,100,0,18.3,0,0,0
2021/10/3 0:00,18.3,99,0,18.1,0,0,0
2021/10/3 1:00,18.5,95,0,17.7,0,0,0
2021/10/3 2:00,19.6,94,0,18.6,0,0,0
2021/10/3 3:00,19.3,94,0,18.3,0,0,0
2021/10/3 4:00,19.9,95,0,19.1,0,0,0
2021/10/3 5:00,19.8,90,0,18.1,0,0,0.00025
2021/10/3 6:00,19.1,93,1,18,0.02,0,0.69
2021/10/3 7:00,20.5,77,1,16.3,0.41,0.8,5.169
2021/10/3 8:00,22,68,1,15.8,1.14,1,6.785
2021/10/3 9:00,23.2,62,1,15.5,1.81,1,7.464
2021/10/3 10:00,24.7,60,1,16.4,2.33,1,7.596
2021/10/3 11:00,25.3,57,1,16.2,2.66,1,7.206
2021/10/3 12:00,26.7,60,1,18.3,2.35,0.8,5.794
2021/10/3 13:00,27.4,59,1,18.7,2.27,0.6,3.853
2021/10/3 14:00,26.1,55,1,16.4,2.18,0.8,2.178
2021/10/3 15:00,25.6,59,1,17,1.79,1,1.157
2021/10/3 16:00,24.7,56,1,15.4,1.08,1,0.245
2021/10/3 17:00,23.6,63,1,16.2,0.41,1,0.148
2021/10/3 18:00,22.6,61,0,14.7,0.02,0,0
2021/10/3 19:00,21.4,72,0,16.2,0,0,0
2021/10/3 20:00,20.8,78,0,16.8,0,0,0
2021/10/3 21:00,20.4,84,0,17.6,0,0,0
2021/10/3 22:00,20.7,84,0,17.9,0,0,0
2021/10/3 23:00,19.8,90,0,18.1,0,0,0
2021/10/4 0:00,19.6,89,0,17.7,0,0,0
2021/10/4 1:00,19.6,91,0,18.1,0,0,0
2021/10/4 2:00,19.6,91,0,18.1,0,0,0
2021/10/4 3:00,20.8,81,0,17.4,0,0,0
2021/10/4 4:00,20.3,84,0,17.5,0,0,0
2021/10/4 5:00,19.3,85,0,16.7,0,0,0.00025
2021/10/4 6:00,19.2,88,1,17.2,0.01,0,0.69
2021/10/4 7:00,20.6,83,1,17.6,0.16,0,5.169
2021/10/4 8:00,22,77,1,17.8,0.45,0,6.785
2021/10/4 9:00,24.3,70,1,18.5,1.51,0.8,7.464
2021/10/4 10:00,26.1,67,1,19.5,2.07,0.9,7.596
2021/10/4 11:00,26.4,70,1,20.5,1.71,0.4,7.206
2021/10/4 12:00,28.1,59,1,19.3,2.21,0.6,5.794
2021/10/4 13:00,29.1,53,1,18.6,2.47,0.8,3.853
2021/10/4 14:00,27.2,64,1,19.8,2.04,0.8,2.178
2021/10/4 15:00,27.2,65,1,20.1,1.4,0.8,1.157
2021/10/4 16:00,25.8,71,1,20.2,0.84,0.7,0.245
2021/10/4 17:00,24.8,74,1,19.9,0.35,0.8,0.148
2021/10/4 18:00,24.1,79,0,20.2,0.01,0,0
2021/10/4 19:00,23.4,81,0,20,0,0,0
2021/10/4 20:00,23.7,79,0,19.9,0,0,0
2021/10/4 21:00,23.5,81,0,20.1,0,0,0
2021/10/4 22:00,23.3,82,0,20.1,0,0,0
2021/10/4 23:00,23.1,80,0,19.5,0,0,0
2021/10/5 0:00,22.6,81,0,19.2,0,0,0
2021/10/5 1:00,22.7,78,0,18.7,0,0,0
2021/10/5 2:00,21.7,82,0,18.5,0,0,0
2021/10/5 3:00,21.5,83,0,18.5,0,0,0
2021/10/5 4:00,21.4,86,0,19,0,0,0
2021/10/5 5:00,20,92,0,18.7,0,0,0.00025
2021/10/5 6:00,19.5,95,1,18.7,0.01,0,0.69
2021/10/5 7:00,21.1,88,1,19,0.37,0.7,5.169
2021/10/5 8:00,23,78,1,19,0.93,0.7,6.785
2021/10/5 9:00,24.2,73,1,19.1,1.68,1,7.464
2021/10/5 10:00,26.1,63,1,18.5,2.25,1,7.596
2021/10/5 11:00,27.4,60,1,19,2.57,1,7.206
2021/10/5 12:00,27.3,52,1,16.6,2.5,1,5.794
2021/10/5 13:00,28.4,58,1,19.4,2.52,1,3.853
2021/10/5 14:00,28,58,1,19,2.2,1,2.178
2021/10/5 15:00,26.7,61,1,18.6,1.5,1,1.157
2021/10/5 16:00,26.2,65,1,19.1,0.84,1,0.245
2021/10/5 17:00,24.9,71,1,19.3,0.26,0.5,0.148
2021/10/5 18:00,24.5,75,0,19.8,0.01,0,0
2021/10/5 19:00,24.2,77,0,19.9,0,0,0
2021/10/5 20:00,23.5,79,0,19.7,0,0,0
2021/10/5 21:00,23.2,79,0,19.4,0,0,0
2021/10/5 22:00,23.1,80,0,19.5,0,0,0
2021/10/5 23:00,22.6,81,0,19.2,0,0,0
2021/10/6 0:00,22.6,83,0,19.6,0,0,0
2021/10/6 1:00,22.3,83,0,19.3,0,0,0
2021/10/6 2:00,21.2,88,0,19.1,0,0,0
2021/10/6 3:00,20.5,92,0,19.2,0,0,0
2021/10/6 4:00,20.1,94,0,19.1,0,0,0
2021/10/6 5:00,19.8,97,0,19.3,0,0,0.00025
2021/10/6 6:00,19.8,96,1,19.2,0.02,0,0.69
2021/10/6 7:00,21.6,87,1,19.4,0.42,0.7,5.169
2021/10/6 8:00,23.9,68,1,17.6,0.85,0.9,6.785
2021/10/6 9:00,25.7,56,1,16.3,1.72,1,7.464
2021/10/6 10:00,27.2,55,1,17.4,2.29,1,7.596
2021/10/6 11:00,28.1,59,1,19.3,2.48,1,7.206
2021/10/6 12:00,27.4,64,1,20,1.27,0.2,5.794
2021/10/6 13:00,27,64,1,19.6,1.48,0.4,3.853
2021/10/6 14:00,25.7,62,1,17.9,1.17,0.3,2.178
2021/10/6 15:00,24.7,67,1,18.2,1.26,0.6,1.157
2021/10/6 16:00,23.1,70,1,17.3,0.72,0.4,0.245
2021/10/6 17:00,22,72,1,16.7,0.13,0.1,0.148
2021/10/6 18:00,21.5,72,0,16.3,0,0,0
2021/10/6 19:00,21.3,71,0,15.8,0,0,0
2021/10/6 20:00,21.1,73,0,16.1,0,0,0
2021/10/6 21:00,20.8,74,0,16,0,0,0
2021/10/6 22:00,20.8,72,0,15.6,0,0,0
2021/10/6 23:00,20.4,75,0,15.8,0,0,0
2021/10/11 0:00,22.2,86,0,19.8,0,0,0
2021/10/11 1:00,21.8,89,0,19.9,0,0,0
2021/10/11 2:00,21.5,89,0,19.6,0,0,0
2021/10/11 3:00,21.2,92,0,19.9,0,0,0
2021/10/11 4:00,20.7,95,0,19.9,0,0,0
2021/10/11 5:00,20,97,0,19.5,0,0,0
2021/10/11 6:00,19.7,94,1,18.7,0.01,0,0.635
2021/10/11 7:00,21.2,87,1,19,0.35,0.8,4.464
2021/10/11 8:00,23.9,77,1,19.6,1.02,1,6.645
2021/10/11 9:00,25.2,68,1,18.9,1.7,1,6.533
2021/10/11 10:00,26,69,1,19.9,1.4,0.4,2.123
2021/10/11 11:00,27.2,63,1,19.6,1.44,0.3,5.482
2021/10/11 12:00,27.4,61,1,19.2,2.21,0.8,5.364
2021/10/11 13:00,28.7,58,1,19.6,2.52,1,4.874
2021/10/11 14:00,28.2,62,1,20.2,2.02,0.9,3.045
2021/10/11 15:00,27.7,62,1,19.8,1.65,1,0.961
2021/10/11 16:00,26.4,69,1,20.3,0.97,1,0.139
2021/10/11 17:00,25.6,71,1,20,0.3,0.9,0.038
2021/10/11 18:00,24.8,76,0,20.3,0,0,0
2021/10/11 19:00,24.2,81,0,20.7,0,0,0
2021/10/11 20:00,23.9,83,0,20.8,0,0,0
2021/10/11 21:00,22.9,91,0,21.4,0,0,0
2021/10/11 22:00,22.5,94,0,21.5,0,0,0
2021/10/11 23:00,22.7,91,0,21.2,0,0,0
2021/10/12 0:00,22.5,94,0,21.5,0,0,0
2021/10/12 1:00,23.2,91,0,21.7,0,0,0
2021/10/12 2:00,22.9,90,0,21.2,0,0,0
2021/10/12 3:00,22.2,87,0,20,0,0,0
2021/10/12 4:00,21.8,87,0,19.6,0,0,0
2021/10/12 5:00,21.4,86,0,19,0,0,0
2021/10/12 6:00,21.3,84,1,18.5,0,0,0.0278
2021/10/12 7:00,21.4,84,1,18.6,0.09,0,0.237
2021/10/12 8:00,21.7,82,1,18.5,0.22,0,0.347
2021/10/12 9:00,22.1,81,1,18.7,0.43,0,1.744
2021/10/12 10:00,22.2,80,1,18.6,0.38,0,0.538
2021/10/12 11:00,21.8,82,1,18.6,0.21,0,0.408
2021/10/12 12:00,21.5,84,1,18.7,0.18,0,0.531
2021/10/12 13:00,20.8,90,1,19.1,0.28,0,0.327
2021/10/12 14:00,20,94,1,19,0.14,0,0.201
2021/10/12 15:00,19.3,97,1,18.8,0.12,0,0.177
2021/10/12 16:00,19.2,96,1,18.6,0.08,0,0.0203
2021/10/12 17:00,19.3,94,1,18.3,0.01,0,0
2021/10/12 18:00,18.9,98,0,18.6,0,0,0
2021/10/12 19:00,18.9,98,0,18.6,0,0,0
2021/10/12 20:00,19,94,0,18,0,0,0
2021/10/12 21:00,19.1,94,0,18.1,0,0,0
2021/10/12 22:00,18.5,96,0,17.9,0,0,0
2021/10/12 23:00,18.1,97,0,17.6,0,0,0
2021/10/13 0:00,18,95,0,17.2,0,0,0
2021/10/13 1:00,18,95,0,17.2,0,0,0
2021/10/13 2:00,18.2,94,0,17.2,0,0,0
2021/10/13 3:00,18.2,93,0,17.1,0,0,0
2021/10/13 4:00,17.7,95,0,16.9,0,0,0
2021/10/13 5:00,17.8,94,0,16.8,0,0,0
2021/10/13 6:00,17.3,98,1,17,0,0,0.0701
2021/10/13 7:00,17,98,1,16.7,0.03,0,0.259
2021/10/13 8:00,17.2,95,1,16.4,0.13,0,0.984
2021/10/13 9:00,17.2,97,1,16.7,0.22,0,1.173
2021/10/13 10:00,17,97,1,16.5,0.29,0,0.873
2021/10/13 11:00,17.1,97,1,16.6,0.37,0,1.356
2021/10/13 12:00,18.1,97,1,17.6,0.59,0,1.592
2021/10/13 13:00,18.4,95,1,17.6,0.59,0,1.013
2021/10/13 14:00,17.7,95,1,16.9,0.2,0,0.343
2021/10/13 15:00,17.8,95,1,17,0.18,0,0.132
2021/10/13 16:00,17.5,95,1,16.7,0.07,0,0.0273
2021/10/13 17:00,17.3,97,1,16.8,0.02,0,0
2021/10/13 18:00,17.2,98,0,16.9,0,0,0
2021/10/13 19:00,17.1,96,0,16.5,0,0,0
2021/10/13 20:00,17.1,98,0,16.8,0,0,0
2021/10/13 21:00,17,99,0,16.9,0,0,0
2021/10/13 22:00,16.6,99,0,16.5,0,0,0
2021/10/13 23:00,16.5,100,0,16.5,0,0,0
2021/10/14 0:00,16.5,100,0,16.5,0,0,0
2021/10/14 1:00,16.4,99,0,16.3,0,0,0
2021/10/14 2:00,16.2,98,0,15.9,0,0,0
2021/10/14 3:00,16.2,96,0,15.6,0,0,0
2021/10/14 4:00,16.2,94,0,15.2,0,0,0
2021/10/14 5:00,16.1,93,0,15,0,0,0
2021/10/14 6:00,16.3,91,1,14.8,0,0,0.159
2021/10/14 7:00,16.7,91,1,15.2,0.09,0,0.87
2021/10/14 8:00,17.4,85,1,14.9,0.32,0,1.564
2021/10/14 9:00,18.4,84,1,15.7,0.66,0,4.655
2021/10/14 10:00,19.7,75,1,15.2,1.51,0.1,6.422
2021/10/14 11:00,21.1,68,1,15,2.09,0.6,6.157
2021/10/14 12:00,23,65,1,16.1,2.1,0.8,4.345
2021/10/14 13:00,23.1,59,1,14.7,2.6,1,5.014
2021/10/14 14:00,23.2,58,1,14.5,2.11,1,2.614
2021/10/14 15:00,23.2,61,1,15.3,1.68,1,0.919
2021/10/14 16:00,22.1,68,1,15.9,0.91,1,0.138
2021/10/14 17:00,20.2,76,1,15.9,0.25,0.8,0.0283
2021/10/14 18:00,19.2,79,0,15.5,0,0,0
2021/10/14 19:00,20.1,82,0,16.9,0,0,0
2021/10/14 20:00,19.6,84,0,16.8,0,0,0
2021/10/14 21:00,18.6,90,0,16.9,0,0,0
2021/10/14 22:00,18.7,90,0,17,0,0,0
2021/10/14 23:00,18.5,85,0,15.9,0,0,0
2021/10/15 0:00,17.4,92,0,16.1,0,0,0
2021/10/15 1:00,17,94,0,16,0,0,0
2021/10/15 2:00,16.9,96,0,16.3,0,0,0
2021/10/15 3:00,17.9,95,0,17.1,0,0,0
2021/10/15 4:00,18.3,92,0,17,0,0,0
2021/10/15 5:00,18.4,89,0,16.6,0,0,0
2021/10/15 6:00,17.2,92,1,15.9,0,0,0.78
2021/10/15 7:00,18.9,82,1,15.8,0.33,0.7,3.332
2021/10/15 8:00,20.2,78,1,16.3,0.96,1,5.749
2021/10/15 9:00,21.2,74,1,16.4,1.52,0.9,5.878
2021/10/15 10:00,21.8,70,1,16.1,1.92,0.9,6.999
2021/10/15 11:00,22.2,67,1,15.8,1.52,0.4,6.908
2021/10/15 12:00,24.6,60,1,16.3,2.41,0.8,5.493
2021/10/15 13:00,23.9,62,1,16.2,1.42,0.3,4.699
2021/10/15 14:00,24.8,60,1,16.5,1.8,0.8,2.853
2021/10/15 15:00,23.8,64,1,16.6,1.3,0.8,0.952
2021/10/15 16:00,23.1,69,1,17.1,0.33,0.1,0.142
2021/10/15 17:00,21.9,75,1,17.3,0.18,0.3,0.017
2021/10/15 18:00,21.9,76,0,17.5,0,0,0
2021/10/15 19:00,21.8,78,0,17.8,0,0,0
2021/10/15 20:00,20.9,83,0,17.9,0,0,0
2021/10/15 21:00,21,82,0,17.8,0,0,0
2021/10/15 22:00,20.1,90,0,18.4,0,0,0
2021/10/15 23:00,19.5,92,0,18.2,0,0,0
2021/10/16 0:00,19.4,94,0,18.4,0,0,0
2021/10/16 1:00,19.1,95,0,18.3,0,0,0
2021/10/16 2:00,19,96,0,18.4,0,0,0
2021/10/16 3:00,19.6,94,0,18.6,0,0,0
2021/10/16 4:00,20.3,91,0,18.8,0,0,0
2021/10/16 5:00,20.2,93,0,19,0,0,0
2021/10/16 6:00,20.2,92,1,18.9,0,0,0.051
2021/10/16 7:00,20.6,89,1,18.7,0.04,0,0.139
2021/10/16 8:00,20.7,88,1,18.7,0.12,0,0.461
2021/10/16 9:00,20.3,97,1,19.8,0.22,0,2.89
2021/10/16 10:00,21,89,1,19.1,1.01,0.3,2.54
2021/10/16 11:00,21.7,87,1,19.5,0.35,0,1.034
2021/10/16 12:00,21.6,86,1,19.2,0.33,0,0.761
2021/10/16 13:00,22.5,81,1,19.1,0.53,0,0.939
2021/10/16 14:00,22.6,78,1,18.6,0.27,0,0.731
2021/10/16 15:00,22.7,76,1,18.3,0.19,0,0.28
2021/10/16 16:00,22.8,76,1,18.4,0.05,0,0.0277
2021/10/16 17:00,22.5,78,1,18.5,0.02,0,0
2021/10/16 18:00,22.2,84,0,19.4,0,0,0
2021/10/16 19:00,20.9,96,0,20.2,0,0,0
2021/10/16 20:00,20.8,99,0,20.6,0,0,0
2021/10/16 21:00,20.7,100,0,20.7,0,0,0
2021/10/16 22:00,21.1,99,0,20.9,0,0,0
2021/10/16 23:00,21,98,0,20.7,0,0,0
2021/10/17 0:00,20.9,99,0,20.7,0,0,0
2021/10/17 1:00,20.7,98,0,20.4,0,0,0
2021/10/17 2:00,20.4,96,0,19.8,0,0,0
2021/10/17 3:00,20.2,96,0,19.6,0,0,0
2021/10/17 4:00,20.1,92,0,18.8,0,0,0
2021/10/17 5:00,20.3,72,0,15.1,0,0,0
2021/10/17 6:00,20.2,69,1,14.3,0,0,0.0001
2021/10/17 7:00,19.6,71,1,14.2,0.01,0,0.0233
2021/10/17 8:00,19,73,1,14.1,0.04,0,0.148
2021/10/17 9:00,16.2,97,1,15.7,0.13,0,0.362
2021/10/17 10:00,15.4,95,1,14.6,0.14,0,0.235
2021/10/17 11:00,14.4,94,1,13.5,0.15,0,0.431
2021/10/17 12:00,14.1,93,1,13,0.15,0,0.544
2021/10/17 13:00,14.1,94,1,13.2,0.23,0,0.433
2021/10/17 14:00,14,96,1,13.4,0.25,0,0.467
2021/10/17 15:00,13.2,95,1,12.4,0.24,0,0.378
2021/10/17 16:00,12.9,91,1,11.5,0.22,0,0.116
2021/10/17 17:00,13.4,87,1,11.3,0.11,0,0.024
2021/10/17 18:00,13.6,79,0,10,0,0,0
2021/10/17 19:00,13.3,76,0,9.2,0,0,0
2021/10/17 20:00,13.2,74,0,8.7,0,0,0
2021/10/17 21:00,12.4,76,0,8.3,0,0,0
2021/10/17 22:00,11.9,74,0,7.4,0,0,0
2021/10/17 23:00,11.5,73,0,6.8,0,0,0
2021/10/18 0:00,11.7,66,0,5.6,0,0,0
2021/10/18 1:00,11.8,63,0,5,0,0,0
2021/10/18 2:00,11.4,69,0,5.9,0,0,0
2021/10/18 3:00,11.2,63,0,4.4,0,0,0
2021/10/18 4:00,11.1,64,0,4.6,0,0,0
2021/10/18 5:00,10.6,65,0,4.3,0,0,0
2021/10/18 6:00,9.9,71,1,4.9,0,0,0.751
2021/10/18 7:00,10.6,69,1,5.2,0.31,0.8,4.727
2021/10/18 8:00,12.5,60,1,5,1,1,7.2
2021/10/18 9:00,13.8,57,1,5.5,1.68,1,8.123
2021/10/18 10:00,14.6,47,1,3.4,2.2,1,8.23
2021/10/18 11:00,16,46,1,4.4,2.51,1,7.759
2021/10/18 12:00,16.2,44,1,4,2.65,1,5.799
2021/10/18 13:00,17.1,42,1,4.1,2.46,1,5.102
2021/10/18 14:00,17.3,41,1,3.9,2.13,1,2.322
2021/10/18 15:00,17,47,1,5.6,1.65,1,0.778
2021/10/18 16:00,15.7,55,1,6.7,0.43,0.1,0.19
2021/10/18 17:00,15,55,1,6.1,0.23,0.5,0.008
2021/10/18 18:00,14.5,57,0,6.1,0,0,0
2021/10/18 19:00,14,59,0,6.1,0,0,0
2021/10/18 20:00,13.5,62,0,6.4,0,0,0
2021/10/18 21:00,12.7,68,0,7,0,0,0
2021/10/18 22:00,13.2,66,0,7,0,0,0
2021/10/18 23:00,13,67,0,7,0,0,0
2021/10/19 0:00,13.5,64,0,6.8,0,0,0
2021/10/19 1:00,13,69,0,7.5,0,0,0
2021/10/19 2:00,12.8,68,0,7.1,0,0,0
2021/10/19 3:00,12.8,69,0,7.3,0,0,0
2021/10/19 4:00,12.4,76,0,8.3,0,0,0
2021/10/19 5:00,12.5,74,0,8,0,0,0
2021/10/19 6:00,12.7,73,1,8,0,0,0.0643
2021/10/19 7:00,12.1,78,1,8.4,0.03,0,0.312
2021/10/19 8:00,12.1,84,1,9.5,0.18,0,0.595
2021/10/19 9:00,12.1,86,1,9.8,0.23,0,0.87
2021/10/19 10:00,13.1,81,1,9.9,0.32,0,1.785
2021/10/19 11:00,13.6,71,1,8.5,0.46,0,1.513
2021/10/19 12:00,14.3,68,1,8.5,0.59,0,1.287
2021/10/19 13:00,14.9,70,1,9.5,0.45,0,1.269
2021/10/19 14:00,15.2,65,1,8.7,0.39,0,1.129
2021/10/19 15:00,15,64,1,8.3,0.33,0,0.393
2021/10/19 16:00,15.1,66,1,8.8,0.24,0,0.18
2021/10/19 17:00,14.9,66,0,8.6,0.17,0,0
2021/10/19 18:00,15.1,64,0,8.4,0,0,0
2021/10/19 19:00,14.7,67,0,8.6,0,0,0
2021/10/19 20:00,14.5,70,0,9.1,0,0,0
2021/10/19 21:00,13,86,0,10.7,0,0,0
2021/10/19 22:00,12.3,98,0,12,0,0,0
2021/10/19 23:00,12.3,99,0,12.2,0,0,0
2021/10/20 0:00,12.7,99,0,12.6,0,0,0
2021/10/20 1:00,12.9,100,0,12.9,0,0,0
2021/10/20 2:00,13.2,100,0,13.2,0,0,0
2021/10/20 3:00,13.2,100,0,13.2,0,0,0
2021/10/20 4:00,12.8,100,0,12.8,0,0,0
2021/10/20 5:00,11.9,100,0,11.9,0,0,0
2021/10/20 6:00,11.6,100,1,11.6,0,0,1.074
2021/10/20 7:00,12.7,100,1,12.7,0.25,0.5,4.132
2021/10/20 8:00,14.8,95,1,14,0.98,1,6.811
2021/10/20 9:00,17.6,64,1,10.7,1.65,1,7.874
2021/10/20 10:00,19.4,50,1,8.7,2.19,1,7.97
2021/10/20 11:00,21,44,1,8.3,2.52,1,7.551
2021/10/20 12:00,21.3,35,1,5.2,2.62,1,5.626
2021/10/20 13:00,21.3,34,1,4.8,2.48,1,5.125
2021/10/20 14:00,21.2,34,1,4.7,2.12,1,2.998
2021/10/20 15:00,20.4,33,1,3.6,1.59,1,0.84
2021/10/20 16:00,18.7,37,1,3.7,0.91,1,0.109
2021/10/20 17:00,17.2,43,0,4.5,0.22,0.7,0
2021/10/20 18:00,15.8,48,0,4.8,0,0,0
2021/10/20 19:00,15.7,46,0,4.1,0,0,0
2021/10/20 20:00,15.6,45,0,3.7,0,0,0
2021/10/20 21:00,14.9,47,0,3.7,0,0,0
2021/10/20 22:00,14.6,47,0,3.4,0,0,0
2021/10/20 23:00,14,48,0,3.2,0,0,0
2021/10/21 0:00,14,46,0,2.6,0,0,0
2021/10/21 1:00,14.1,45,0,2.4,0,0,0
2021/10/21 2:00,13.5,47,0,2.4,0,0,0
2021/10/21 3:00,13.4,48,0,2.6,0,0,0
2021/10/21 4:00,13.3,48,0,2.5,0,0,0
2021/10/21 5:00,12.8,53,0,3.5,0,0,0
2021/10/21 6:00,12.7,54,1,3.6,0,0,0.722
2021/10/21 7:00,12.6,57,1,4.3,0.15,0.1,3.11
2021/10/21 8:00,13.9,54,1,4.8,0.73,0.4,6.524
2021/10/21 9:00,14.6,52,1,4.9,1.66,0.9,5.86
2021/10/21 10:00,15.6,46,1,4,1.77,0.7,5.784
2021/10/21 11:00,17.2,51,1,7,2.18,0.8,5.463
2021/10/21 12:00,18.3,39,1,4.1,2.18,0.8,4.249
2021/10/21 13:00,19.2,39,1,4.9,1.93,0.8,2.269
2021/10/21 14:00,17.7,44,1,5.3,1.07,0.1,1.779
2021/10/21 15:00,17.3,47,1,5.9,0.61,0,0.756
2021/10/21 16:00,16.6,54,1,7.3,0.31,0,0.0697
2021/10/21 17:00,16.9,46,0,5.2,0.05,0,0
2021/10/21 18:00,16.6,49,0,5.9,0,0,0
2021/10/21 19:00,15.7,57,0,7.2,0,0,0
2021/10/21 20:00,15.4,60,0,7.7,0,0,0
2021/10/21 21:00,15.4,55,0,6.4,0,0,0
2021/10/21 22:00,15.9,57,0,7.4,0,0,0
2021/10/21 23:00,15.2,59,0,7.3,0,0,0
2021/10/22 0:00,15.2,57,0,6.8,0,0,0
2021/10/22 1:00,14.6,62,0,7.4,0,0,0
2021/10/22 2:00,13.7,71,0,8.5,0,0,0
2021/10/22 3:00,11.6,84,0,9,0,0,0
2021/10/22 4:00,11.3,88,0,9.4,0,0,0
2021/10/22 5:00,11.7,84,0,9.1,0,0,0
2021/10/22 6:00,10.8,93,1,9.7,0,0,0.0001
2021/10/22 7:00,10.7,97,1,10.3,0.01,0,0.0676
2021/10/22 8:00,11,95,1,10.2,0.06,0,0.159
2021/10/22 9:00,10.9,94,1,10,0.14,0,0.425
2021/10/22 10:00,10.6,94,1,9.7,0.17,0,0.64
2021/10/22 11:00,10.7,96,1,10.1,0.23,0,0.778
2021/10/22 12:00,10.7,97,1,10.3,0.19,0,0.359
2021/10/22 13:00,10.8,98,1,10.5,0.13,0,0.408
2021/10/22 14:00,11,98,1,10.7,0.19,0,0.44
2021/10/22 15:00,11.4,97,1,11,0.16,0,0.127
2021/10/22 16:00,11.4,95,1,10.6,0.09,0,0.0131
2021/10/22 17:00,11,95,0,10.2,0.02,0,0
2021/10/22 18:00,11.2,95,0,10.4,0,0,0
2021/10/22 19:00,11,95,0,10.2,0,0,0
2021/10/22 20:00,10.9,94,0,10,0,0,0
2021/10/22 21:00,10.6,97,0,10.2,0,0,0
2021/10/22 22:00,10.6,97,0,10.2,0,0,0
2021/10/22 23:00,10.3,98,0,10,0,0,0
2021/10/23 0:00,10.6,96,0,10,0,0,0
2021/10/23 1:00,10.6,96,0,10,0,0,0
2021/10/23 2:00,10.2,97,0,9.8,0,0,0
2021/10/23 3:00,10.2,96,0,9.6,0,0,0
2021/10/23 4:00,9.1,98,0,8.8,0,0,0
2021/10/23 5:00,9.6,99,0,9.5,0,0,0
2021/10/23 6:00,8.7,99,1,8.6,0,0,1.475
2021/10/23 7:00,10,99,1,9.9,0.2,0.3,4.182
2021/10/23 8:00,12.5,79,1,9,0.95,1,6.738
2021/10/23 9:00,15.1,67,1,9,1.61,1,7.892
2021/10/23 10:00,16.3,51,1,6.2,2.16,1,8.114
2021/10/23 11:00,17.8,43,1,5.1,2.48,1,7.693
2021/10/23 12:00,18,44,1,5.6,2.54,1,5.569
2021/10/23 13:00,18.7,41,1,5.2,2.44,1,5.122
2021/10/23 14:00,18.3,37,1,3.4,2.08,1,2.953
2021/10/23 15:00,17.7,36,1,2.5,1.54,1,0.784
2021/10/23 16:00,16.9,37,1,2.1,0.85,1,0.102
2021/10/23 17:00,15.6,41,0,2.4,0.2,0.7,0
2021/10/23 18:00,14.2,45,0,2.5,0,0,0
2021/10/23 19:00,14,46,0,2.6,0,0,0
2021/10/23 20:00,13.7,47,0,2.6,0,0,0
2021/10/23 21:00,13.1,50,0,2.9,0,0,0
2021/10/23 22:00,13.1,52,0,3.5,0,0,0
2021/10/23 23:00,12.7,53,0,3.4,0,0,0
2021/10/24 0:00,10.1,66,0,4.1,0,0,0
2021/10/24 1:00,10.4,64,0,3.9,0,0,0
2021/10/24 2:00,9.5,69,0,4.1,0,0,0
2021/10/24 3:00,8.7,77,0,4.9,0,0,0
2021/10/24 4:00,8.4,77,0,4.6,0,0,0
2021/10/24 5:00,8.3,80,0,5.1,0,0,0
2021/10/24 6:00,8.4,80,1,5.2,0,0,1.231
2021/10/24 7:00,10.2,70,1,5,0.19,0.3,3.191
2021/10/24 8:00,12.3,62,1,5.2,0.94,1,0
2021/10/24 9:00,13.8,55,1,4.9,1.59,1,0
2021/10/24 10:00,15.6,47,1,4.4,2.11,1,7.152
2021/10/24 11:00,17.7,44,1,5.3,2.44,1,7.227
2021/10/24 12:00,18.7,49,1,7.8,2.56,1,5.662
2021/10/24 13:00,18.5,42,1,5.4,2.37,1,4.413
2021/10/24 14:00,19.2,38,1,4.6,1.89,1,2.862
2021/10/24 15:00,17.8,45,1,5.7,1.41,1,0.709
2021/10/24 16:00,16,50,1,5.6,0.65,0.8,0.0855
2021/10/24 17:00,13.7,64,0,7,0.09,0.2,0
2021/10/24 18:00,16.2,53,0,6.6,0,0,0
2021/10/24 19:00,14.5,63,0,7.6,0,0,0
2021/10/24 20:00,13.7,67,0,7.7,0,0,0
2021/10/24 21:00,12.5,77,0,8.6,0,0,0
2021/10/24 22:00,12.6,74,0,8.1,0,0,0
2021/10/24 23:00,12.2,77,0,8.3,0,0,0
2021/10/25 0:00,12.3,79,0,8.8,0,0,0
2021/10/25 1:00,11.9,82,0,8.9,0,0,0
2021/10/25 2:00,11.3,81,0,8.2,0,0,0
2021/10/25 3:00,11.1,79,0,7.6,0,0,0
2021/10/25 4:00,11.5,75,0,7.2,0,0,0
2021/10/25 5:00,11.5,75,0,7.2,0,0,0
2021/10/25 6:00,11.6,73,1,6.9,0,0,1.044
2021/10/25 7:00,11.8,72,1,6.9,0.11,0,1.853
2021/10/25 8:00,13,68,1,7.2,0.69,0.3,5.588
2021/10/25 9:00,14.7,64,1,8,1.11,0.4,7.045
2021/10/25 10:00,16.3,54,1,7,1.99,0.9,4.283
2021/10/25 11:00,16.6,55,1,7.5,1.24,0.1,2.627
2021/10/25 12:00,16.6,59,1,8.6,0.73,0,1.203
2021/10/25 13:00,16.3,58,1,8,0.55,0,1.066
2021/10/25 14:00,16,62,1,8.7,0.31,0,0.374
2021/10/25 15:00,16.1,59,1,8.1,0.16,0,0.214
2021/10/25 16:00,15.4,65,1,8.9,0.12,0,0.0363
2021/10/25 17:00,15.7,60,0,8,0.03,0,0
2021/10/25 18:00,15.5,62,0,8.3,0,0,0
2021/10/25 19:00,15.4,61,0,7.9,0,0,0
2021/10/25 20:00,15,65,0,8.5,0,0,0
2021/10/25 21:00,14.8,66,0,8.5,0,0,0
2021/10/25 22:00,13.2,85,0,10.7,0,0,0
2021/10/25 23:00,12.6,94,0,11.7,0,0,0
2021/10/26 0:00,12.3,97,0,11.8,0,0,0
2021/10/26 1:00,12.4,97,0,11.9,0,0,0
2021/10/26 2:00,12.4,99,0,12.3,0,0,0
2021/10/26 3:00,12.1,99,0,12,0,0,0
2021/10/26 4:00,11.6,98,0,11.3,0,0,0
2021/10/26 5:00,11.4,97,0,11,0,0,0
2021/10/26 6:00,11.3,95,1,10.5,0,0,0.0382
2021/10/26 7:00,11.6,96,1,11,0.04,0,0.666
2021/10/26 8:00,12.4,95,1,11.6,0.18,0,2.296
2021/10/26 9:00,13.7,94,1,12.8,0.7,0,5.512
2021/10/26 10:00,17,74,1,12.3,1.85,0.8,6.703
2021/10/26 11:00,17.3,69,1,11.6,2.08,0.7,3.603
2021/10/26 12:00,18.6,65,1,11.9,2.03,0.6,3.729
2021/10/26 13:00,19.7,61,1,12,1.89,0.6,3.927
2021/10/26 14:00,20.2,61,1,12.5,1.65,0.8,2.247
2021/10/26 15:00,19.5,67,1,13.2,1.42,1,0.912
2021/10/26 16:00,18.3,72,1,13.2,0.74,1,0.116
2021/10/26 17:00,16.5,81,0,13.2,0.14,0.5,0
2021/10/26 18:00,16.5,81,0,13.2,0,0,0
2021/10/26 19:00,16.3,81,0,13,0,0,0
2021/10/26 20:00,14.8,88,0,12.8,0,0,0
2021/10/26 21:00,15.1,84,0,12.4,0,0,0
2021/10/26 22:00,13.9,91,0,12.5,0,0,0
2021/10/26 23:00,13.5,94,0,12.6,0,0,0
2021/10/27 0:00,13.3,96,0,12.7,0,0,0
2021/10/27 1:00,13.2,97,0,12.7,0,0,0
2021/10/27 2:00,13.4,98,0,13.1,0,0,0
2021/10/27 3:00,13.3,98,0,13,0,0,0
2021/10/27 4:00,13,97,0,12.5,0,0,0
2021/10/27 5:00,13.3,93,0,12.2,0,0,0
2021/10/27 6:00,13.2,92,1,11.9,0,0,0.148
2021/10/27 7:00,13.6,90,1,12,0.08,0,0.666
2021/10/27 8:00,14.4,85,1,11.9,0.24,0,0.743
2021/10/27 9:00,14.8,80,1,11.4,0.44,0,0.974
2021/10/27 10:00,15.1,82,1,12.1,0.43,0,1.647
2021/10/27 11:00,15.9,79,1,12.3,0.77,0,1.068
2021/10/27 12:00,15.3,92,1,14,0.68,0,1.112
2021/10/27 13:00,14.9,94,1,14,0.52,0,1.633
2021/10/27 14:00,15.7,88,1,13.7,1.02,0.1,1.659
2021/10/27 15:00,16,90,1,14.4,0.58,0,0.553
2021/10/27 16:00,15.7,91,1,14.2,0.22,0,0.0516
2021/10/27 17:00,15.4,91,0,14,0.02,0,0
2021/10/27 18:00,15.2,91,0,13.8,0,0,0
2021/10/27 19:00,15.2,91,0,13.8,0,0,0
2021/10/27 20:00,15.2,92,0,13.9,0,0,0
2021/10/27 21:00,15.1,90,0,13.5,0,0,0
2021/10/27 22:00,14.1,94,0,13.2,0,0,0
2021/10/27 23:00,13.9,95,0,13.1,0,0,0
2021/10/28 0:00,14.1,96,0,13.5,0,0,0
2021/10/28 1:00,13.8,97,0,13.3,0,0,0
2021/10/28 2:00,14.3,97,0,13.8,0,0,0
2021/10/28 3:00,14,97,0,13.5,0,0,0
2021/10/28 4:00,13.9,99,0,13.8,0,0,0
2021/10/28 5:00,14.1,98,0,13.8,0,0,0
2021/10/28 6:00,14,91,0,12.6,0,0,0.329
2021/10/28 7:00,14.4,83,1,11.6,0.21,0.2,1.794
2021/10/28 8:00,15.7,73,1,10.9,0.86,1,5.547
2021/10/28 9:00,17.9,67,1,11.7,1.49,1,7.297
2021/10/28 10:00,19.3,57,1,10.6,1.99,1,7.529
2021/10/28 11:00,20.9,56,1,11.8,2.33,1,7.134
2021/10/28 12:00,21.9,47,1,10.1,2.43,1,5.128
2021/10/28 13:00,22.2,47,1,10.4,2.28,1,4.651
2021/10/28 14:00,22.9,45,1,10.4,1.9,1,2.614
2021/10/28 15:00,21.2,50,1,10.4,1.28,1,0.696
2021/10/28 16:00,21.1,52,1,10.9,0.69,0.9,0.0871
2021/10/28 17:00,20.1,41,0,6.5,0.14,0.6,0
2021/10/28 18:00,19.3,33,0,2.6,0,0,0
2021/10/28 19:00,18.2,36,0,2.9,0,0,0
2021/10/28 20:00,17.5,40,0,3.8,0,0,0
2021/10/28 21:00,17.5,39,0,3.4,0,0,0
2021/10/28 22:00,16.7,44,0,4.4,0,0,0
2021/10/28 23:00,15.7,49,0,5,0,0,0
2021/10/29 0:00,14.8,55,0,5.9,0,0,0
2021/10/29 1:00,14,51,0,4,0,0,0
2021/10/29 2:00,13.8,53,0,4.4,0,0,0
2021/10/29 3:00,13.8,53,0,4.4,0,0,0
2021/10/29 4:00,13.5,53,0,4.1,0,0,0
2021/10/29 5:00,12.8,57,0,4.5,0,0,0
2021/10/29 6:00,11.4,65,0,5.1,0,0,0.928
2021/10/29 7:00,12.4,59,1,4.6,0.08,0.1,3.045
2021/10/29 8:00,14.3,53,1,4.9,0.88,1,6.904
2021/10/29 9:00,15.4,45,1,3.5,1.55,1,7.944
2021/10/29 10:00,16.6,43,1,4,2.07,1,8.088
2021/10/29 11:00,17.7,41,1,4.3,2.39,1,7.653
2021/10/29 12:00,18.5,39,1,4.3,2.48,1,5.789
2021/10/29 13:00,19.3,40,1,5.4,2.29,1,4.938
2021/10/29 14:00,19.7,40,1,5.7,1.85,0.9,2.753
2021/10/29 15:00,18.7,40,1,4.9,1.35,1,0.69
2021/10/29 16:00,18.3,38,1,3.8,0.74,1,0.0889
2021/10/29 17:00,17.1,49,0,6.3,0.14,0.6,0
2021/10/29 18:00,16.2,56,0,7.4,0,0,0
2021/10/29 19:00,15.5,63,0,8.5,0,0,0
2021/10/29 20:00,14.8,67,0,8.7,0,0,0
2021/10/29 21:00,13.1,77,0,9.2,0,0,0
2021/10/29 22:00,12.7,79,0,9.2,0,0,0
2021/10/29 23:00,14.3,63,0,7.4,0,0,0
2021/10/30 0:00,13.2,58,0,5.1,0,0,0
2021/10/30 1:00,12.2,62,0,5.2,0,0,0
2021/10/30 2:00,12.8,60,0,5.2,0,0,0
2021/10/30 3:00,10.8,72,0,6,0,0,0
2021/10/30 4:00,10.6,73,0,6,0,0,0
2021/10/30 5:00,10.8,72,0,6,0,0,0
2021/10/30 6:00,9.7,77,0,5.9,0,0,1.369
2021/10/30 7:00,10.8,72,1,6,0.13,0.1,3.84
2021/10/30 8:00,13,62,1,5.9,0.84,1,6.454
2021/10/30 9:00,15.3,57,1,6.9,1.48,1,7.359
2021/10/30 10:00,16,51,1,5.9,1.99,1,7.539
2021/10/30 11:00,17.5,45,1,5.5,2.32,1,7.143
2021/10/30 12:00,18.5,42,1,5.4,2.42,1,5.425
2021/10/30 13:00,18.9,39,1,4.7,2.27,1,4.708
2021/10/30 14:00,19,41,1,5.5,1.91,1,2.616
2021/10/30 15:00,18.4,42,1,5.3,1.35,1,0.652
2021/10/30 16:00,16.9,51,1,6.7,0.65,1,0.0823
2021/10/30 17:00,14.7,65,0,8.2,0.13,0.5,0
2021/10/30 18:00,14.3,68,0,8.5,0,0,0
2021/10/30 19:00,14.6,66,0,8.3,0,0,0
2021/10/30 20:00,15.9,68,0,10,0,0,0
2021/10/30 21:00,14.6,75,0,10.2,0,0,0
2021/10/30 22:00,14.6,72,0,9.6,0,0,0
2021/10/30 23:00,14.2,72,0,9.2,0,0,0
2021/10/31 0:00,14.7,66,0,8.4,0,0,0
2021/10/31 1:00,13.2,74,0,8.7,0,0,0
2021/10/31 2:00,13.2,72,0,8.3,0,0,0
2021/10/31 3:00,13,69,0,7.5,0,0,0
2021/10/31 4:00,12.7,71,0,7.6,0,0,0
2021/10/31 5:00,12.5,72,0,7.6,0,0,0
2021/10/31 6:00,12.9,69,0,7.4,0,0,0.238
2021/10/31 7:00,13.4,69,1,7.8,0.1,0,0.502
2021/10/31 8:00,14.4,65,1,7.9,0.48,0,1.516
2021/10/31 9:00,14.9,63,1,7.9,0.67,0,2.373
2021/10/31 10:00,15.4,61,1,7.9,0.64,0,2.245
2021/10/31 11:00,15.9,60,1,8.2,0.62,0,1.059
2021/10/31 12:00,15,69,1,9.4,0.36,0,0.298
2021/10/31 13:00,13.2,94,1,12.3,0.2,0,0.892
2021/10/31 14:00,13.4,90,1,11.8,0.44,0,0.536
2021/10/31 15:00,13.2,95,1,12.4,0.26,0,0.253
2021/10/31 16:00,13.2,96,1,12.6,0.17,0,0.0491
2021/10/31 17:00,13.3,92,0,12,0.03,0,0
2021/10/31 18:00,13,97,0,12.5,0,0,0
2021/10/31 19:00,13.3,95,0,12.5,0,0,0
2021/10/31 20:00,13,97,0,12.5,0,0,0
2021/10/31 21:00,13.3,93,0,12.2,0,0,0
2021/10/31 22:00,13.2,95,0,12.4,0,0,0
2021/10/31 23:00,13.7,93,0,12.6,0,0,0
2021/11/1 0:00,14.9,80,0,11.5,0,0,0
2021/11/1 1:00,13.7,88,0,11.8,0,0,0
2021/11/1 2:00,14.1,82,0,11.1,0,0,0
2021/11/1 3:00,13.4,88,0,11.5,0,0,0
2021/11/1 4:00,14,83,0,11.2,0,0,0
2021/11/1 5:00,13.6,84,0,11,0,0,0
2021/11/1 6:00,12.4,88,0,10.5,0,0,0.133
2021/11/1 7:00,13.5,83,1,10.7,0.08,0,0.64
2021/11/1 8:00,14.6,78,1,10.8,0.41,0,1.713
2021/11/1 9:00,15.7,72,1,10.7,0.71,0,2.975
2021/11/1 10:00,17.3,72,1,12.2,1.06,0.2,5.307
2021/11/1 11:00,17.7,67,1,11.5,1.46,0.5,6.176
2021/11/1 12:00,19.8,69,1,14,2.23,1,4.591
2021/11/1 13:00,20.6,64,1,13.6,2.07,1,3.486
2021/11/1 14:00,20.5,68,1,14.4,1.64,0.9,0.954
2021/11/1 15:00,20.2,70,1,14.6,0.62,0.1,0.317
2021/11/1 16:00,19.3,78,1,15.4,0.13,0,0.0174
2021/11/1 17:00,19.2,79,0,15.5,0.04,0,0
2021/11/1 18:00,18.4,85,0,15.8,0,0,0
2021/11/1 19:00,18.2,87,0,16,0,0,0
2021/11/1 20:00,17.6,90,0,16,0,0,0
2021/11/1 21:00,17.3,92,0,16,0,0,0
2021/11/1 22:00,17.5,90,0,15.9,0,0,0
2021/11/1 23:00,17,92,0,15.7,0,0,0
2021/11/2 0:00,16.8,95,0,16,0,0,0
2021/11/2 1:00,16.4,98,0,16.1,0,0,0
2021/11/2 2:00,16.6,95,0,15.8,0,0,0
2021/11/2 3:00,16.4,93,0,15.3,0,0,0
2021/11/2 4:00,16.3,92,0,15,0,0,0
2021/11/2 5:00,16.2,92,0,14.9,0,0,0
2021/11/2 6:00,16.1,92,0,14.8,0,0,0.0862
2021/11/2 7:00,16,89,1,14.2,0.08,0,0.886
2021/11/2 8:00,17.1,83,1,14.2,0.77,0.7,3.143
2021/11/2 9:00,17.4,82,1,14.3,0.75,0.3,4.684
2021/11/2 10:00,19.8,75,1,15.3,1.67,0.7,5.622
2021/11/2 11:00,19.8,70,1,14.2,1.37,0.4,3.279
2021/11/2 12:00,19.7,67,1,13.4,1.19,0.2,3.629
2021/11/2 13:00,21,65,1,14.2,1.35,0.4,3.853
2021/11/2 14:00,21,56,1,11.9,1.43,0.7,2.115
2021/11/2 15:00,20,61,1,12.3,1.09,0.7,0.623
2021/11/2 16:00,20.1,60,1,12.1,0.51,0.9,0.0964
2021/11/2 17:00,18.1,66,0,11.7,0.08,0.3,0
2021/11/2 18:00,17.8,73,0,12.9,0,0,0
2021/11/2 19:00,16.5,81,0,13.2,0,0,0
2021/11/2 20:00,16.1,77,0,12.1,0,0,0
2021/11/2 21:00,17.3,78,0,13.4,0,0,0
2021/11/2 22:00,16.6,80,0,13.1,0,0,0
2021/11/2 23:00,16,78,0,12.2,0,0,0
2021/11/3 0:00,16,77,0,12,0,0,0
2021/11/3 1:00,15.3,84,0,12.6,0,0,0
2021/11/3 2:00,14.2,90,0,12.6,0,0,0
2021/11/3 3:00,14.6,90,0,13,0,0,0
2021/11/3 4:00,14.1,86,0,11.8,0,0,0
2021/11/3 5:00,14.5,78,0,10.7,0,0,0
2021/11/3 6:00,14.4,77,0,10.4,0,0,0.4
2021/11/3 7:00,14.8,71,1,9.6,0.06,0,2.28
2021/11/3 8:00,15.1,74,1,10.5,0.44,0.3,4.514
2021/11/3 9:00,16.9,61,1,9.3,0.96,0.7,6.008
2021/11/3 10:00,18.5,54,1,9,1.77,1,7.254
2021/11/3 11:00,20.3,50,1,9.6,2.22,1,6.981
2021/11/3 12:00,20.8,44,1,8.1,2.32,1,5.192
2021/11/3 13:00,21.7,40,1,7.5,2.2,1,4.493
2021/11/3 14:00,21.5,40,1,7.4,1.84,1,2.424
2021/11/3 15:00,20.6,43,1,7.6,1.24,1,0.643
2021/11/3 16:00,19.8,45,1,7.5,0.62,0.9,0.0823
2021/11/3 17:00,17.6,56,0,8.7,0.06,0.1,0
2021/11/3 18:00,17.5,54,0,8.1,0,0,0
2021/11/3 19:00,17.9,48,0,6.8,0,0,0
2021/11/3 20:00,16.7,52,0,6.8,0,0,0
2021/11/3 21:00,16.4,54,0,7.1,0,0,0
2021/11/3 22:00,16.3,55,0,7.3,0,0,0
2021/11/3 23:00,15.8,55,0,6.8,0,0,0
2021/11/4 0:00,15.8,52,0,6,0,0,0
2021/11/4 1:00,13.9,59,0,6,0,0,0
2021/11/4 2:00,13.9,60,0,6.3,0,0,0
2021/11/4 3:00,14.3,59,0,6.4,0,0,0
2021/11/4 4:00,14.2,59,0,6.3,0,0,0
2021/11/4 5:00,13.2,65,0,6.8,0,0,0
2021/11/4 6:00,12.6,64,0,6,0,0,0.309
2021/11/4 7:00,12.1,66,1,6,0.09,0.1,2.582
2021/11/4 8:00,13.9,57,1,5.5,0.52,0.8,4.096
2021/11/4 9:00,16.9,49,1,6.1,1.19,1,7.035
2021/11/4 10:00,17.4,41,1,4,1.8,1,7.294
2021/11/4 11:00,18.2,42,1,5.1,2.22,1,6.863
2021/11/4 12:00,19.4,39,1,5.1,2.28,1,5.226
2021/11/4 13:00,19.6,38,1,4.9,2.11,1,4.491
2021/11/4 14:00,19.6,38,1,4.9,1.8,1,2.382
2021/11/4 15:00,18.6,43,1,5.8,1.2,1,0.721
2021/11/4 16:00,16.8,52,1,6.9,0.4,0.3,0.105
2021/11/4 17:00,15,57,0,6.6,0.07,0,0
2021/11/4 18:00,14.7,56,0,6,0,0,0
2021/11/4 19:00,16.7,65,0,10.1,0,0,0
2021/11/4 20:00,15.2,70,0,9.8,0,0,0
2021/11/4 21:00,14,73,0,9.3,0,0,0
2021/11/4 22:00,13.6,73,0,8.9,0,0,0
2021/11/4 23:00,14.1,71,0,8.9,0,0,0
2021/11/5 0:00,13.8,72,0,8.9,0,0,0
2021/11/5 1:00,13.2,77,0,9.3,0,0,0
2021/11/5 2:00,12.3,80,0,9,0,0,0
2021/11/5 3:00,12.5,79,0,9,0,0,0
2021/11/5 4:00,12.7,74,0,8.2,0,0,0
2021/11/5 5:00,11.6,78,0,7.9,0,0,0
2021/11/5 6:00,12.4,71,0,7.3,0,0,0.0001
2021/11/5 7:00,11.9,75,1,7.6,0.08,0,0.000152
2021/11/5 8:00,14.1,63,1,7.2,0.74,1,0
2021/11/5 9:00,16.8,54,1,7.5,1.4,1,0
2021/11/5 10:00,18.2,49,1,7.3,1.9,1,7.22
2021/11/5 11:00,18.6,44,1,6.1,2.21,1,7.138
2021/11/5 12:00,19,43,1,6.2,2.29,1,0.000252
2021/11/5 13:00,19.8,42,1,6.5,2.15,1,0
2021/11/5 14:00,20,40,1,6,1.8,1,0
2021/11/5 15:00,18.7,40,1,4.9,1.28,1,0
2021/11/5 16:00,17.4,45,1,5.4,0.62,1,0
2021/11/5 17:00,15.7,52,0,5.9,0.07,0.3,0
2021/11/5 18:00,14.9,59,0,7,0,0,0
2021/11/5 19:00,15.7,61,0,8.2,0,0,0
2021/11/5 20:00,15.6,62,0,8.4,0,0,0
2021/11/5 21:00,14.9,67,0,8.8,0,0,0
2021/11/5 22:00,14.1,71,0,8.9,0,0,0
2021/11/5 23:00,13.9,71,0,8.7,0,0,0
2021/11/6 0:00,14.2,72,0,9.2,0,0,0
2021/11/6 1:00,13.2,78,0,9.5,0,0,0
2021/11/6 2:00,12.5,79,0,9,0,0,0
2021/11/6 3:00,12,79,0,8.5,0,0,0
2021/11/6 4:00,11.7,74,0,7.2,0,0,0
2021/11/6 5:00,11.6,72,0,6.7,0,0,0
2021/11/6 6:00,11.5,71,0,6.4,0,0,1.104
2021/11/6 7:00,11.5,73,1,6.8,0.07,0,2.682
2021/11/6 8:00,13,67,1,7,0.72,1,6.134
2021/11/6 9:00,15,63,1,8,1.36,1,7.157
2021/11/6 10:00,16.8,59,1,8.8,1.87,1,7.406
2021/11/6 11:00,17.1,52,1,7.2,2.19,1,7.015
2021/11/6 12:00,17.9,47,1,6.5,2.25,1,5.148
2021/11/6 13:00,18.8,47,1,7.3,2.08,1,4.404
2021/11/6 14:00,18.8,47,1,7.3,1.71,1,2.285
2021/11/6 15:00,18.3,49,1,7.4,1.1,0.9,0.526
2021/11/6 16:00,17.2,50,1,6.7,0.48,0.9,0.0229
2021/11/6 17:00,16.6,57,0,8.1,0.03,0,0
2021/11/6 18:00,15.9,65,0,9.3,0,0,0
2021/11/6 19:00,15.1,72,0,10.1,0,0,0
2021/11/6 20:00,14.9,73,0,10.1,0,0,0
2021/11/6 21:00,14.7,71,0,9.5,0,0,0
2021/11/6 22:00,13.8,78,0,10.1,0,0,0
2021/11/6 23:00,14.8,73,0,10,0,0,0
2021/11/7 0:00,14.2,77,0,10.2,0,0,0
2021/11/7 1:00,13.6,80,0,10.2,0,0,0
2021/11/7 2:00,13.4,79,0,9.9,0,0,0
2021/11/7 3:00,13.5,76,0,9.4,0,0,0
2021/11/7 4:00,13.7,75,0,9.4,0,0,0
2021/11/7 5:00,13.4,77,0,9.5,0,0,0
2021/11/7 6:00,13.2,77,0,9.3,0,0,0.315
2021/11/7 7:00,12.7,78,1,9,0.07,0,0.816
2021/11/7 8:00,13.2,74,1,8.7,0.36,0,2.112
2021/11/7 9:00,14.3,72,1,9.3,0.69,0.1,3.758
2021/11/7 10:00,15.8,64,1,9,1.28,1,5.304
2021/11/7 11:00,17.2,59,1,9.1,1.77,1,5.609
2021/11/7 12:00,17.9,57,1,9.3,1.89,1,2.955
2021/11/7 13:00,18.5,60,1,10.6,1.42,0.8,2.269
2021/11/7 14:00,18.8,60,1,10.9,1.12,0.2,1.74
2021/11/7 15:00,18.5,62,1,11.1,0.78,0.3,0.575
2021/11/7 16:00,18.2,65,1,11.5,0.35,0.2,0.135
2021/11/7 17:00,17.6,70,0,12.1,0.08,0,0
2021/11/7 18:00,17.1,74,0,12.4,0,0,0
2021/11/7 19:00,16.8,76,0,12.6,0,0,0
2021/11/7 20:00,16.4,78,0,12.6,0,0,0
2021/11/7 21:00,16.3,79,0,12.7,0,0,0
2021/11/7 22:00,16,80,0,12.6,0,0,0
2021/11/7 23:00,15.2,88,0,13.2,0,0,0
2021/11/8 0:00,14.3,95,0,13.5,0,0,0
2021/11/8 1:00,14,99,0,13.9,0,0,0
2021/11/8 2:00,13.6,98,0,13.3,0,0,0
2021/11/8 3:00,12.8,97,0,12.3,0,0,0
2021/11/8 4:00,12.8,96,0,12.2,0,0,0
2021/11/8 5:00,12.9,95,0,12.1,0,0,0
2021/11/8 6:00,13.1,94,0,12.2,0,0,0.208
2021/11/8 7:00,13.1,93,1,12,0.05,0,0.568
2021/11/8 8:00,13.8,89,1,12,0.29,0,2.565
2021/11/8 9:00,15.9,80,1,12.5,0.92,0.3,5.656
2021/11/8 10:00,17.4,77,1,13.3,1.7,1,6.835
2021/11/8 11:00,18.5,73,1,13.6,2.09,1,5.715
2021/11/8 12:00,19.7,69,1,13.9,2.13,1,3.805
2021/11/8 13:00,20.6,65,1,13.8,1.92,0.9,3.16
2021/11/8 14:00,21.2,54,1,11.5,0.72,0.3,2.407
2021/11/8 15:00,20.6,51,1,10.1,1.24,1,0.569
2021/11/8 16:00,19.6,49,1,8.6,0.59,1,0.0713
2021/11/8 17:00,19.2,50,0,8.5,0.05,0.2,0
2021/11/8 18:00,18.2,61,0,10.6,0,0,0
2021/11/8 19:00,18.2,64,0,11.3,0,0,0
2021/11/8 20:00,15.6,86,0,13.3,0,0,0
2021/11/8 21:00,16.4,80,0,13,0,0,0
2021/11/8 22:00,16.2,84,0,13.5,0,0,0
2021/11/8 23:00,15.3,93,0,14.2,0,0,0
2021/11/9 0:00,15.1,91,0,13.7,0,0,0
2021/11/9 1:00,14.6,94,0,13.7,0,0,0
2021/11/9 2:00,14.3,96,0,13.7,0,0,0
2021/11/9 3:00,14.6,95,0,13.8,0,0,0
2021/11/9 4:00,14.5,97,0,14,0,0,0
2021/11/9 5:00,14.3,99,0,14.2,0,0,0
2021/11/9 6:00,14.4,99,0,14.3,0,0,0.589
2021/11/9 7:00,14.6,100,1,14.6,0.03,0,0.883
2021/11/9 8:00,15.2,100,1,15.2,0.16,0,0.745
2021/11/9 9:00,15.7,100,1,15.7,0.22,0,0.25
2021/11/9 10:00,15.5,100,1,15.5,0.1,0,0.13
2021/11/9 11:00,15.8,100,1,15.8,0.06,0,0.0215
2021/11/9 12:00,16.9,100,1,16.9,0.03,0,0.0186
2021/11/9 13:00,18.2,100,1,18.2,0.09,0,0.0236
2021/11/9 14:00,19.1,100,1,19.1,0.17,0,0.702
2021/11/9 15:00,19.4,100,1,19.4,0.42,0,0.517
2021/11/9 16:00,18.8,100,1,18.8,0.18,0,0.0502
2021/11/9 17:00,17.6,100,0,17.6,0.02,0,0
2021/11/9 18:00,16.9,100,0,16.9,0,0,0
2021/11/9 19:00,17,100,0,17,0,0,0
2021/11/9 20:00,16.8,100,0,16.8,0,0,0
2021/11/9 21:00,16.2,100,0,16.2,0,0,0
2021/11/9 22:00,16.1,100,0,16.1,0,0,0
2021/11/9 23:00,15.5,100,0,15.5,0,0,0
2021/11/10 0:00,14.7,100,0,14.7,0,0,0
2021/11/10 1:00,15,100,0,15,0,0,0
2021/11/10 2:00,14.3,100,0,14.3,0,0,0
2021/11/10 3:00,14.5,97,0,14,0,0,0
2021/11/10 4:00,14.6,93,0,13.5,0,0,0
2021/11/10 5:00,14.1,89,0,12.3,0,0,0
2021/11/10 6:00,14.4,81,0,11.2,0,0,0.439
2021/11/10 7:00,14.3,87,1,12.2,0.07,0,0.719
2021/11/10 8:00,15.6,70,1,10.2,0.4,0.4,2.278
2021/11/10 9:00,16.2,73,1,11.4,0.38,0,6.868
2021/11/10 10:00,16.8,61,1,9.3,1.04,0.5,7.375
2021/11/10 11:00,19.2,49,1,8.2,2.06,1,7.11
2021/11/10 12:00,20.1,41,1,6.5,2.23,1,5.127
2021/11/10 13:00,19.9,38,1,5.2,2.08,1,4.63
2021/11/10 14:00,19.2,39,1,4.9,1.78,1,2.457
2021/11/10 15:00,18.4,44,1,6,1.23,1,0.516
2021/11/10 16:00,17.6,40,1,3.9,0.6,1,0.0458
2021/11/10 17:00,17,39,0,3,0.07,0.4,0
2021/11/10 18:00,15.9,41,0,2.7,0,0,0
2021/11/10 19:00,15.5,42,0,2.7,0,0,0
2021/11/10 20:00,14.5,46,0,3,0,0,0
2021/11/10 21:00,14.9,43,0,2.5,0,0,0
2021/11/10 22:00,14.5,43,0,2.1,0,0,0
2021/11/10 23:00,14.2,44,0,2.1,0,0,0
2021/11/11 0:00,13.7,45,0,2,0,0,0
2021/11/11 1:00,13.9,44,0,1.9,0,0,0
2021/11/11 2:00,12.5,50,0,2.4,0,0,0
2021/11/11 3:00,11.9,55,0,3.2,0,0,0
2021/11/11 4:00,11.6,58,0,3.6,0,0,0
2021/11/11 5:00,13.1,52,0,3.5,0,0,0
2021/11/11 6:00,12.6,55,0,3.8,0,0,0.811
2021/11/11 7:00,11.9,62,1,4.9,0.05,0,1.924
2021/11/11 8:00,13.9,52,1,4.2,0.71,1,6.172
2021/11/11 9:00,15.5,45,1,3.6,1.33,1,7.086
2021/11/11 10:00,17,45,1,5,1.84,1,7.398
2021/11/11 11:00,19.9,43,1,7,2.15,1,7.151
2021/11/11 12:00,19.8,41,1,6.2,2.24,1,5.238
2021/11/11 13:00,20.3,40,1,6.3,2.11,1,4.549
2021/11/11 14:00,20,39,1,5.7,1.75,1,2.395
2021/11/11 15:00,19,44,1,6.5,1.21,1,0.495
2021/11/11 16:00,18.2,45,1,6.1,0.58,1,0.0473
2021/11/11 17:00,17.1,47,0,5.7,0.07,0.4,0
2021/11/11 18:00,16.6,48,0,5.6,0,0,0
2021/11/11 19:00,15.4,49,0,4.8,0,0,0
2021/11/11 20:00,14.3,55,0,5.4,0,0,0
2021/11/11 21:00,15,50,0,4.7,0,0,0
2021/11/11 22:00,13.2,54,0,4.1,0,0,0
2021/11/11 23:00,12.1,59,0,4.3,0,0,0
2021/11/12 0:00,14.1,50,0,3.9,0,0,0
2021/11/12 1:00,12.1,59,0,4.3,0,0,0
2021/11/12 2:00,11.1,71,0,6.1,0,0,0
2021/11/12 3:00,11.3,64,0,4.8,0,0,0
2021/11/12 4:00,11,66,0,4.9,0,0,0
2021/11/12 5:00,11.3,66,0,5.2,0,0,0
2021/11/12 6:00,10,76,0,6,0,0,0.789
2021/11/12 7:00,11.1,74,1,6.7,0.05,0,1.776
2021/11/12 8:00,12.1,72,1,7.2,0.68,1,6.014
2021/11/12 9:00,14.3,57,1,5.9,1.29,1,6.946
2021/11/12 10:00,17.3,47,1,5.9,1.8,1,7.372
2021/11/12 11:00,19,41,1,5.5,2.1,1,7.145
2021/11/12 12:00,19.8,33,1,3.1,2.14,1,5.119
2021/11/12 13:00,20.1,32,1,2.9,2.2,1,2.752
2021/11/12 14:00,19.3,39,1,5,1.33,0.8,2.225
2021/11/12 15:00,18.6,38,1,4,1.06,1,0.644
2021/11/12 16:00,17.9,36,1,2.6,0.57,1,0.0929
2021/11/12 17:00,15.5,44,0,3.3,0.07,0.2,0
2021/11/12 18:00,14.4,46,0,2.9,0,0,0
2021/11/12 19:00,15,41,0,1.9,0,0,0
2021/11/12 20:00,15,41,0,1.9,0,0,0
2021/11/12 21:00,13.1,48,0,2.4,0,0,0
2021/11/12 22:00,12.3,55,0,3.5,0,0,0
2021/11/12 23:00,13,50,0,2.8,0,0,0
2021/11/13 0:00,13.2,49,0,2.7,0,0,0
2021/11/13 1:00,12.8,49,0,2.4,0,0,0
2021/11/13 2:00,11.8,50,0,1.7,0,0,0
2021/11/13 3:00,11.1,55,0,2.4,0,0,0
2021/11/13 4:00,10.3,66,0,4.2,0,0,0
2021/11/13 5:00,10.2,62,0,3.3,0,0,0
2021/11/13 6:00,8.9,69,0,3.5,0,0,0.747
2021/11/13 7:00,10,66,1,4,0.05,0,1.775
2021/11/13 8:00,11.7,54,1,2.7,0.67,1,6.039
2021/11/13 9:00,12.8,53,1,3.5,1.27,1,7.032
2021/11/13 10:00,15.2,45,1,3.4,1.79,1,7.322
2021/11/13 11:00,16.8,40,1,3.1,2.12,1,6.928
2021/11/13 12:00,17.6,36,1,2.4,2.22,1,5.166
2021/11/13 13:00,18.3,37,1,3.4,2.08,1,4.473
2021/11/13 14:00,17.4,41,1,4,1.7,1,2.369
2021/11/13 15:00,16.2,44,1,4,1.15,1,0.495
2021/11/13 16:00,15.1,46,1,3.6,0.53,1,0.0475
2021/11/13 17:00,12.4,59,0,4.6,0.06,0.4,0
2021/11/13 18:00,12,57,0,3.8,0,0,0
2021/11/13 19:00,12.1,56,0,3.6,0,0,0
2021/11/13 20:00,12.7,64,0,6.1,0,0,0
2021/11/13 21:00,13.3,63,0,6.4,0,0,0
2021/11/13 22:00,12.1,67,0,6.2,0,0,0
2021/11/13 23:00,12.2,70,0,6.9,0,0,0
2021/11/14 0:00,11.7,75,0,7.4,0,0,0
2021/11/14 1:00,12,69,0,6.5,0,0,0
2021/11/14 2:00,11.3,72,0,6.5,0,0,0
2021/11/14 3:00,10.7,74,0,6.3,0,0,0
2021/11/14 4:00,10.3,75,0,6.1,0,0,0
2021/11/14 5:00,9.3,79,0,5.9,0,0,0
2021/11/14 6:00,9.1,76,0,5.1,0,0,0.47
2021/11/14 7:00,10.4,70,1,5.2,0.09,0,1.49
2021/11/14 8:00,12.7,64,1,6.1,0.73,0.9,5.686
2021/11/14 9:00,14,56,1,5.4,1.34,1,6.506
2021/11/14 10:00,16.2,53,1,6.6,1.65,1,6.543
2021/11/14 11:00,17.3,51,1,7.1,2.06,1,3.803
2021/11/14 12:00,18.5,52,1,8.5,1.98,1,3.525
2021/11/14 13:00,18.8,52,1,8.8,1.44,0.6,3.989
2021/11/14 14:00,19.5,47,1,7.9,1.74,1,2.215
2021/11/14 15:00,18.5,46,1,6.7,1.14,1,0.574
2021/11/14 16:00,18,46,1,6.2,0.53,1,0.039
2021/11/14 17:00,16,53,0,6.4,0.06,0.3,0
2021/11/14 18:00,15,61,0,7.6,0,0,0
2021/11/14 19:00,14.8,63,0,7.8,0,0,0
2021/11/14 20:00,14,65,0,7.5,0,0,0
2021/11/14 21:00,13.5,65,0,7.1,0,0,0
2021/11/14 22:00,12.6,68,0,6.9,0,0,0
2021/11/14 23:00,12.1,69,0,6.6,0,0,0
2021/11/15 0:00,12.4,66,0,6.2,0,0,0
2021/11/15 1:00,11.6,70,0,6.3,0,0,0
2021/11/15 2:00,11.2,70,0,6,0,0,0
2021/11/15 3:00,10.6,74,0,6.2,0,0,0
2021/11/15 4:00,10.9,71,0,5.9,0,0,0
2021/11/15 5:00,10.7,69,0,5.3,0,0,0
2021/11/15 6:00,10.5,68,0,4.9,0,0,0.485
2021/11/15 7:00,11.1,65,1,4.8,0.05,0,1.507
2021/11/15 8:00,12.8,60,1,5.2,0.64,1,5.931
2021/11/15 9:00,15.4,51,1,5.3,1.26,1,6.82
2021/11/15 10:00,17.5,46,1,5.8,1.76,1,7.156
2021/11/15 11:00,17.8,41,1,4.4,2.07,1,6.721
2021/11/15 12:00,18.9,37,1,3.9,2.16,1,4.905
2021/11/15 13:00,19.6,37,1,4.5,2.02,1,4.333
2021/11/15 14:00,19.6,37,1,4.5,1.67,1,2.295
2021/11/15 15:00,18.8,41,1,5.3,1.15,1,0.473
2021/11/15 16:00,16.8,51,1,6.6,0.53,1,0.0478
2021/11/15 17:00,14.4,56,0,5.8,0.05,0.3,0
2021/11/15 18:00,14.1,51,0,4.1,0,0,0
2021/11/15 19:00,14,52,0,4.3,0,0,0
2021/11/15 20:00,13.9,58,0,5.8,0,0,0
2021/11/15 21:00,13.5,60,0,5.9,0,0,0
2021/11/15 22:00,13.1,62,0,6,0,0,0
2021/11/15 23:00,12.9,66,0,6.7,0,0,0
2021/11/16 0:00,12.5,68,0,6.8,0,0,0
2021/11/16 1:00,12.9,70,0,7.6,0,0,0
2021/11/16 2:00,12.5,72,0,7.6,0,0,0
2021/11/16 3:00,12.1,76,0,8,0,0,0
2021/11/16 4:00,12.6,72,0,7.7,0,0,0
2021/11/16 5:00,12.6,69,0,7.1,0,0,0
2021/11/16 6:00,12.6,69,0,7.1,0,0,0.446
2021/11/16 7:00,12.1,71,1,7,0.06,0,1.183
2021/11/16 8:00,13.3,70,1,8,0.48,0.8,2.533
2021/11/16 9:00,14.1,65,1,7.6,0.75,0.2,2.288
2021/11/16 10:00,15.3,62,1,8.1,1.46,0.7,6.202
2021/11/16 11:00,16.3,61,1,8.8,1.21,0.4,6.535
2021/11/16 12:00,16.6,60,1,8.8,1.99,1,4.992
2021/11/16 13:00,17.3,60,1,9.5,1.64,0.8,3.071
2021/11/16 14:00,17.7,59,1,9.6,1.2,0.5,1.575
2021/11/16 15:00,16.7,65,1,10.1,0.91,0.6,0.644
2021/11/16 16:00,16,66,1,9.7,0.42,0.6,0.146
2021/11/16 17:00,15.6,69,0,10,0.03,0,0
2021/11/16 18:00,14.7,68,0,8.9,0,0,0
2021/11/16 19:00,14.4,68,0,8.6,0,0,0
2021/11/16 20:00,14.4,66,0,8.1,0,0,0
2021/11/16 21:00,12.7,73,0,8,0,0,0
2021/11/16 22:00,14.2,65,0,7.7,0,0,0
2021/11/16 23:00,12.9,55,0,4.1,0,0,0
2021/11/17 0:00,12.1,59,0,4.3,0,0,0
2021/11/17 1:00,12.5,55,0,3.7,0,0,0
2021/11/17 2:00,12,58,0,4,0,0,0
2021/11/17 3:00,12.2,65,0,5.8,0,0,0
2021/11/17 4:00,11.4,64,0,4.9,0,0,0
2021/11/17 5:00,11.1,66,0,5,0,0,0
2021/11/17 6:00,10.5,69,0,5.1,0,0,0.0808
2021/11/17 7:00,10.7,68,1,5.1,0.04,0,1.365
2021/11/17 8:00,12.3,62,1,5.2,0.58,0.7,5.574
2021/11/17 9:00,12.3,63,1,5.5,0.83,0.7,6.602
2021/11/17 10:00,14.5,53,1,5.1,1.47,0.8,6.907
2021/11/17 11:00,15.5,50,1,5.1,1.99,1,6.652
2021/11/17 12:00,16.6,47,1,5.3,2.08,1,4.776
2021/11/17 13:00,16.3,46,1,4.7,1.93,1,4.419
2021/11/17 14:00,16.8,46,1,5.1,1.6,1,2.228
2021/11/17 15:00,16.1,52,1,6.3,1.06,1,0.632
2021/11/17 16:00,15.9,53,1,6.4,0.52,1,0.0488
2021/11/17 17:00,15.2,58,0,7,0.04,0.2,0
2021/11/17 18:00,14.2,62,0,7,0,0,0
2021/11/17 19:00,13.6,64,0,6.9,0,0,0
2021/11/17 20:00,13.5,62,0,6.4,0,0,0
2021/11/17 21:00,13.4,63,0,6.5,0,0,0
2021/11/17 22:00,13.2,64,0,6.6,0,0,0
2021/11/17 23:00,12.4,67,0,6.5,0,0,0
2021/11/18 0:00,10.9,75,0,6.7,0,0,0
2021/11/18 1:00,11.5,71,0,6.4,0,0,0
2021/11/18 2:00,10.7,77,0,6.8,0,0,0
2021/11/18 3:00,10.8,78,0,7.1,0,0,0
2021/11/18 4:00,10.5,79,0,7,0,0,0
2021/11/18 5:00,10.2,79,0,6.7,0,0,0
2021/11/18 6:00,10.2,80,0,6.9,0,0,0.525
2021/11/18 7:00,10.1,83,1,7.4,0.06,0,0.507
2021/11/18 8:00,11.8,74,1,7.3,0.44,0.6,4.236
2021/11/18 9:00,13.3,66,1,7.1,1.16,1,5.779
2021/11/18 10:00,15.1,63,1,8.1,1.62,1,5.151
2021/11/18 11:00,16.4,60,1,8.6,1.71,0.8,2.613
2021/11/18 12:00,15.8,61,1,8.3,0.87,0,1.653
2021/11/18 13:00,16,58,1,7.8,0.82,0,1.982
2021/11/18 14:00,15.7,63,1,8.7,0.69,0,1.063
2021/11/18 15:00,15.3,64,1,8.5,0.79,0.4,0.591
2021/11/18 16:00,14.5,67,1,8.5,0.32,0.2,0.033
2021/11/18 17:00,13.4,71,0,8.3,0.03,0,0
2021/11/18 18:00,12.6,73,0,7.9,0,0,0
2021/11/18 19:00,12.4,73,0,7.7,0,0,0
2021/11/18 20:00,12.2,75,0,7.9,0,0,0
2021/11/18 21:00,12.1,75,0,7.8,0,0,0
2021/11/18 22:00,11.2,81,0,8.1,0,0,0
2021/11/18 23:00,11,80,0,7.7,0,0,0
2021/11/19 0:00,10.4,83,0,7.6,0,0,0
2021/11/19 1:00,10.8,79,0,7.3,0,0,0
2021/11/19 2:00,10.6,79,0,7.1,0,0,0
2021/11/19 3:00,10.4,79,0,6.9,0,0,0
2021/11/19 4:00,9.6,82,0,6.7,0,0,0
2021/11/19 5:00,9,86,0,6.8,0,0,0
2021/11/19 6:00,8.8,86,0,6.6,0,0,0.395
2021/11/19 7:00,9.8,78,1,6.2,0.06,0,0.732
2021/11/19 8:00,10.2,78,1,6.6,0.32,0.4,2.926
2021/11/19 9:00,12.3,67,1,6.4,0.82,0.6,4.06
2021/11/19 10:00,13.8,64,1,7.1,1.23,0.9,4.788
2021/11/19 11:00,16,0,1,0,1.57,0.9,4.29
2021/11/19 12:00,16.6,52,1,6.7,1.66,1,3.503
2021/11/19 13:00,16.9,49,1,6.1,1.51,1,3.849
2021/11/19 14:00,17.3,53,1,7.6,1.43,1,2.095
2021/11/19 15:00,16.9,54,1,7.6,1.08,1,0.499
2021/11/19 16:00,14.7,70,1,9.3,0.39,0.7,0.132
2021/11/19 17:00,13.2,78,0,9.5,0.03,0,0
2021/11/19 18:00,12.7,77,0,8.8,0,0,0
2021/11/19 19:00,12.6,76,0,8.5,0,0,0
2021/11/19 20:00,12.1,80,0,8.8,0,0,0
2021/11/19 21:00,12.1,79,0,8.6,0,0,0
2021/11/19 22:00,12,73,0,7.3,0,0,0
2021/11/19 23:00,11.1,75,0,6.9,0,0,0
2021/11/20 0:00,10.6,77,0,6.8,0,0,0
2021/11/20 1:00,9.9,81,0,6.8,0,0,0
2021/11/20 2:00,9.9,81,0,6.8,0,0,0
2021/11/20 3:00,9.6,82,0,6.7,0,0,0
2021/11/20 4:00,9.1,82,0,6.2,0,0,0
2021/11/20 5:00,8.7,84,0,6.2,0,0,0
2021/11/20 6:00,9.3,76,0,5.3,0,0,0.31
2021/11/20 7:00,9.7,78,1,6.1,0.04,0,1.11
2021/11/20 8:00,11.5,73,1,6.8,0.51,0.9,5.079
2021/11/20 9:00,14,63,1,7.1,1.09,1,6.159
2021/11/20 10:00,15.8,58,1,7.6,1.57,1,6.631
2021/11/20 11:00,16.7,52,1,6.8,1.88,1,6.298
2021/11/20 12:00,17.9,52,1,7.9,1.98,1,4.899
2021/11/20 13:00,18,50,1,7.4,1.74,1,3.924
2021/11/20 14:00,18,48,1,6.8,1.49,1,2.057
2021/11/20 15:00,17,57,1,8.4,0.99,1,0.523
2021/11/20 16:00,15.9,59,1,7.9,0.41,1,0.0529
2021/11/20 17:00,14.7,65,0,8.2,0.04,0.1,0
2021/11/20 18:00,13.8,68,0,8,0,0,0
2021/11/20 19:00,13.7,70,0,8.3,0,0,0
2021/11/20 20:00,13.3,71,0,8.2,0,0,0
2021/11/20 21:00,13,74,0,8.5,0,0,0
2021/11/20 22:00,13.1,74,0,8.6,0,0,0
2021/11/20 23:00,12.9,73,0,8.2,0,0,0
2021/11/21 0:00,11.4,80,0,8.1,0,0,0
2021/11/21 1:00,11.2,82,0,8.3,0,0,0
2021/11/21 2:00,10.2,83,0,7.5,0,0,0
2021/11/21 3:00,10.7,82,0,7.8,0,0,0
2021/11/21 4:00,10.5,83,0,7.7,0,0,0
2021/11/21 5:00,9.8,85,0,7.4,0,0,0
2021/11/21 6:00,10.6,82,0,7.7,0,0,0.075
2021/11/21 7:00,10.7,82,1,7.8,0.04,0,0.261
2021/11/21 8:00,11.6,78,1,7.9,0.23,0,0.757
2021/11/21 9:00,12.6,75,1,8.3,0.46,0,2.377
2021/11/21 10:00,13.5,70,1,8.1,0.66,0,3.961
2021/11/21 11:00,14.5,68,1,8.7,0.94,0,3.952
2021/11/21 12:00,15.1,66,1,8.8,1.27,0.2,1.029
2021/11/21 13:00,14.5,66,1,8.2,0.55,0,0.182
2021/11/21 14:00,14.1,74,1,9.6,0.14,0,0.0972
2021/11/21 15:00,14.2,75,1,9.9,0.09,0,0.0486
2021/11/21 16:00,14.5,74,1,9.9,0.04,0,0.0216
2021/11/21 17:00,13.5,84,0,10.9,0,0,0
2021/11/21 18:00,12.7,95,0,11.9,0,0,0
2021/11/21 19:00,12.5,97,0,12,0,0,0
2021/11/21 20:00,12.5,99,0,12.4,0,0,0
2021/11/21 21:00,12.6,99,0,12.5,0,0,0
2021/11/21 22:00,12.5,99,0,12.4,0,0,0
2021/11/21 23:00,12.4,100,0,12.4,0,0,0
2021/11/22 0:00,12.4,100,0,12.4,0,0,0
2021/11/22 1:00,12.1,100,0,12.1,0,0,0
2021/11/22 2:00,12.1,100,0,12.1,0,0,0
2021/11/22 3:00,12,99,0,11.9,0,0,0
2021/11/22 4:00,12,99,0,11.9,0,0,0
2021/11/22 5:00,11.9,100,0,11.9,0,0,0
2021/11/22 6:00,11.9,99,0,11.8,0,0,0.0001
2021/11/22 7:00,12,99,1,11.9,0.01,0,0.113
2021/11/22 8:00,12.1,99,1,12,0.08,0,0.838
2021/11/22 9:00,12.6,99,1,12.5,0.2,0,0.636
2021/11/22 10:00,13,97,1,12.5,0.27,0,0.568
2021/11/22 11:00,14,98,1,13.7,0.38,0,0.976
2021/11/22 12:00,14.5,96,1,13.9,0.5,0,1.347
2021/11/22 13:00,16.1,95,1,15.3,0.78,0,0.412
2021/11/22 14:00,16.4,95,1,15.6,0.31,0,0.246
2021/11/22 15:00,16.4,97,1,15.9,0.13,0,0.0343
2021/11/22 16:00,16.2,100,1,16.2,0.03,0,0
2021/11/22 17:00,16.4,100,0,16.4,0,0,0
2021/11/22 18:00,13.7,100,0,13.7,0,0,0
2021/11/22 19:00,13.1,100,0,13.1,0,0,0
2021/11/22 20:00,13.2,100,0,13.2,0,0,0
2021/11/22 21:00,13.5,98,0,13.2,0,0,0
2021/11/22 22:00,13.3,99,0,13.2,0,0,0
2021/11/22 23:00,13.9,93,0,12.8,0,0,0
2021/11/23 0:00,12.7,95,0,11.9,0,0,0
2021/11/23 1:00,13.9,72,0,8.9,0,0,0
2021/11/23 2:00,13.1,67,0,7.1,0,0,0
2021/11/23 3:00,13.2,60,0,5.6,0,0,0
2021/11/23 4:00,13.2,54,0,4.1,0,0,0
2021/11/23 5:00,12.8,52,0,3.2,0,0,0
2021/11/23 6:00,12.5,52,0,2.9,0,0,0.000133
2021/11/23 7:00,12.2,52,1,2.6,0.02,0,0.433
2021/11/23 8:00,12.2,53,1,2.9,0.22,0,4.078
2021/11/23 9:00,12.7,50,1,2.6,0.66,0.2,6.292
2021/11/23 10:00,13.6,49,1,3.1,1.15,0.4,5.537
2021/11/23 11:00,14.5,43,1,2.1,1.18,0.3,4.888
2021/11/23 12:00,14.2,45,1,2.5,1.29,0.2,3.797
2021/11/23 13:00,15.7,47,1,4.4,1.85,0.8,3.931
2021/11/23 14:00,15.8,46,1,4.2,1.69,1,2.252
2021/11/23 15:00,15.5,46,1,4,0.94,0.8,0.48
2021/11/23 16:00,13.5,56,1,4.9,0.43,0.8,0.0394
2021/11/23 17:00,11.5,66,0,5.4,0.03,0.2,0
2021/11/23 18:00,11.5,68,0,5.8,0,0,0
2021/11/23 19:00,11,69,0,5.6,0,0,0
2021/11/23 20:00,11.2,66,0,5.1,0,0,0
2021/11/23 21:00,10.4,74,0,6,0,0,0
2021/11/23 22:00,9.5,83,0,6.8,0,0,0
2021/11/23 23:00,9,62,0,2.1,0,0,0
2021/11/24 0:00,8.3,69,0,3,0,0,0
2021/11/24 1:00,7.4,72,0,2.7,0,0,0
2021/11/24 2:00,7.8,65,0,1.6,0,0,0
2021/11/24 3:00,9.2,54,0,0.4,0,0,0
2021/11/24 4:00,8.7,53,0,-0.3,0,0,0
2021/11/24 5:00,8.8,56,0,0.5,0,0,0
2021/11/24 6:00,9.1,54,0,0.3,0,0,0.22
2021/11/24 7:00,9.4,53,1,0.3,0.03,0,0.669
2021/11/24 8:00,10.6,49,1,0.4,0.54,0.9,6.104
2021/11/24 9:00,12.3,47,1,1.3,1.19,1,7.026
2021/11/24 10:00,13.7,43,1,1.4,1.69,1,7.492
2021/11/24 11:00,14.8,41,1,1.7,1.99,1,7.171
2021/11/24 12:00,15.7,40,1,2.2,2.1,1,5.098
2021/11/24 13:00,15.9,36,1,0.9,1.96,1,4.406
2021/11/24 14:00,16.1,43,1,3.5,1.4,0.8,2.213
2021/11/24 15:00,14.8,45,1,3,1.13,1,0.458
2021/11/24 16:00,13.6,47,1,2.5,0.48,1,0.0411
2021/11/24 17:00,11.9,53,0,2.6,0.04,0.3,0
2021/11/24 18:00,10.9,60,0,3.5,0,0,0
2021/11/24 19:00,11.7,39,0,-1.8,0,0,0
2021/11/24 20:00,11.2,39,0,-2.2,0,0,0
2021/11/24 21:00,11.5,35,0,-3.4,0,0,0
2021/11/24 22:00,10.4,41,0,-2.3,0,0,0
2021/11/24 23:00,8.7,47,0,-2,0,0,0
2021/11/25 0:00,8.5,49,0,-1.6,0,0,0
2021/11/25 1:00,8.5,50,0,-1.3,0,0,0
2021/11/25 2:00,7.4,54,0,-1.3,0,0,0
2021/11/25 3:00,7,59,0,-0.4,0,0,0
2021/11/25 4:00,7.2,60,0,0,0,0,0
2021/11/25 5:00,6.5,67,0,0.8,0,0,0
2021/11/25 6:00,6.3,70,0,1.2,0,0,0.236
2021/11/25 7:00,6.6,74,1,2.3,0.03,0,0.637
2021/11/25 8:00,9.8,60,1,2.4,0.51,0.9,5.667
2021/11/25 9:00,12.9,51,1,3,1.14,1,6.778
2021/11/25 10:00,14.6,43,1,2.2,1.63,1,7.381
2021/11/25 11:00,15.9,38,1,1.6,1.96,1,6.964
2021/11/25 12:00,17.2,35,1,1.6,2.06,1,5.304
2021/11/25 13:00,17.5,37,1,2.7,1.91,1,4.298
2021/11/25 14:00,17.7,41,1,4.3,1.59,1,2.183
2021/11/25 15:00,17.5,43,1,4.8,1.05,1,0.438
2021/11/25 16:00,14.8,58,1,6.6,0.47,1,0.0546
2021/11/25 17:00,15.3,48,0,4.4,0.04,0.3,0
2021/11/25 18:00,13.2,56,0,4.6,0,0,0
2021/11/25 19:00,14.1,47,0,3,0,0,0
2021/11/25 20:00,13.5,47,0,2.4,0,0,0
2021/11/25 21:00,13.3,48,0,2.5,0,0,0
2021/11/25 22:00,13.3,48,0,2.5,0,0,0
2021/11/25 23:00,13.2,48,0,2.4,0,0,0
2021/11/26 0:00,12.2,51,0,2.4,0,0,0
2021/11/26 1:00,10.5,56,0,2.1,0,0,0
2021/11/26 2:00,10.3,59,0,2.7,0,0,0
2021/11/26 3:00,9.7,62,0,2.8,0,0,0
2021/11/26 4:00,9,65,0,2.8,0,0,0
2021/11/26 5:00,8.9,66,0,2.9,0,0,0
2021/11/26 6:00,9,63,0,2.3,0,0,0.218
2021/11/26 7:00,9,65,1,2.8,0.03,0,0.578
2021/11/26 8:00,10.8,61,1,3.6,0.49,0.9,5.567
2021/11/26 9:00,13,50,1,2.8,1.11,1,6.5
2021/11/26 10:00,14.3,42,1,1.6,1.61,1,6.999
2021/11/26 11:00,15.4,41,1,2.2,1.93,1,6.573
2021/11/26 12:00,16.7,45,1,4.7,2.01,1,4.953
2021/11/26 13:00,16.5,40,1,2.9,1.87,1,4.148
2021/11/26 14:00,16.1,43,1,3.5,1.54,1,2.155
2021/11/26 15:00,15.4,46,1,3.9,1.02,1,0.467
2021/11/26 16:00,14.6,50,1,4.3,0.42,1,0.0359
2021/11/26 17:00,12.7,62,0,5.6,0.03,0.1,0
2021/11/26 18:00,12.3,69,0,6.8,0,0,0
2021/11/26 19:00,11.6,72,0,6.7,0,0,0
2021/11/26 20:00,11.4,74,0,6.9,0,0,0
2021/11/26 21:00,10.3,83,0,7.6,0,0,0
2021/11/26 22:00,10.9,68,0,5.2,0,0,0
2021/11/26 23:00,10.1,70,0,4.9,0,0,0
2021/11/27 0:00,9.6,67,0,3.8,0,0,0
2021/11/27 1:00,10.1,57,0,2,0,0,0
2021/11/27 2:00,9.9,55,0,1.3,0,0,0
2021/11/27 3:00,9.8,53,0,0.7,0,0,0
2021/11/27 4:00,9.3,53,0,0.2,0,0,0
2021/11/27 5:00,8.3,57,0,0.3,0,0,0
2021/11/27 6:00,8.4,54,0,-0.3,0,0,0.0723
2021/11/27 7:00,8.7,54,1,-0.1,0.02,0,0.371
2021/11/27 8:00,9.3,50,1,-0.6,0.5,0.8,5.879
2021/11/27 9:00,10.7,46,1,-0.4,1.14,1,6.912
2021/11/27 10:00,12.4,44,1,0.5,1.65,1,7.521
2021/11/27 11:00,12.7,38,1,-1.2,1.97,1,7.192
2021/11/27 12:00,12.7,37,1,-1.6,2.01,1,4.912
2021/11/27 13:00,12.6,40,1,-0.6,1.4,0.6,3.635
2021/11/27 14:00,12.4,34,1,-3,1.24,0.7,2.217
2021/11/27 15:00,11,33,1,-4.6,0.68,0.7,0.425
2021/11/27 16:00,10.4,34,1,-4.8,0.2,0.3,0.0223
2021/11/27 17:00,9.2,40,0,-3.7,0.02,0.1,0
2021/11/27 18:00,8.5,44,0,-3,0,0,0
2021/11/27 19:00,7.8,49,0,-2.2,0,0,0
2021/11/27 20:00,7.3,53,0,-1.6,0,0,0
2021/11/27 21:00,7.2,52,0,-2,0,0,0
2021/11/27 22:00,7.3,50,0,-2.4,0,0,0
2021/11/27 23:00,7.3,54,0,-1.4,0,0,0
2021/11/28 0:00,6.2,59,0,-1.2,0,0,0
2021/11/28 1:00,5.7,61,0,-1.2,0,0,0
2021/11/28 2:00,5.9,63,0,-0.6,0,0,0
2021/11/28 3:00,5.6,61,0,-1.3,0,0,0
2021/11/28 4:00,5.6,61,0,-1.3,0,0,0
2021/11/28 5:00,5.8,63,0,-0.7,0,0,0
2021/11/28 6:00,4.4,71,0,-0.4,0,0,0.0958
2021/11/28 7:00,4.4,72,1,-0.2,0.02,0,0.413
2021/11/28 8:00,6.9,57,1,-1,0.48,0.8,5.759
2021/11/28 9:00,10.2,44,1,-1.5,1.13,1,6.789
2021/11/28 10:00,11.8,40,1,-1.3,1.64,1,7.352
2021/11/28 11:00,13.1,36,1,-1.6,1.97,1,7.137
2021/11/28 12:00,13.6,36,1,-1.2,2.08,1,5.41
2021/11/28 13:00,13.9,36,1,-0.9,1.96,1,4.51
2021/11/28 14:00,14,36,1,-0.8,1.62,1,2.334
2021/11/28 15:00,13,35,1,-2.1,1.11,1,0.447
2021/11/28 16:00,12.1,38,1,-1.8,0.49,1,0.0196
2021/11/28 17:00,10.4,43,0,-1.6,0.04,0.3,0
2021/11/28 18:00,10.9,39,0,-2.5,0,0,0
2021/11/28 19:00,9.6,47,0,-1.1,0,0,0
2021/11/28 20:00,9.1,47,0,-1.6,0,0,0
2021/11/28 21:00,7.7,53,0,-1.3,0,0,0
2021/11/28 22:00,6.9,59,0,-0.5,0,0,0
2021/11/28 23:00,7,59,0,-0.4,0,0,0
2021/11/29 0:00,6.7,60,0,-0.5,0,0,0
2021/11/29 1:00,5.7,66,0,-0.1,0,0,0
2021/11/29 2:00,5.8,64,0,-0.5,0,0,0
2021/11/29 3:00,5,68,0,-0.4,0,0,0
2021/11/29 4:00,5.4,65,0,-0.6,0,0,0
2021/11/29 5:00,4.7,71,0,-0.1,0,0,0
2021/11/29 6:00,4.7,72,0,0.1,0,0,0.132
2021/11/29 7:00,5,68,1,-0.4,0.03,0,0.494
2021/11/29 8:00,5.8,61,1,-1.1,0.49,0.8,5.006
2021/11/29 9:00,7.9,56,1,-0.3,1.04,1,4.396
2021/11/29 10:00,9,52,1,-0.3,1.17,1,6.262
2021/11/29 11:00,10.5,49,1,0.3,1.82,1,6.81
2021/11/29 12:00,12,46,1,0.8,1.89,1,5.402
2021/11/29 13:00,12.2,43,1,0,1.88,1,4.138
2021/11/29 14:00,12.9,43,1,0.6,1.43,1,2.557
2021/11/29 15:00,12.5,47,1,1.5,1.19,0.9,0.722
2021/11/29 16:00,12.2,48,1,1.5,0.41,0.7,0.0886
2021/11/29 17:00,9.3,58,0,1.5,0.03,0,0
2021/11/29 18:00,8.3,62,0,1.5,0,0,0
2021/11/29 19:00,8.2,61,0,1.1,0,0,0
2021/11/29 20:00,8.6,57,0,0.6,0,0,0
2021/11/29 21:00,7.3,62,0,0.5,0,0,0
2021/11/29 22:00,7.4,62,0,0.6,0,0,0
2021/11/29 23:00,7.2,64,0,0.9,0,0,0
2021/11/30 0:00,7.4,61,0,0.4,0,0,0
2021/11/30 1:00,5.4,72,0,0.8,0,0,0
2021/11/30 2:00,5.2,74,0,1,0,0,0
2021/11/30 3:00,5.4,72,0,0.8,0,0,0
2021/11/30 4:00,5.5,71,0,0.7,0,0,0
2021/11/30 5:00,4.6,74,0,0.4,0,0,0
2021/11/30 6:00,4.4,72,0,-0.2,0,0,0.122
2021/11/30 7:00,3.9,76,1,0.1,0.02,0,0.394
2021/11/30 8:00,6.2,66,1,0.3,0.43,0.8,5.173
2021/11/30 9:00,8.4,59,1,0.9,1.05,1,6.301
2021/11/30 10:00,10.5,52,1,1.1,1.52,1,6.791
2021/11/30 11:00,12.1,46,1,0.8,1.83,1,6.452
2021/11/30 12:00,13.4,43,1,1.1,1.92,1,4.909
2021/11/30 13:00,15,51,1,5,1.64,1,3.551
2021/11/30 14:00,15.3,57,1,6.9,1.15,0.8,1.7
2021/11/30 15:00,15.3,66,1,9,0.71,0.7,0.435
2021/11/30 16:00,14.9,73,1,10.1,0.28,0.3,0.0191
2021/11/30 17:00,15.4,75,0,11,0.01,0,0
2021/11/30 18:00,15.4,77,0,11.4,0,0,0
2021/11/30 19:00,15.7,75,0,11.3,0,0,0
2021/11/30 20:00,15.4,76,0,11.2,0,0,0
2021/11/30 21:00,14,93,0,12.9,0,0,0
2021/11/30 22:00,13.6,100,0,13.6,0,0,0
2021/11/30 23:00,13.6,100,0,13.6,0,0,0
2021/12/1 0:00,15,100,0,15,0,0,0
2021/12/1 1:00,15.7,99,0,15.6,0,0,0
2021/12/1 2:00,16.6,97,0,16.1,0,0,0
2021/12/1 3:00,17,95,0,16.2,0,0,0
2021/12/1 4:00,17.2,95,0,16.4,0,0,0
2021/12/1 5:00,16.5,98,0,16.2,0,0,0
2021/12/1 6:00,16.9,99,0,16.8,0,0,0.000133
2021/12/1 7:00,17.1,99,1,17,0,0,0.0697
2021/12/1 8:00,17.9,99,1,17.7,0.14,0,0.236
2021/12/1 9:00,12,98,1,11.7,0.14,0,1.363
2021/12/1 10:00,13.9,95,1,13.1,0.36,0,6.694
2021/12/1 11:00,17.7,83,1,14.8,1.88,0.9,6.468
2021/12/1 12:00,19.9,63,1,12.7,1.95,1,5.294
2021/12/1 13:00,19.5,60,1,11.5,1.83,1,4.34
2021/12/1 14:00,19.4,56,1,10.4,1.51,1,2.424
2021/12/1 15:00,18.2,54,1,8.8,0.98,0.9,0.405
2021/12/1 16:00,16,40,1,2.4,0.27,0.6,0.0223
2021/12/1 17:00,15,34,0,-0.7,0.03,0.2,0
2021/12/1 18:00,14.4,32,0,-2.1,0,0,0
2021/12/1 19:00,13.2,38,0,-0.8,0,0,0
2021/12/1 20:00,13.3,32,0,-3,0,0,0
2021/12/1 21:00,12.2,37,0,-2,0,0,0
2021/12/1 22:00,11.4,37,0,-2.8,0,0,0
2021/12/1 23:00,11.1,36,0,-3.4,0,0,0
2021/12/2 0:00,10.3,39,0,-3,0,0,0
2021/12/2 1:00,9.7,40,0,-3.2,0,0,0
2021/12/2 2:00,9.1,41,0,-3.4,0,0,0
2021/12/2 3:00,9.5,39,0,-3.7,0,0,0
2021/12/2 4:00,8.6,43,0,-3.3,0,0,0
2021/12/2 5:00,7.4,47,0,-3.2,0,0,0
2021/12/2 6:00,7.1,49,0,-2.9,0,0,0.0503
2021/12/2 7:00,6.9,48,1,-3.3,0.02,0,0.22
2021/12/2 8:00,7.6,50,1,-2.1,0.44,0.8,5.614
2021/12/2 9:00,9.6,39,1,-3.7,1.11,1,6.866
2021/12/2 10:00,11.2,35,1,-3.7,1.62,1,7.405
2021/12/2 11:00,12.2,30,1,-4.8,1.95,1,7.045
2021/12/2 12:00,12.8,28,1,-5.2,2.06,1,5.478
2021/12/2 13:00,12.9,26,1,-6.1,1.95,1,4.49
2021/12/2 14:00,12.7,27,1,-5.8,1.61,1,2.36
2021/12/2 15:00,12.1,33,1,-3.7,1.07,1,0.449
2021/12/2 16:00,11.3,35,1,-3.6,0.46,1,0.0233
2021/12/2 17:00,9.1,46,0,-1.9,0.03,0.1,0
2021/12/2 18:00,9.5,51,0,-0.1,0,0,0
2021/12/2 19:00,11.4,50,0,1.4,0,0,0
2021/12/2 20:00,11.2,60,0,3.7,0,0,0
2021/12/2 21:00,10.8,67,0,4.9,0,0,0
2021/12/2 22:00,10.7,62,0,3.7,0,0,0
2021/12/2 23:00,9.5,57,0,1.4,0,0,0
2021/12/3 0:00,9.2,60,0,1.9,0,0,0
2021/12/3 1:00,7.2,64,0,0.9,0,0,0
2021/12/3 2:00,6.4,63,0,-0.1,0,0,0
2021/12/3 3:00,6.1,65,0,0,0,0,0
2021/12/3 4:00,5.6,67,0,0,0,0,0
2021/12/3 5:00,5.5,67,0,-0.1,0,0,0
2021/12/3 6:00,5.1,68,0,-0.3,0,0,0.0001
2021/12/3 7:00,5.5,68,1,0.1,0.01,0,0.346
2021/12/3 8:00,7.1,60,1,-0.1,0.38,0.7,5.083
2021/12/3 9:00,9.5,56,1,1.2,1.03,1,6.37
2021/12/3 10:00,11.3,46,1,0.1,1.53,1,6.936
2021/12/3 11:00,13.2,46,1,1.8,1.85,1,6.661
2021/12/3 12:00,12.5,47,1,1.5,1.93,1,5.204
2021/12/3 13:00,14.2,54,1,5,1.82,1,4.237
2021/12/3 14:00,15.2,51,1,5.2,1.51,1,2.28
2021/12/3 15:00,15.2,42,1,2.4,1.05,1,0.459
2021/12/3 16:00,13.7,44,1,1.7,0.46,1,0.026
2021/12/3 17:00,12.8,51,0,2.9,0.03,0.2,0
2021/12/3 18:00,10.3,61,0,3.1,0,0,0
2021/12/3 19:00,9.9,65,0,3.6,0,0,0
2021/12/3 20:00,10.5,65,0,4.2,0,0,0
2021/12/3 21:00,10.8,61,0,3.6,0,0,0
2021/12/3 22:00,8.4,71,0,3.5,0,0,0
2021/12/3 23:00,9.1,56,0,0.8,0,0,0
2021/12/4 0:00,8.1,65,0,1.9,0,0,0
2021/12/4 1:00,6.6,76,0,2.7,0,0,0
2021/12/4 2:00,6.4,77,0,2.7,0,0,0
2021/12/4 3:00,6.5,72,0,1.8,0,0,0
2021/12/4 4:00,5.9,74,0,1.6,0,0,0
2021/12/4 5:00,5.6,76,0,1.7,0,0,0
2021/12/4 6:00,6.2,72,0,1.5,0,0,0.123
2021/12/4 7:00,5.7,76,1,1.8,0.02,0,0.276
2021/12/4 8:00,8.2,71,1,3.3,0.38,0.7,4.932
2021/12/4 9:00,9.9,59,1,2.3,0.98,1,6.074
2021/12/4 10:00,11,50,1,1,1.48,1,6.838
2021/12/4 11:00,12.3,50,1,2.2,1.83,1,6.576
2021/12/4 12:00,13.7,44,1,1.7,1.94,1,4.869
2021/12/4 13:00,14.4,44,1,2.3,1.82,1,4.121
2021/12/4 14:00,14.6,40,1,1.2,1.49,1,2.222
2021/12/4 15:00,14.3,39,1,0.6,0.97,1,0.422
2021/12/4 16:00,11.9,53,1,2.6,0.39,1,0.026
2021/12/4 17:00,11.7,47,0,0.8,0.03,0.1,0
2021/12/4 18:00,10.1,55,0,1.5,0,0,0
2021/12/4 19:00,12.9,37,0,-1.4,0,0,0
2021/12/4 20:00,11.3,42,0,-1.1,0,0,0
2021/12/4 21:00,10.7,44,0,-1,0,0,0
2021/12/4 22:00,10,41,0,-2.6,0,0,0
2021/12/4 23:00,9.3,43,0,-2.6,0,0,0
2021/12/5 0:00,8.7,44,0,-2.9,0,0,0
2021/12/5 1:00,8.3,44,0,-3.2,0,0,0
2021/12/5 2:00,8,45,0,-3.2,0,0,0
2021/12/5 3:00,7.5,45,0,-3.6,0,0,0
2021/12/5 4:00,6.9,48,0,-3.3,0,0,0
2021/12/5 5:00,6.6,49,0,-3.3,0,0,0
2021/12/5 6:00,6.2,53,0,-2.7,0,0,0.0869
2021/12/5 7:00,5.7,55,1,-2.6,0.02,0,0.265
2021/12/5 8:00,6.1,56,1,-2,0.39,0.7,5.017
2021/12/5 9:00,7.9,49,1,-2.1,1.03,1,6.394
2021/12/5 10:00,9.1,45,1,-2.2,1.55,1,7.035
2021/12/5 11:00,9.8,45,1,-1.6,1.85,1,6.799
2021/12/5 12:00,10.1,40,1,-2.9,1.94,1,4.097
2021/12/5 13:00,10.9,37,1,-3.2,1.86,1,3.86
2021/12/5 14:00,11.4,39,1,-2,1.52,1,1.395
2021/12/5 15:00,10.7,47,1,-0.1,0.63,0.4,0.404
2021/12/5 16:00,9.3,51,1,-0.3,0.22,0,0.0307
2021/12/5 17:00,9.2,53,0,0.1,0.02,0,0
2021/12/5 18:00,9,60,0,1.7,0,0,0
2021/12/5 19:00,8.7,62,0,1.8,0,0,0
2021/12/5 20:00,8.8,59,0,1.2,0,0,0
2021/12/5 21:00,9,59,0,1.4,0,0,0
2021/12/5 22:00,8.9,60,0,1.6,0,0,0
2021/12/5 23:00,9.1,59,0,1.5,0,0,0
2021/12/6 0:00,8.9,62,0,2,0,0,0
2021/12/6 1:00,8.1,66,0,2.1,0,0,0
2021/12/6 2:00,7.6,63,0,1,0,0,0
2021/12/6 3:00,7.1,64,0,0.8,0,0,0
2021/12/6 4:00,6.8,63,0,0.3,0,0,0
2021/12/6 5:00,6.7,63,0,0.2,0,0,0
2021/12/6 6:00,6.7,65,0,0.6,0,0,0.0001
2021/12/6 7:00,6.8,65,1,0.7,0.01,0,0.461
2021/12/6 8:00,7.3,62,1,0.5,0.16,0,1.315
2021/12/6 9:00,8,59,1,0.5,0.45,0,2.442
2021/12/6 10:00,8.7,56,1,0.4,0.64,0,1.408
2021/12/6 11:00,9.1,59,1,1.5,0.56,0,0.943
2021/12/6 12:00,9.7,56,1,1.4,0.75,0,0.686
2021/12/6 13:00,9.9,54,1,1,0.63,0,0.943
2021/12/6 14:00,10.2,55,1,1.6,0.47,0,0.338
2021/12/6 15:00,10.1,59,1,2.5,0.27,0,0.0971
2021/12/6 16:00,10.1,60,1,2.7,0.08,0,0.0277
2021/12/6 17:00,10,65,0,3.7,0.01,0,0
2021/12/6 18:00,10,72,0,5.2,0,0,0
2021/12/6 19:00,10.2,74,0,5.8,0,0,0
2021/12/6 20:00,10.2,76,0,6.2,0,0,0
2021/12/6 21:00,10,78,0,6.4,0,0,0
2021/12/6 22:00,10.4,79,0,6.9,0,0,0
2021/12/6 23:00,10.7,79,0,7.2,0,0,0
2021/12/7 0:00,10.2,82,0,7.3,0,0,0
2021/12/7 1:00,10.2,85,0,7.8,0,0,0
2021/12/7 2:00,10.1,86,0,7.9,0,0,0
2021/12/7 3:00,10,88,0,8.1,0,0,0
2021/12/7 4:00,10.1,88,0,8.2,0,0,0
2021/12/7 5:00,9.8,89,0,8.1,0,0,0
2021/12/7 6:00,9.7,89,0,8,0,0,0.0001
2021/12/7 7:00,9.8,89,1,8.1,0.01,0,0.326
2021/12/7 8:00,10.2,88,1,8.3,0.12,0,0.692
2021/12/7 9:00,11.5,84,1,8.9,0.32,0,1.766
2021/12/7 10:00,12,82,1,9,0.47,0,3.675
2021/12/7 11:00,13.5,76,1,9.4,0.61,0,1.717
2021/12/7 12:00,14.4,71,1,9.2,0.64,0,1.319
2021/12/7 13:00,14.3,71,1,9.1,0.53,0,1.352
2021/12/7 14:00,14.5,74,1,9.9,0.38,0,0.718
2021/12/7 15:00,14.8,74,1,10.2,0.32,0,0.248
2021/12/7 16:00,14.8,74,1,10.2,0.09,0,0.0193
2021/12/7 17:00,14.6,75,0,10.2,0.01,0,0
2021/12/7 18:00,12.4,92,0,11.1,0,0,0
2021/12/7 19:00,11.6,95,0,10.8,0,0,0
2021/12/7 20:00,11.4,97,0,11,0,0,0
2021/12/7 21:00,11,98,0,10.7,0,0,0
2021/12/7 22:00,10.8,97,0,10.4,0,0,0
2021/12/7 23:00,10.6,97,0,10.2,0,0,0
2021/12/8 0:00,10.6,97,0,10.2,0,0,0
2021/12/8 1:00,10.5,97,0,10.1,0,0,0
2021/12/8 2:00,10.2,96,0,9.6,0,0,0
2021/12/8 3:00,9.9,96,0,9.3,0,0,0
2021/12/8 4:00,9.6,97,0,9.2,0,0,0
2021/12/8 5:00,9.6,95,0,8.8,0,0,0
2021/12/8 6:00,9.7,96,0,9.1,0,0,0.0001
2021/12/8 7:00,9.6,94,1,8.7,0,0,0.00078
2021/12/8 8:00,9.5,94,1,8.6,0.02,0,0.0436
2021/12/8 9:00,9.5,93,1,8.4,0.11,0,0.27
2021/12/8 10:00,9.6,95,1,8.8,0.18,0,0.613
2021/12/8 11:00,10,93,1,8.9,0.37,0,1.088
2021/12/8 12:00,10.1,93,1,9,0.41,0,0.918
2021/12/8 13:00,10.2,92,1,9,0.43,0,0.757
2021/12/8 14:00,10,91,1,8.6,0.36,0,0.521
2021/12/8 15:00,9.9,89,1,8.2,0.26,0,0.117
2021/12/8 16:00,9.2,93,1,8.1,0.11,0,0.0095
2021/12/8 17:00,8.9,92,0,7.7,0.01,0,0
2021/12/8 18:00,9.1,89,0,7.4,0,0,0
2021/12/8 19:00,9,88,0,7.1,0,0,0
2021/12/8 20:00,8.9,90,0,7.4,0,0,0
2021/12/8 21:00,8.8,88,0,6.9,0,0,0
2021/12/8 22:00,8.6,89,0,6.9,0,0,0
2021/12/8 23:00,8.5,89,0,6.8,0,0,0
2021/12/9 0:00,8.5,88,0,6.6,0,0,0
2021/12/9 1:00,9.2,77,0,5.4,0,0,0
2021/12/9 2:00,9,79,0,5.6,0,0,0
2021/12/9 3:00,8.6,83,0,5.9,0,0,0
2021/12/9 4:00,8.7,80,0,5.5,0,0,0
2021/12/9 5:00,9.2,74,0,4.8,0,0,0
2021/12/9 6:00,8.8,79,0,5.4,0,0,0.0001
2021/12/9 7:00,8.8,79,1,5.4,0,0,0.404
2021/12/9 8:00,8.8,80,1,5.6,0.07,0,0.869
2021/12/9 9:00,10,71,1,5,0.38,0,5.074
2021/12/9 10:00,11.8,61,1,4.5,1.4,0.9,7.055
2021/12/9 11:00,12.6,57,1,4.3,1.77,1,6.867
2021/12/9 12:00,13.4,52,1,3.8,1.9,1,5.128
2021/12/9 13:00,13.5,49,1,3,1.8,1,4.252
2021/12/9 14:00,13.5,51,1,3.6,1.46,1,2.19
2021/12/9 15:00,12.9,51,1,3,1.03,1,0.498
2021/12/9 16:00,11.2,60,1,3.7,0.43,1,0.0488
2021/12/9 17:00,10.9,59,0,3.2,0.03,0.1,0
2021/12/9 18:00,10.3,61,0,3.1,0,0,0
2021/12/9 19:00,9.5,65,0,3.3,0,0,0
2021/12/9 20:00,9,67,0,3.2,0,0,0
2021/12/9 21:00,9.3,64,0,2.9,0,0,0
2021/12/9 22:00,9,65,0,2.8,0,0,0
2021/12/9 23:00,8.9,64,0,2.5,0,0,0
2021/12/10 0:00,8.5,66,0,2.5,0,0,0
2021/12/10 1:00,8.3,69,0,3,0,0,0
2021/12/10 2:00,7.8,72,0,3.1,0,0,0
2021/12/10 3:00,7.5,72,0,2.8,0,0,0
2021/12/10 4:00,7.4,72,0,2.7,0,0,0
2021/12/10 5:00,7,74,0,2.7,0,0,0
2021/12/10 6:00,7.1,72,0,2.4,0,0,0
2021/12/10 7:00,6.9,74,1,2.6,0.01,0,0.515
2021/12/10 8:00,7.3,70,1,2.2,0.26,0.1,1.126
2021/12/10 9:00,8.3,69,1,3,0.47,0,3.507
2021/12/10 10:00,9.5,65,1,3.3,0.98,0.5,3.279
2021/12/10 11:00,10.3,61,1,3.1,1.07,0.4,4.695
2021/12/10 12:00,11,56,1,2.6,1.56,1,4.613
2021/12/10 13:00,11.9,55,1,3.2,1.72,1,3.661
2021/12/10 14:00,11.2,59,1,3.5,1.19,0.8,1.603
2021/12/10 15:00,11,60,1,3.6,0.86,0.6,0.578
2021/12/10 16:00,10.6,63,1,3.9,0.32,0.4,0.065
2021/12/10 17:00,9.1,67,0,3.3,0.03,0,0
2021/12/10 18:00,9.8,64,0,3.3,0,0,0
2021/12/10 19:00,8.5,69,0,3.2,0,0,0
2021/12/10 20:00,8.2,73,0,3.7,0,0,0
2021/12/10 21:00,7.5,75,0,3.4,0,0,0
2021/12/10 22:00,7,78,0,3.4,0,0,0
2021/12/10 23:00,7,78,0,3.4,0,0,0
2021/12/11 0:00,6.4,85,0,4.1,0,0,0
2021/12/11 1:00,5.8,89,0,4.1,0,0,0
2021/12/11 2:00,6.5,86,0,4.3,0,0,0
2021/12/11 3:00,5.6,89,0,3.9,0,0,0
2021/12/11 4:00,5.6,91,0,4.3,0,0,0
2021/12/11 5:00,5.1,90,0,3.6,0,0,0
2021/12/11 6:00,4.4,94,0,3.5,0,0,0
2021/12/11 7:00,4.6,94,1,3.7,0.01,0,0.214
2021/12/11 8:00,6.2,85,1,3.9,0.32,0.7,4.242
2021/12/11 9:00,8.4,74,1,4.1,0.92,1,5.952
2021/12/11 10:00,11,67,1,5.1,1.43,1,6.633
2021/12/11 11:00,12.5,58,1,4.5,1.77,1,6.568
2021/12/11 12:00,14.2,52,1,4.5,1.93,1,4.928
2021/12/11 13:00,14.2,55,1,5.3,1.78,1,4.249
2021/12/11 14:00,14.5,57,1,6.1,1.39,1,2.147
2021/12/11 15:00,14.6,54,1,5.4,0.96,1,0.471
2021/12/11 16:00,13.1,61,1,5.8,0.41,1,0.0279
2021/12/11 17:00,11.6,60,0,4.1,0.03,0.2,0
2021/12/11 18:00,10.8,61,0,3.6,0,0,0
2021/12/11 19:00,10.7,66,0,4.6,0,0,0
2021/12/11 20:00,10,74,0,5.6,0,0,0
2021/12/11 21:00,9.9,71,0,4.9,0,0,0
2021/12/11 22:00,9.3,74,0,4.9,0,0,0
2021/12/11 23:00,8.8,78,0,5.2,0,0,0
2021/12/12 0:00,8.2,80,0,5,0,0,0
2021/12/12 1:00,8.5,81,0,5.4,0,0,0
2021/12/12 2:00,8.8,81,0,5.7,0,0,0
2021/12/12 3:00,8.4,82,0,5.5,0,0,0
2021/12/12 4:00,8.3,84,0,5.8,0,0,0
2021/12/12 5:00,9.1,80,0,5.8,0,0,0
2021/12/12 6:00,8.5,82,0,5.6,0,0,0
2021/12/12 7:00,8,82,1,5.1,0.02,0,0.585
2021/12/12 8:00,8.4,80,1,5.2,0.25,0.2,2.076
2021/12/12 9:00,10,73,1,5.4,0.64,0.6,3.581
2021/12/12 10:00,10.9,72,1,6.1,0.89,0.6,3.403
2021/12/12 11:00,11.4,66,1,5.3,1.03,0.4,4.689
2021/12/12 12:00,13,61,1,5.7,1.27,0.6,5.116
2021/12/12 13:00,14.8,55,1,5.9,1.79,1,3.472
2021/12/12 14:00,16.3,55,1,7.3,1.51,1,2.328
2021/12/12 15:00,16.5,55,1,7.4,0.99,1,0.553
2021/12/12 16:00,14.5,66,1,8.2,0.42,1,0.0314
2021/12/12 17:00,12.7,73,0,8,0.02,0.1,0
2021/12/12 18:00,14.9,64,0,8.2,0,0,0
2021/12/12 19:00,14.9,64,0,8.2,0,0,0
2021/12/12 20:00,13.1,65,0,6.7,0,0,0
2021/12/12 21:00,12.1,69,0,6.6,0,0,0
2021/12/12 22:00,11,73,0,6.4,0,0,0
2021/12/12 23:00,9.4,80,0,6.1,0,0,0
2021/12/13 0:00,8.6,84,0,6.1,0,0,0
2021/12/13 1:00,9.1,80,0,5.8,0,0,0
2021/12/13 2:00,10,73,0,5.4,0,0,0
2021/12/13 3:00,11.2,60,0,3.7,0,0,0
2021/12/13 4:00,10.8,53,0,1.6,0,0,0
2021/12/13 5:00,10.3,50,0,0.4,0,0,0
2021/12/13 6:00,9.7,47,0,-1.1,0,0,0
2021/12/13 7:00,9.5,46,1,-1.5,0.01,0,0.162
2021/12/13 8:00,9.8,44,1,-1.9,0.34,0.7,4.432
2021/12/13 9:00,11.2,42,1,-1.2,0.98,1,6.474
2021/12/13 10:00,11.7,39,1,-1.8,1.5,1,7.312
2021/12/13 11:00,12.3,37,1,-2,1.85,1,7.17
2021/12/13 12:00,12.5,33,1,-3.3,1.98,1,5.405
2021/12/13 13:00,12.3,31,1,-4.3,1.88,1,4.616
2021/12/13 14:00,12.5,31,1,-4.1,1.57,1,2.424
2021/12/13 15:00,11.5,33,1,-4.2,1.08,1,0.475
2021/12/13 16:00,10.1,36,1,-4.3,0.48,1,0.0316
2021/12/13 17:00,9.5,35,0,-5.2,0.04,0.2,0
2021/12/13 18:00,7.8,42,0,-4.3,0,0,0
2021/12/13 19:00,7.4,42,0,-4.7,0,0,0
2021/12/13 20:00,7,45,0,-4.1,0,0,0
2021/12/13 21:00,6.7,49,0,-3.2,0,0,0
2021/12/13 22:00,6.4,50,0,-3.2,0,0,0
2021/12/13 23:00,6.2,49,0,-3.7,0,0,0
2021/12/14 0:00,6.4,47,0,-4.1,0,0,0
2021/12/14 1:00,6,49,0,-3.9,0,0,0
2021/12/14 2:00,5.7,50,0,-3.9,0,0,0
2021/12/14 3:00,5.6,51,0,-3.7,0,0,0
2021/12/14 4:00,4.9,54,0,-3.6,0,0,0
2021/12/14 5:00,5,54,0,-3.5,0,0,0
2021/12/14 6:00,5,54,0,-3.5,0,0,0
2021/12/14 7:00,4.4,62,1,-2.2,0.01,0,0.113
2021/12/14 8:00,5.5,55,1,-2.8,0.14,0.1,0.936
2021/12/14 9:00,5.7,53,1,-3.1,0.25,0,0.448
2021/12/14 10:00,5.8,60,1,-1.4,0.26,0,0.487
2021/12/14 11:00,4.4,89,1,2.8,0.21,0,0.674
2021/12/14 12:00,3.9,96,1,3.3,0.2,0,0.564
2021/12/14 13:00,3.9,94,1,3,0.22,0,0.425
2021/12/14 14:00,4.1,96,1,3.5,0.25,0,0.519
2021/12/14 15:00,4.5,94,1,3.6,0.65,0.3,0.637
2021/12/14 16:00,4.5,93,1,3.5,0.32,0.4,0.0595
2021/12/14 17:00,4.9,94,0,4,0.02,0,0
2021/12/14 18:00,4.8,94,0,3.9,0,0,0
2021/12/14 19:00,5.2,94,0,4.3,0,0,0
2021/12/14 20:00,5.5,92,0,4.3,0,0,0
2021/12/14 21:00,5.7,91,0,4.4,0,0,0
2021/12/14 22:00,5.5,90,0,4,0,0,0
2021/12/14 23:00,5.8,89,0,4.1,0,0,0
2021/12/15 0:00,4.9,91,0,3.6,0,0,0
2021/12/15 1:00,4,92,0,2.8,0,0,0
2021/12/15 2:00,4.1,93,0,3.1,0,0,0
2021/12/15 3:00,3.7,91,0,2.4,0,0,0
2021/12/15 4:00,3.6,89,0,2,0,0,0
2021/12/15 5:00,3.3,94,0,2.4,0,0,0
2021/12/15 6:00,3.2,88,0,1.4,0,0,0
2021/12/15 7:00,2.6,94,1,1.7,0.01,0,0.309
2021/12/15 8:00,4.3,85,1,2,0.32,0.7,4.037
2021/12/15 9:00,6.5,75,1,2.4,0.93,1,6.126
2021/12/15 10:00,8.7,67,1,2.9,1.45,1,6.846
2021/12/15 11:00,10.5,61,1,3.3,1.79,1,6.663
2021/12/15 12:00,12.2,52,1,2.6,1.91,1,4.949
2021/12/15 13:00,12.9,41,1,0,1.82,1,4.255
2021/12/15 14:00,13.9,40,1,0.5,1.53,1,2.24
2021/12/15 15:00,12.8,46,1,1.5,1.05,1,0.517
2021/12/15 16:00,11.5,52,1,2,0.45,1,0.0353
2021/12/15 17:00,9.7,75,0,5.5,0.03,0.2,0
2021/12/15 18:00,8.7,78,0,5.1,0,0,0
2021/12/15 19:00,8.5,77,0,4.7,0,0,0
2021/12/15 20:00,8.2,78,0,4.6,0,0,0
2021/12/15 21:00,8.2,77,0,4.4,0,0,0
2021/12/15 22:00,7.1,79,0,3.7,0,0,0
2021/12/15 23:00,7.8,66,0,1.9,0,0,0
2021/12/16 0:00,6.5,70,0,1.4,0,0,0
2021/12/16 1:00,6.2,73,0,1.7,0,0,0
2021/12/16 2:00,6.2,76,0,2.3,0,0,0
2021/12/16 3:00,5.3,84,0,2.8,0,0,0
2021/12/16 4:00,5.4,81,0,2.4,0,0,0
2021/12/16 5:00,5.2,81,0,2.2,0,0,0
2021/12/16 6:00,5.1,78,0,1.6,0,0,0
2021/12/16 7:00,4.7,84,1,2.2,0.01,0,0.297
2021/12/16 8:00,5.7,75,1,1.6,0.3,0.7,3.726
2021/12/16 9:00,8.3,63,1,1.7,0.9,1,5.23
2021/12/16 10:00,9.5,62,1,2.6,1.35,1,5.879
2021/12/16 11:00,11.3,56,1,2.9,1.58,1,6.4
2021/12/16 12:00,12.9,47,1,1.9,1.94,1,4.777
2021/12/16 13:00,13.5,43,1,1.2,1.74,1,4.003
2021/12/16 14:00,14.6,46,1,3.1,1.39,0.9,2.106
2021/12/16 15:00,14.2,55,1,5.3,0.99,1,0.514
2021/12/16 16:00,13.1,64,1,6.5,0.38,0.4,0.0311
2021/12/16 17:00,12.9,71,0,7.8,0.02,0,0
2021/12/16 18:00,11.7,73,0,7,0,0,0
2021/12/16 19:00,11.6,69,0,6.1,0,0,0
2021/12/16 20:00,11.2,68,0,5.5,0,0,0
2021/12/16 21:00,10.7,68,0,5.1,0,0,0
2021/12/16 22:00,10,72,0,5.2,0,0,0
2021/12/16 23:00,9.9,71,0,4.9,0,0,0
2021/12/17 0:00,9.4,70,0,4.2,0,0,0
2021/12/17 1:00,9.4,68,0,3.8,0,0,0
2021/12/17 2:00,9,66,0,3,0,0,0
2021/12/17 3:00,7.7,82,0,4.8,0,0,0
2021/12/17 4:00,8.3,74,0,4,0,0,0
2021/12/17 5:00,8.3,81,0,5.2,0,0,0
2021/12/17 6:00,8,80,0,4.8,0,0,0
2021/12/17 7:00,7.2,87,1,5.2,0,0,0.000153
2021/12/17 8:00,6.5,95,1,5.8,0.02,0,0.0194
2021/12/17 9:00,6.4,97,1,6,0.05,0,0.305
2021/12/17 10:00,6.8,94,1,5.9,0.26,0,1.187
2021/12/17 11:00,8.6,88,1,6.7,0.63,0,1.786
2021/12/17 12:00,10.3,77,1,6.5,0.99,0.3,1.288
2021/12/17 13:00,11.3,80,1,8,0.67,0,1.521
2021/12/17 14:00,11.8,80,1,8.5,0.41,0,0.427
2021/12/17 15:00,11.2,84,1,8.6,0.18,0,0.399
2021/12/17 16:00,11.4,85,1,9,0.21,0.1,0.0699
2021/12/17 17:00,10.5,93,0,9.4,0,0,0
2021/12/17 18:00,9.4,97,0,9,0,0,0
2021/12/17 19:00,9.7,94,0,8.8,0,0,0
2021/12/17 20:00,10.8,73,0,6.2,0,0,0
2021/12/17 21:00,9.5,73,0,4.9,0,0,0
2021/12/17 22:00,6.6,57,0,-1.3,0,0,0
2021/12/17 23:00,6,56,0,-2.1,0,0,0
2021/12/18 0:00,5.1,52,0,-3.9,0,0,0
2021/12/18 1:00,4.8,48,0,-5.3,0,0,0
2021/12/18 2:00,4.2,45,0,-6.7,0,0,0
2021/12/18 3:00,3.5,47,0,-6.7,0,0,0
2021/12/18 4:00,3.2,49,0,-6.5,0,0,0
2021/12/18 5:00,2.7,50,0,-6.7,0,0,0
2021/12/18 6:00,2.7,51,0,-6.4,0,0,0
2021/12/18 7:00,2.7,46,1,-7.8,0.01,0,0.0778
2021/12/18 8:00,3,45,1,-7.8,0.32,0.7,4.189
2021/12/18 9:00,4.8,38,1,-8.3,0.97,1,6.486
2021/12/18 10:00,6.2,35,1,-8.1,1.5,1,7.39
2021/12/18 11:00,7.3,30,1,-9.1,1.84,1,7.267
2021/12/18 12:00,7.7,26,1,-10.6,1.99,1,5.318
2021/12/18 13:00,7.6,29,1,-9.3,1.9,1,4.731
2021/12/18 14:00,7.2,32,1,-8.4,1.59,1,2.596
2021/12/18 15:00,6.8,29,1,-10,1.1,1,0.568
2021/12/18 16:00,5.7,33,1,-9.3,0.5,1,0.0317
2021/12/18 17:00,4.5,37,0,-8.9,0.04,0.2,0
2021/12/18 18:00,4.2,36,0,-9.5,0,0,0
2021/12/18 19:00,3.5,40,0,-8.8,0,0,0
2021/12/18 20:00,3.4,39,0,-9.2,0,0,0
2021/12/18 21:00,2.4,42,0,-9.2,0,0,0
2021/12/18 22:00,2.6,40,0,-9.6,0,0,0
2021/12/18 23:00,3.3,38,0,-9.6,0,0,0
2021/12/19 0:00,3.4,37,0,-9.9,0,0,0
2021/12/19 1:00,2.3,42,0,-9.3,0,0,0
2021/12/19 2:00,0.6,53,0,-7.9,0,0,0
2021/12/19 3:00,0.7,52,0,-8,0,0,0
2021/12/19 4:00,0,58,0,-7.3,0,0,0
2021/12/19 5:00,-0.2,58,0,-7.5,0,0,0
2021/12/19 6:00,-0.5,59,0,-7.5,0,0,0
2021/12/19 7:00,0.7,51,1,-8.3,0.01,0,0.135
2021/12/19 8:00,2.1,48,1,-7.8,0.3,0.7,4.049
2021/12/19 9:00,4.2,47,1,-6.1,0.92,1,6.276
2021/12/19 10:00,4.3,43,1,-7.2,1.45,1,6.953
2021/12/19 11:00,6.8,43,1,-4.9,1.79,1,6.848
2021/12/19 12:00,8.9,47,1,-1.8,1.92,1,5.076
2021/12/19 13:00,9.3,42,1,-2.9,1.83,1,4.49
2021/12/19 14:00,9.4,44,1,-2.2,1.52,1,2.44
2021/12/19 15:00,8.8,46,1,-2.2,1.02,1,0.517
2021/12/19 16:00,7.5,52,1,-1.7,0.45,1,0.024
2021/12/19 17:00,6.2,57,0,-1.7,0.03,0.2,0
2021/12/19 18:00,6.3,52,0,-2.8,0,0,0
2021/12/19 19:00,5.2,57,0,-2.6,0,0,0
2021/12/19 20:00,4,63,0,-2.4,0,0,0
2021/12/19 21:00,4.6,61,0,-2.3,0,0,0
2021/12/19 22:00,4.2,61,0,-2.6,0,0,0
2021/12/19 23:00,4.2,64,0,-2,0,0,0
2021/12/20 0:00,3.2,66,0,-2.5,0,0,0
2021/12/20 1:00,2.6,70,0,-2.3,0,0,0
2021/12/20 2:00,2.2,70,0,-2.7,0,0,0
2021/12/20 3:00,2.3,69,0,-2.8,0,0,0
2021/12/20 4:00,2,75,0,-2,0,0,0
2021/12/20 5:00,1.5,77,0,-2.1,0,0,0
2021/12/20 6:00,1.2,80,0,-1.9,0,0,0
2021/12/20 7:00,1.5,81,1,-1.4,0.01,0,0.159
2021/12/20 8:00,2.9,75,1,-1.1,0.3,0.7,3.96
2021/12/20 9:00,5.5,65,1,-0.5,0.92,1,6.272
2021/12/20 10:00,7.5,55,1,-0.9,1.44,1,6.976
2021/12/20 11:00,9.2,48,1,-1.2,1.78,1,6.835
2021/12/20 12:00,11.1,43,1,-1,1.92,1,4.916
2021/12/20 13:00,11,36,1,-3.5,1.84,1,4.441
2021/12/20 14:00,10.6,49,1,0.4,1.49,1,2.389
2021/12/20 15:00,10.3,41,1,-2.4,0.94,1,0.516
2021/12/20 16:00,9,45,1,-2.3,0.41,1,0.0806
2021/12/20 17:00,7.5,49,0,-2.5,0.04,0.3,0
2021/12/20 18:00,7.9,53,0,-1.1,0,0,0
2021/12/20 19:00,7.4,59,0,-0.1,0,0,0
2021/12/20 20:00,8.4,59,0,0.9,0,0,0
2021/12/20 21:00,9.3,61,0,2.2,0,0,0
2021/12/20 22:00,8.3,66,0,2.3,0,0,0
2021/12/20 23:00,7.4,65,0,1.3,0,0,0
2021/12/21 0:00,6.1,63,0,-0.4,0,0,0
2021/12/21 1:00,4.4,69,0,-0.8,0,0,0
2021/12/21 2:00,4.2,70,0,-0.8,0,0,0
2021/12/21 3:00,3.9,70,0,-1.1,0,0,0
2021/12/21 4:00,3.6,71,0,-1.2,0,0,0
2021/12/21 5:00,2.6,76,0,-1.2,0,0,0
2021/12/21 6:00,2.4,77,0,-1.2,0,0,0
2021/12/21 7:00,3.2,77,1,-0.4,0.01,0,0.162
2021/12/21 8:00,5.9,68,1,0.5,0.29,0.7,3.686
2021/12/21 9:00,8.3,55,1,-0.2,0.9,1,5.898
2021/12/21 10:00,10.7,50,1,0.7,1.41,1,6.626
2021/12/21 11:00,11.8,51,1,2,1.75,1,6.617
2021/12/21 12:00,13.8,44,1,1.8,1.89,1,5.099
2021/12/21 13:00,13.9,41,1,0.9,1.82,1,4.342
2021/12/21 14:00,14.8,43,1,2.4,1.52,1,2.397
2021/12/21 15:00,13.8,52,1,4.1,1.02,1,0.555
2021/12/21 16:00,11.9,63,1,5.1,0.44,1,0.044
2021/12/21 17:00,9.6,74,0,5.2,0.04,0.3,0
2021/12/21 18:00,8.9,81,0,5.8,0,0,0
2021/12/21 19:00,9.3,80,0,6,0,0,0
2021/12/21 20:00,8.9,74,0,4.5,0,0,0
2021/12/21 21:00,8.7,78,0,5.1,0,0,0
2021/12/21 22:00,8.2,80,0,5,0,0,0
2021/12/21 23:00,7.7,71,0,2.8,0,0,0
2021/12/22 0:00,6.7,75,0,2.6,0,0,0
2021/12/22 1:00,6.1,76,0,2.2,0,0,0
2021/12/22 2:00,6.2,79,0,2.8,0,0,0
2021/12/22 3:00,5.6,80,0,2.4,0,0,0
2021/12/22 4:00,6,73,0,1.5,0,0,0
2021/12/22 5:00,8.3,58,0,0.5,0,0,0
2021/12/22 6:00,7.8,62,0,1,0,0,0
2021/12/22 7:00,8.3,58,1,0.5,0,0,0.157
2021/12/22 8:00,9.6,51,1,0,0.28,0.7,3.762
2021/12/22 9:00,10.8,44,1,-1,0.89,1,6.158
2021/12/22 10:00,11.8,44,1,0,1.4,1,6.963
2021/12/22 11:00,12.5,43,1,0.3,1.75,1,6.894
2021/12/22 12:00,13,40,1,-0.3,1.89,1,5.247
2021/12/22 13:00,12.8,36,1,-1.9,1.83,1,3.767
2021/12/22 14:00,12.4,39,1,-1.2,1.15,0.5,1.796
2021/12/22 15:00,11.2,38,1,-2.6,0.96,0.6,0.556
2021/12/22 16:00,10.7,36,1,-3.7,0.34,0.4,0.06
2021/12/22 17:00,9.1,38,0,-4.4,0.04,0.2,0
2021/12/22 18:00,8.5,37,0,-5.3,0,0,0
2021/12/22 19:00,7.8,39,0,-5.3,0,0,0
2021/12/22 20:00,7,43,0,-4.7,0,0,0
2021/12/22 21:00,6.7,46,0,-4.1,0,0,0
2021/12/22 22:00,6.3,46,0,-4.4,0,0,0
2021/12/22 23:00,6.1,46,0,-4.6,0,0,0
2021/12/23 0:00,5.8,45,0,-5.2,0,0,0
2021/12/23 1:00,5.8,44,0,-5.5,0,0,0
2021/12/23 2:00,5.7,43,0,-5.9,0,0,0
2021/12/23 3:00,5.7,43,0,-5.9,0,0,0
2021/12/23 4:00,5.7,43,0,-5.9,0,0,0
2021/12/23 5:00,5.4,45,0,-5.6,0,0,0
2021/12/23 6:00,5.3,44,0,-6,0,0,0
2021/12/23 7:00,5.6,40,1,-6.9,0,0,0.248
2021/12/23 8:00,6.3,38,1,-7,0.28,0.7,3.675
2021/12/23 9:00,8.1,34,1,-6.8,0.88,1,6.073
2021/12/23 10:00,9.1,31,1,-7.1,1.4,1,6.904
2021/12/23 11:00,10.5,29,1,-6.8,1.75,1,6.965
2021/12/23 12:00,11.3,28,1,-6.5,1.92,1,4.716
2021/12/23 13:00,12.5,27,1,-6,1.86,1,4.482
2021/12/23 14:00,12,29,1,-5.5,1.6,1,2.465
2021/12/23 15:00,11.5,29,1,-5.9,1.06,1,0.533
2021/12/23 16:00,11,33,1,-4.6,0.46,0.7,0.0856
2021/12/23 17:00,9.2,37,0,-4.7,0.04,0,0
2021/12/23 18:00,8.2,43,0,-3.6,0,0,0
2021/12/23 19:00,8.5,54,0,-0.3,0,0,0
2021/12/23 20:00,8.9,54,0,0.1,0,0,0
2021/12/23 21:00,8.6,57,0,0.6,0,0,0
2021/12/23 22:00,8.5,54,0,-0.3,0,0,0
2021/12/23 23:00,8.3,56,0,0.1,0,0,0
2021/12/24 0:00,8,58,0,0.3,0,0,0
2021/12/24 1:00,7.4,62,0,0.6,0,0,0
2021/12/24 2:00,6.1,63,0,-0.4,0,0,0
2021/12/24 3:00,5.5,63,0,-1,0,0,0
2021/12/24 4:00,4.5,66,0,-1.3,0,0,0
2021/12/24 5:00,4.5,60,0,-2.6,0,0,0
2021/12/24 6:00,4.3,60,0,-2.8,0,0,0
2021/12/24 7:00,3.9,63,1,-2.5,0.01,0,0.349
2021/12/24 8:00,5.1,60,1,-2,0.25,0.6,3.121
2021/12/24 9:00,6.6,54,1,-2,0.74,1,5.425
2021/12/24 10:00,8.2,47,1,-2.4,1.29,1,6.381
2021/12/24 11:00,10.1,45,1,-1.3,1.82,1,6.665
2021/12/24 12:00,11.4,43,1,-0.7,2.08,1,4.485
2021/12/24 13:00,12.1,40,1,-1.1,2.09,1,4.789
2021/12/24 14:00,12.7,44,1,0.8,1.6,1,2.391
2021/12/24 15:00,11.9,46,1,0.7,1,1,0.633
2021/12/24 16:00,9.8,61,1,2.6,0.44,1,0.065
2021/12/24 17:00,8.6,59,0,1.1,0.04,0.2,0
2021/12/24 18:00,9.8,58,0,1.9,0,0,0
2021/12/24 19:00,9,64,0,2.6,0,0,0
2021/12/24 20:00,9.6,64,0,3.1,0,0,0
2021/12/24 21:00,8.7,63,0,2.1,0,0,0
2021/12/24 22:00,8.4,64,0,2,0,0,0
2021/12/24 23:00,8.6,62,0,1.7,0,0,0
2021/12/25 0:00,6.2,91,0,4.9,0,0,0
2021/12/25 1:00,6.5,91,0,5.2,0,0,0
2021/12/25 2:00,5.7,98,0,5.4,0,0,0
2021/12/25 3:00,6.1,99,0,6,0,0,0
2021/12/25 4:00,6.7,99,0,6.6,0,0,0
2021/12/25 5:00,6.8,100,0,6.8,0,0,0
2021/12/25 6:00,6.7,100,0,6.7,0,0,0
2021/12/25 7:00,6.8,100,1,6.8,0,0,0.0372
2021/12/25 8:00,7,100,1,7,0.03,0,0.338
2021/12/25 9:00,7.7,100,1,7.7,0.2,0,3.855
2021/12/25 10:00,9.7,85,1,7.3,1.05,0.6,6.477
2021/12/25 11:00,11.6,71,1,6.5,1.71,1,6.326
2021/12/25 12:00,13.1,60,1,5.5,1.86,1,4.606
2021/12/25 13:00,13.3,54,1,4.2,1.81,1,4.09
2021/12/25 14:00,12.8,58,1,4.8,1.37,0.9,1.795
2021/12/25 15:00,12.6,63,1,5.8,0.32,0,0.245
2021/12/25 16:00,11.2,44,1,-0.6,0.13,0,0.0149
2021/12/25 17:00,9.4,39,0,-3.8,0.03,0,0
2021/12/25 18:00,8.5,37,0,-5.3,0,0,0
2021/12/25 19:00,7.7,36,0,-6.4,0,0,0
2021/12/25 20:00,7.4,40,0,-5.3,0,0,0
2021/12/25 21:00,6.7,46,0,-4.1,0,0,0
2021/12/25 22:00,5.9,39,0,-7,0,0,0
2021/12/25 23:00,5.1,40,0,-7.4,0,0,0
2021/12/26 0:00,4.7,37,0,-8.7,0,0,0
2021/12/26 1:00,4.1,39,0,-8.6,0,0,0
2021/12/26 2:00,3.8,37,0,-9.5,0,0,0
2021/12/26 3:00,3.4,38,0,-9.6,0,0,0
2021/12/26 4:00,3.1,40,0,-9.2,0,0,0
2021/12/26 5:00,2.6,40,0,-9.6,0,0,0
2021/12/26 6:00,2,41,0,-9.9,0,0,0
2021/12/26 7:00,1.7,43,1,-9.5,0,0,0.131
2021/12/26 8:00,2.6,36,1,-11,0.28,0.6,3.657
2021/12/26 9:00,3.9,33,1,-10.9,0.92,1,6.651
2021/12/26 10:00,5.8,31,1,-10,1.47,1,6.926
2021/12/26 11:00,6.6,29,1,-10.1,1.84,1,7.35
2021/12/26 12:00,6.7,25,1,-11.9,2,1,5.595
2021/12/26 13:00,7.4,27,1,-10.4,1.93,1,5.059
2021/12/26 14:00,6.1,24,1,-13,1.65,1,2.497
2021/12/26 15:00,5.1,26,1,-12.8,0.67,0.5,0.674
2021/12/26 16:00,4.1,36,1,-9.6,0.33,0.6,0.0363
2021/12/26 17:00,3.4,34,0,-11,0.04,0.1,0
2021/12/26 18:00,3.1,30,0,-12.8,0,0,0
2021/12/26 19:00,2.3,34,0,-11.9,0,0,0
2021/12/26 20:00,1.9,37,0,-11.2,0,0,0
2021/12/26 21:00,1.6,40,0,-10.5,0,0,0
2021/12/26 22:00,1,43,0,-10.2,0,0,0
2021/12/26 23:00,0.4,46,0,-9.9,0,0,0
2021/12/27 0:00,0.1,47,0,-9.9,0,0,0
2021/12/27 1:00,0,46,0,-10.2,0,0,0
2021/12/27 2:00,-0.6,47,0,-10.5,0,0,0
2021/12/27 3:00,-0.3,45,0,-10.8,0,0,0
2021/12/27 4:00,-1.2,46,0,-11.3,0,0,0
2021/12/27 5:00,-2.1,55,0,-9.9,0,0,0
2021/12/27 6:00,-1.7,51,0,-10.5,0,0,0
2021/12/27 7:00,-1.3,45,1,-11.7,0,0,0.111
2021/12/27 8:00,0.3,39,1,-12,0.29,0.6,3.841
2021/12/27 9:00,3.9,26,1,-13.8,0.95,1,6.537
2021/12/27 10:00,5.2,23,1,-14.2,1.49,1,7.382
2021/12/27 11:00,6.8,22,1,-13.4,1.85,1,7.269
2021/12/27 12:00,7,22,1,-13.3,2.02,1,5.671
2021/12/27 13:00,7.3,21,1,-13.6,1.81,0.9,4.817
2021/12/27 14:00,6.9,21,1,-13.9,1.5,0.9,2.333
2021/12/27 15:00,6.1,34,1,-8.6,0.93,0.8,0.38
2021/12/27 16:00,5.3,40,1,-7.2,0.54,1,0.0345
2021/12/27 17:00,4.2,45,0,-6.7,0.06,0.3,0
2021/12/27 18:00,3.4,48,0,-6.6,0,0,0
2021/12/27 19:00,3.9,47,0,-6.4,0,0,0
2021/12/27 20:00,5.1,40,0,-7.4,0,0,0
2021/12/27 21:00,2.5,41,0,-9.4,0,0,0
2021/12/27 22:00,1.5,47,0,-8.6,0,0,0
2021/12/27 23:00,1.4,51,0,-7.6,0,0,0
2021/12/28 0:00,1.3,49,0,-8.2,0,0,0
2021/12/28 1:00,0.4,55,0,-7.6,0,0,0
2021/12/28 2:00,1.1,54,0,-7.2,0,0,0
2021/12/28 3:00,-0.3,65,0,-6.1,0,0,0
2021/12/28 4:00,-1.2,73,0,-5.4,0,0,0
2021/12/28 5:00,0.1,70,0,-4.7,0,0,0
2021/12/28 6:00,-0.2,71,0,-4.8,0,0,0
2021/12/28 7:00,-0.3,74,1,-4.3,0,0,0.202
2021/12/28 8:00,1.3,65,1,-4.5,0.27,0.6,3.83
2021/12/28 9:00,3.9,52,1,-5,0.91,1,6.402
2021/12/28 10:00,5.6,40,1,-6.9,1.45,1,7.227
2021/12/28 11:00,7.6,38,1,-5.8,1.82,1,7.251
2021/12/28 12:00,8,34,1,-6.9,1.98,1,5.178
2021/12/28 13:00,8.7,26,1,-9.7,1.91,1,4.743
2021/12/28 14:00,8.5,28,1,-9,1.62,1,2.729
2021/12/28 15:00,7.8,31,1,-8.3,1.14,1,0.674
2021/12/28 16:00,6.6,36,1,-7.4,0.54,1,0.0475
2021/12/28 17:00,6,35,0,-8.3,0.05,0.2,0
2021/12/28 18:00,5.6,36,0,-8.3,0,0,0
2021/12/28 19:00,5,40,0,-7.5,0,0,0
2021/12/28 20:00,4.3,45,0,-6.6,0,0,0
2021/12/28 21:00,3.6,48,0,-6.4,0,0,0
2021/12/28 22:00,3.1,51,0,-6,0,0,0
2021/12/28 23:00,2.9,52,0,-6,0,0,0
2021/12/29 0:00,3.1,52,0,-5.8,0,0,0
2021/12/29 1:00,2.2,57,0,-5.4,0,0,0
2021/12/29 2:00,2.5,55,0,-5.6,0,0,0
2021/12/29 3:00,1.8,56,0,-6,0,0,0
2021/12/29 4:00,1.3,60,0,-5.6,0,0,0
2021/12/29 5:00,1.6,58,0,-5.8,0,0,0
2021/12/29 6:00,1.6,60,0,-5.3,0,0,0
2021/12/29 7:00,1.5,56,1,-6.3,0,0,0.562
2021/12/29 8:00,2,57,1,-5.6,0.23,0.3,2.2
2021/12/29 9:00,3.5,54,1,-4.9,0.67,0.7,4.783
2021/12/29 10:00,5,51,1,-4.3,1.15,0.7,6.121
2021/12/29 11:00,5.7,45,1,-5.3,1.63,0.9,5.007
2021/12/29 12:00,6.1,44,1,-5.2,2,1,3.197
2021/12/29 13:00,7.3,44,1,-4.1,1.61,1,3.574
2021/12/29 14:00,8,48,1,-2.3,1.45,0.9,2.875
2021/12/29 15:00,7.8,49,1,-2.2,1.16,1,0.669
2021/12/29 16:00,7.2,53,1,-1.7,0.5,1,0.0602
2021/12/29 17:00,5.5,54,0,-3.1,0.05,0.3,0
2021/12/29 18:00,4,62,0,-2.6,0,0,0
2021/12/29 19:00,4.5,57,0,-3.3,0,0,0
2021/12/29 20:00,3.9,60,0,-3.1,0,0,0
2021/12/29 21:00,5.2,54,0,-3.3,0,0,0
2021/12/29 22:00,5.4,52,0,-3.6,0,0,0
2021/12/29 23:00,4.1,59,0,-3.2,0,0,0
2021/12/30 0:00,4.1,54,0,-4.4,0,0,0
2021/12/30 1:00,3.4,54,0,-5,0,0,0
2021/12/30 2:00,2.3,60,0,-4.6,0,0,0
2021/12/30 3:00,1.6,65,0,-4.2,0,0,0
2021/12/30 4:00,1.3,68,0,-3.9,0,0,0
2021/12/30 5:00,2.5,61,0,-4.2,0,0,0
2021/12/30 6:00,1,71,0,-3.6,0,0,0
2021/12/30 7:00,0.9,72,1,-3.6,0,0,0.211
2021/12/30 8:00,2,65,1,-3.9,0.25,0.6,3.539
2021/12/30 9:00,5,56,1,-3,0.87,1,6.098
2021/12/30 10:00,7.6,47,1,-3,1.41,1,6.822
2021/12/30 11:00,10,43,1,-2,1.78,1,6.75
2021/12/30 12:00,12.6,40,1,-0.6,1.93,1,5.134
2021/12/30 13:00,14.1,38,1,0,1.87,1,4.466
2021/12/30 14:00,14,35,1,-1.2,1.6,1,2.819
2021/12/30 15:00,12.5,31,1,-4.1,0.83,0.5,0.435
2021/12/30 16:00,12.1,28,1,-5.8,0.31,0.1,0.172
2021/12/30 17:00,9.9,40,0,-3,0.13,0.3,0
2021/12/30 18:00,7.5,52,0,-1.7,0,0,0
2021/12/30 19:00,7.1,55,0,-1.3,0,0,0
2021/12/30 20:00,6.5,57,0,-1.4,0,0,0
2021/12/30 21:00,5,62,0,-1.7,0,0,0
2021/12/30 22:00,5.5,58,0,-2.1,0,0,0
2021/12/30 23:00,5.4,58,0,-2.2,0,0,0
2021/12/31 0:00,5.6,56,0,-2.5,0,0,0
2021/12/31 1:00,4.1,68,0,-1.3,0,0,0
2021/12/31 2:00,3.8,72,0,-0.8,0,0,0
2021/12/31 3:00,4,67,0,-1.6,0,0,0
2021/12/31 4:00,3.1,68,0,-2.2,0,0,0
2021/12/31 5:00,4,65,0,-2,0,0,0
2021/12/31 6:00,3.6,60,0,-3.4,0,0,0
2021/12/31 7:00,2.6,64,1,-3.5,0,0,0.313
2021/12/31 8:00,2.3,63,1,-4,0.16,0.3,3.665
2021/12/31 9:00,4.1,47,1,-6.2,0.91,1,5.217
2021/12/31 10:00,5.3,42,1,-6.6,1.42,1,7.239
2021/12/31 11:00,5.3,40,1,-7.2,1.67,1,3.783
2021/12/31 12:00,5.4,42,1,-6.5,0.7,0.2,1.305
2021/12/31 13:00,5,41,1,-7.1,0.5,0,1.275
2021/12/31 14:00,4.5,43,1,-7,0.35,0,1.394
2021/12/31 15:00,4.5,38,1,-8.6,0.27,0,0.821
2021/12/31 16:00,4.1,39,1,-8.6,0.27,0.1,0.0351
2021/12/31 17:00,3.3,39,0,-9.3,0.05,0.1,0
2021/12/31 18:00,2.6,43,0,-8.7,0,0,0
2021/12/31 19:00,1.5,49,0,-8,0,0,0
2021/12/31 20:00,1,50,0,-8.2,0,0,0
2021/12/31 21:00,1.4,44,0,-9.5,0,0,0
2021/12/31 22:00,0.7,47,0,-9.3,0,0,0
2021/12/31 23:00,0.6,43,0,-10.5,0,0,0
2022/1/1 0:00,0.1,44,0,-10.7,0,0,0
2022/1/1 1:00,0.7,40,0,-11.4,0,0,0
2022/1/1 2:00,0.5,41,0,-11.2,0,0,0
2022/1/1 3:00,0.5,40,0,-11.5,0,0,0
2022/1/1 4:00,0.3,41,0,-11.4,0,0,0
2022/1/1 5:00,-0.2,43,0,-11.3,0,0,0
2022/1/1 6:00,-0.2,41,0,-11.9,0,0,0
2022/1/1 7:00,-0.5,40,1,-12.4,0,0,0.144
2022/1/1 8:00,1.5,36,1,-11.9,0.26,0.5,3.781
2022/1/1 9:00,3.8,35,1,-10.2,0.93,1,6.646
2022/1/1 10:00,5,33,1,-9.9,1.48,1,7.427
2022/1/1 11:00,6.1,28,1,-11,1.87,1,7.478
2022/1/1 12:00,6.8,24,1,-12.4,2.04,1,5.552
2022/1/1 13:00,7.3,24,1,-11.9,1.98,1,5.06
2022/1/1 14:00,7.1,24,1,-12.1,1.7,1,2.941
2022/1/1 15:00,6.3,24,1,-12.8,1.22,1,0.757
2022/1/1 16:00,5.6,24,1,-13.4,0.61,1,0.0562
2022/1/1 17:00,4.9,24,0,-14,0.08,0.3,0
2022/1/1 18:00,4.4,28,0,-12.5,0,0,0
2022/1/1 19:00,3.6,30,0,-12.4,0,0,0
2022/1/1 20:00,3,31,0,-12.5,0,0,0
2022/1/1 21:00,3.5,29,0,-12.9,0,0,0
2022/1/1 22:00,3.8,29,0,-12.6,0,0,0
2022/1/1 23:00,3.9,31,0,-11.7,0,0,0
2022/1/2 0:00,3,33,0,-11.7,0,0,0
2022/1/2 1:00,2.6,37,0,-10.6,0,0,0
2022/1/2 2:00,1.8,41,0,-10,0,0,0
2022/1/2 3:00,2.2,41,0,-9.7,0,0,0
2022/1/2 4:00,1.3,44,0,-9.6,0,0,0
2022/1/2 5:00,0.9,49,0,-8.6,0,0,0
2022/1/2 6:00,0.9,50,0,-8.3,0,0,0
2022/1/2 7:00,0.9,54,1,-7.3,0,0,0.116
2022/1/2 8:00,1.4,56,1,-6.4,0.11,0,0.9
2022/1/2 9:00,2.2,50,1,-7.1,0.33,0,1.242
2022/1/2 10:00,3.2,45,1,-7.6,0.85,0.2,4.246
2022/1/2 11:00,4.9,39,1,-7.9,1.86,0.9,4.674
2022/1/2 12:00,6.8,39,1,-6.2,1.76,0.8,5.074
2022/1/2 13:00,7.3,36,1,-6.8,1.88,1,4.776
2022/1/2 14:00,6.8,42,1,-5.2,1.6,1,2.723
2022/1/2 15:00,6.7,52,1,-2.4,1.13,1,0.724
2022/1/2 16:00,6.8,60,1,-0.4,0.55,1,0.0742
2022/1/2 17:00,5.7,69,0,0.5,0.07,0.3,0
2022/1/2 18:00,4.9,76,0,1,0,0,0
2022/1/2 19:00,3.7,80,0,0.6,0,0,0
2022/1/2 20:00,4.6,59,0,-2.7,0,0,0
2022/1/2 21:00,4.4,51,0,-4.8,0,0,0
2022/1/2 22:00,2,60,0,-4.9,0,0,0
2022/1/2 23:00,1.6,62,0,-4.9,0,0,0
2022/1/3 0:00,1.4,60,0,-5.5,0,0,0
2022/1/3 1:00,2.6,61,0,-4.1,0,0,0
2022/1/3 2:00,2.6,62,0,-3.9,0,0,0
2022/1/3 3:00,2.1,66,0,-3.6,0,0,0
2022/1/3 4:00,3.4,58,0,-4.1,0,0,0
2022/1/3 5:00,3.9,52,0,-5,0,0,0
2022/1/3 6:00,2.9,54,0,-5.5,0,0,0
2022/1/3 7:00,3.2,50,1,-6.2,0,0,0.15
2022/1/3 8:00,4.2,47,1,-6.1,0.25,0.5,3.705
2022/1/3 9:00,5.7,44,1,-5.6,0.9,1,5.894
2022/1/3 10:00,6.5,43,1,-5.2,0.97,0.6,7.306
2022/1/3 11:00,9,35,1,-5.6,1.69,0.7,7.071
2022/1/3 12:00,9.7,33,1,-5.8,2,1,5.513
2022/1/3 13:00,10.1,38,1,-3.6,1.92,1,4.544
2022/1/3 14:00,9.6,38,1,-4,1.63,1,2.72
2022/1/3 15:00,8.8,44,1,-2.8,1.15,1,0.784
2022/1/3 16:00,8.2,51,1,-1.3,0.54,1,0.0683
2022/1/3 17:00,6.3,61,0,-0.7,0.06,0.3,0
2022/1/3 18:00,5.5,68,0,0.1,0,0,0
2022/1/3 19:00,5.9,61,0,-1,0,0,0
2022/1/3 20:00,5.2,69,0,0,0,0,0
2022/1/3 21:00,5.1,75,0,1,0,0,0
2022/1/3 22:00,4.5,81,0,1.5,0,0,0
2022/1/3 23:00,4.5,76,0,0.7,0,0,0
2022/1/4 0:00,3.6,80,0,0.5,0,0,0
2022/1/4 1:00,2.8,83,0,0.2,0,0,0
2022/1/4 2:00,2.5,78,0,-0.9,0,0,0
2022/1/4 3:00,2.2,73,0,-2.1,0,0,0
2022/1/4 4:00,1.4,77,0,-2.2,0,0,0
2022/1/4 5:00,1,80,0,-2.1,0,0,0
2022/1/4 6:00,0.8,81,0,-2.1,0,0,0
2022/1/4 7:00,1,82,1,-1.7,0,0,0.196
2022/1/4 8:00,3.1,74,1,-1.1,0.24,0.5,3.629
2022/1/4 9:00,7.1,61,1,0.1,0.89,1,6.243
2022/1/4 10:00,8.6,50,1,-1.2,1.43,1,6.935
2022/1/4 11:00,10.2,40,1,-2.8,1.8,1,6.898
2022/1/4 12:00,11.2,40,1,-1.9,1.97,1,5.586
2022/1/4 13:00,12.1,37,1,-2.1,1.91,1,4.664
2022/1/4 14:00,10.1,36,1,-4.3,1.66,1,2.883
2022/1/4 15:00,8.6,34,1,-6.4,1.16,1,0.784
2022/1/4 16:00,7.4,36,1,-6.7,0.61,1,0.0541
2022/1/4 17:00,6.5,38,0,-6.8,0.09,0.4,0
2022/1/4 18:00,5.6,42,0,-6.3,0,0,0
2022/1/4 19:00,4.8,46,0,-5.8,0,0,0
2022/1/4 20:00,4.3,49,0,-5.5,0,0,0
2022/1/4 21:00,3.3,52,0,-5.6,0,0,0
2022/1/4 22:00,3.3,51,0,-5.9,0,0,0
2022/1/4 23:00,3.2,47,0,-7,0,0,0
2022/1/5 0:00,2.9,46,0,-7.6,0,0,0
2022/1/5 1:00,3.1,43,0,-8.3,0,0,0
2022/1/5 2:00,3.1,41,0,-8.9,0,0,0
2022/1/5 3:00,2.9,39,0,-9.7,0,0,0
2022/1/5 4:00,3.5,33,0,-11.3,0,0,0
2022/1/5 5:00,2.3,39,0,-10.2,0,0,0
2022/1/5 6:00,1.6,41,0,-10.2,0,0,0
2022/1/5 7:00,1.2,42,1,-10.3,0,0,0.164
2022/1/5 8:00,2.4,40,1,-9.8,0.25,0.5,3.852
2022/1/5 9:00,4.1,35,1,-10,0.92,1,6.62
2022/1/5 10:00,5.8,32,1,-9.6,1.47,1,7.407
2022/1/5 11:00,6.9,28,1,-10.3,1.85,1,7.393
2022/1/5 12:00,7.7,27,1,-10.1,2.03,1,5.625
2022/1/5 13:00,8,28,1,-9.4,1.98,1,5.029
2022/1/5 14:00,7.9,28,1,-9.5,1.7,1,2.876
2022/1/5 15:00,6.7,31,1,-9.2,1.22,1,0.79
2022/1/5 16:00,5.8,34,1,-8.8,0.62,1,0.0603
2022/1/5 17:00,5.3,33,0,-9.7,0.09,0.4,0
2022/1/5 18:00,4.4,36,0,-9.4,0,0,0
2022/1/5 19:00,4.2,35,0,-9.9,0,0,0
2022/1/5 20:00,3.2,34,0,-11.1,0,0,0
2022/1/5 21:00,3,35,0,-11,0,0,0
2022/1/5 22:00,2.3,40,0,-9.9,0,0,0
2022/1/5 23:00,1.2,51,0,-7.8,0,0,0
2022/1/6 0:00,1.1,54,0,-7.2,0,0,0
2022/1/6 1:00,1.7,51,0,-7.3,0,0,0
2022/1/6 2:00,1.5,50,0,-7.8,0,0,0
2022/1/6 3:00,1.4,49,0,-8.1,0,0,0
2022/1/6 4:00,1.5,48,0,-8.3,0,0,0
2022/1/6 5:00,1.5,49,0,-8,0,0,0
2022/1/6 6:00,1.2,50,0,-8.1,0,0,0
2022/1/6 7:00,1.6,48,1,-8.2,0,0,0.00015
2022/1/6 8:00,1.9,50,1,-7.4,0.06,0,0
2022/1/6 9:00,2.1,51,1,-7,0.2,0,0
2022/1/6 10:00,2.3,48,1,-7.6,0.36,0,0.659
2022/1/6 11:00,2.4,52,1,-6.4,0.3,0,0.874
2022/1/6 12:00,1.5,66,1,-4.1,0.34,0,0.582
2022/1/6 13:00,0,89,1,-1.6,0.27,0,0.133
2022/1/6 14:00,-0.3,94,1,-1.1,0.17,0,0.0261
2022/1/6 15:00,-0.3,96,1,-0.9,0.09,0,0
2022/1/6 16:00,-0.2,97,1,-0.6,0.04,0,0
2022/1/6 17:00,-0.2,97,0,-0.6,0.01,0,0
2022/1/6 18:00,0.2,97,0,-0.2,0,0,0
2022/1/6 19:00,0.2,97,0,-0.2,0,0,0
2022/1/6 20:00,0.2,97,0,-0.2,0,0,0
2022/1/6 21:00,-0.7,97,0,-1.1,0,0,0
2022/1/6 22:00,-0.4,97,0,-0.8,0,0,0
2022/1/6 23:00,-1.3,98,0,-1.6,0,0,0
2022/1/7 0:00,-0.8,98,0,-1.1,0,0,0
2022/1/7 1:00,-1.9,98,0,-2.2,0,0,0
2022/1/7 2:00,-2.2,98,0,-2.5,0,0,0
2022/1/7 3:00,-1.8,97,0,-2.2,0,0,0
2022/1/7 4:00,-2.9,96,0,-3.4,0,0,0
2022/1/7 5:00,-3.1,97,0,-3.5,0,0,0
2022/1/7 6:00,-3.1,97,0,-3.5,0,0,0
2022/1/7 7:00,-1.6,93,1,-2.6,0,0,0.000157
2022/1/7 8:00,0.3,87,1,-1.6,0.24,0.5,0.074
2022/1/7 9:00,2.1,71,1,-2.6,0.91,1,0.152
2022/1/7 10:00,3.6,68,1,-1.7,1.48,1,1.479
2022/1/7 11:00,5.1,57,1,-2.7,1.88,1,4.837
2022/1/7 12:00,6.8,46,1,-4,2.03,1,5.847
2022/1/7 13:00,7.8,40,1,-4.9,1.98,1,5.242
2022/1/7 14:00,7.9,37,1,-5.9,1.7,1,3.089
2022/1/7 15:00,7,39,1,-6,1.24,1,0.856
2022/1/7 16:00,6.3,39,1,-6.6,0.63,1,0.0736
2022/1/7 17:00,5.5,40,0,-7,0.09,0.4,0
2022/1/7 18:00,4.3,48,0,-5.7,0,0,0
2022/1/7 19:00,4.4,45,0,-6.5,0,0,0
2022/1/7 20:00,4.3,44,0,-6.9,0,0,0
2022/1/7 21:00,3.3,47,0,-6.9,0,0,0
2022/1/7 22:00,3.9,45,0,-6.9,0,0,0
2022/1/7 23:00,3.3,47,0,-6.9,0,0,0
2022/1/8 0:00,3,48,0,-6.9,0,0,0
2022/1/8 1:00,2.7,48,0,-7.2,0,0,0
2022/1/8 2:00,2.7,47,0,-7.5,0,0,0
2022/1/8 3:00,2.7,48,0,-7.2,0,0,0
2022/1/8 4:00,2.2,50,0,-7.1,0,0,0
2022/1/8 5:00,1.5,52,0,-7.3,0,0,0
2022/1/8 6:00,1,59,0,-6.1,0,0,0
2022/1/8 7:00,1.1,60,1,-5.8,0,0,0.187
2022/1/8 8:00,2,56,1,-5.8,0.23,0.5,3.799
2022/1/8 9:00,4.1,47,1,-6.2,0.89,1,6.419
2022/1/8 10:00,5.6,43,1,-6,1.44,1,7.164
2022/1/8 11:00,7.5,42,1,-4.6,1.82,1,7.087
2022/1/8 12:00,7.8,38,1,-5.6,2,1,5.185
2022/1/8 13:00,8.7,36,1,-5.5,1.94,1,4.87
2022/1/8 14:00,8.7,36,1,-5.5,1.66,1,2.877
2022/1/8 15:00,8.6,39,1,-4.6,1.18,1,0.862
2022/1/8 16:00,7.7,46,1,-3.2,0.59,1,0.0908
2022/1/8 17:00,5.1,58,0,-2.5,0.09,0.4,0
2022/1/8 18:00,4.1,59,0,-3.2,0,0,0
2022/1/8 19:00,4.1,61,0,-2.7,0,0,0
2022/1/8 20:00,3.9,62,0,-2.7,0,0,0
2022/1/8 21:00,3.7,68,0,-1.6,0,0,0
2022/1/8 22:00,3.8,68,0,-1.6,0,0,0
2022/1/8 23:00,4.7,67,0,-0.9,0,0,0
2022/1/9 0:00,3.2,70,0,-1.7,0,0,0
2022/1/9 1:00,2,68,0,-3.3,0,0,0
2022/1/9 2:00,1.1,71,0,-3.6,0,0,0
2022/1/9 3:00,0.4,72,0,-4,0,0,0
2022/1/9 4:00,0,75,0,-3.9,0,0,0
2022/1/9 5:00,0.5,69,0,-4.5,0,0,0
2022/1/9 6:00,-0.2,75,0,-4.1,0,0,0
2022/1/9 7:00,0.3,74,1,-3.8,0,0,0.148
2022/1/9 8:00,2.7,66,1,-3,0.24,0.5,3.679
2022/1/9 9:00,5.8,58,1,-1.8,0.9,1,6.41
2022/1/9 10:00,7.4,50,1,-2.3,1.45,1,7.094
2022/1/9 11:00,9.9,44,1,-1.8,1.85,1,7.155
2022/1/9 12:00,11.5,33,1,-4.2,2.05,1,5.857
2022/1/9 13:00,12.6,27,1,-5.9,2,1,4.995
2022/1/9 14:00,13.1,26,1,-6,1.67,1,2.063
2022/1/9 15:00,12.6,24,1,-7.4,0.9,0.9,0.525
2022/1/9 16:00,9.9,39,1,-3.4,0.24,0,0.145
2022/1/9 17:00,8.7,42,0,-3.5,0.06,0,0
2022/1/9 18:00,7.3,50,0,-2.4,0,0,0
2022/1/9 19:00,7.2,48,0,-3.1,0,0,0
2022/1/9 20:00,8.4,48,0,-2,0,0,0
2022/1/9 21:00,8.1,47,0,-2.5,0,0,0
2022/1/9 22:00,8,53,0,-1,0,0,0
2022/1/9 23:00,6.8,62,0,0.1,0,0,0
2022/1/10 0:00,6.9,60,0,-0.3,0,0,0
2022/1/10 1:00,7,58,0,-0.7,0,0,0
2022/1/10 2:00,7.5,55,0,-0.9,0,0,0
2022/1/10 3:00,7.2,57,0,-0.7,0,0,0
2022/1/10 4:00,7.2,57,0,-0.7,0,0,0
2022/1/10 5:00,6.9,57,0,-1,0,0,0
2022/1/10 6:00,6.6,58,0,-1.1,0,0,0
2022/1/10 7:00,7.4,56,1,-0.8,0,0,0.0134
2022/1/10 8:00,7.4,56,1,-0.8,0.03,0,0.0574
2022/1/10 9:00,7.8,55,1,-0.7,0.16,0,0.894
2022/1/10 10:00,8,56,1,-0.2,0.31,0,1.152
2022/1/10 11:00,8.2,57,1,0.2,0.37,0,1.191
2022/1/10 12:00,8.4,56,1,0.2,0.66,0,1.683
2022/1/10 13:00,8.7,57,1,0.7,0.48,0,1.47
2022/1/10 14:00,9.3,54,1,0.5,0.65,0,1.336
2022/1/10 15:00,9.2,58,1,1.4,0.44,0,0.572
2022/1/10 16:00,8.9,63,1,2.3,0.42,0.2,0.149
2022/1/10 17:00,7.9,66,0,2,0.08,0.1,0
2022/1/10 18:00,7.4,65,0,1.3,0,0,0
2022/1/10 19:00,7.6,66,0,1.7,0,0,0
2022/1/10 20:00,7.8,66,0,1.9,0,0,0
2022/1/10 21:00,7.6,67,0,1.9,0,0,0
2022/1/10 22:00,7.1,70,0,2,0,0,0
2022/1/10 23:00,6.7,72,0,2,0,0,0
2022/1/11 0:00,6.9,69,0,1.6,0,0,0
2022/1/11 1:00,7.2,67,0,1.5,0,0,0
2022/1/11 2:00,7.1,67,0,1.4,0,0,0
2022/1/11 3:00,6.7,71,0,1.8,0,0,0
2022/1/11 4:00,6.8,69,0,1.5,0,0,0
2022/1/11 5:00,6.4,71,0,1.5,0,0,0
2022/1/11 6:00,5.1,88,0,3.3,0,0,0
2022/1/11 7:00,4.6,96,1,4,0,0,0.00952
2022/1/11 8:00,4.3,96,1,3.7,0.02,0,0.199
2022/1/11 9:00,4.6,96,1,4,0.12,0,0.42
2022/1/11 10:00,5.1,96,1,4.5,0.22,0,1.071
2022/1/11 11:00,5.3,97,1,4.9,0.29,0,1.363
2022/1/11 12:00,5.6,94,1,4.7,0.29,0,0.608
2022/1/11 13:00,5.5,96,1,4.9,0.27,0,0.238
2022/1/11 14:00,5.6,98,1,5.3,0.11,0,0.408
2022/1/11 15:00,5.8,98,1,5.5,0.14,0,0.309
2022/1/11 16:00,5.2,98,1,4.9,0.07,0,0.00923
2022/1/11 17:00,5.4,99,0,5.3,0.01,0,0
2022/1/11 18:00,5.4,100,0,5.4,0,0,0
2022/1/11 19:00,5.5,100,0,5.5,0,0,0
2022/1/11 20:00,5.7,100,0,5.7,0,0,0
2022/1/11 21:00,6,100,0,6,0,0,0
2022/1/11 22:00,6.4,98,0,6.1,0,0,0
2022/1/11 23:00,5.6,96,0,5,0,0,0
2022/1/12 0:00,4.8,98,0,4.5,0,0,0
2022/1/12 1:00,5.5,86,0,3.4,0,0,0
2022/1/12 2:00,5,69,0,-0.2,0,0,0
2022/1/12 3:00,5.1,61,0,-1.8,0,0,0
2022/1/12 4:00,5,59,0,-2.3,0,0,0
2022/1/12 5:00,3.2,69,0,-1.9,0,0,0
2022/1/12 6:00,3.4,61,0,-3.4,0,0,0
2022/1/12 7:00,2.9,60,1,-4.1,0,0,0.137
2022/1/12 8:00,3.1,62,1,-3.5,0.25,0.5,3.919
2022/1/12 9:00,4.9,50,1,-4.6,0.94,1,6.803
2022/1/12 10:00,6.3,39,1,-6.6,1.5,1,7.595
2022/1/12 11:00,7.4,35,1,-7.1,1.9,1,7.646
2022/1/12 12:00,7.9,35,1,-6.6,2.08,1,6.044
2022/1/12 13:00,8,33,1,-7.3,2.04,1,5.379
2022/1/12 14:00,7.7,30,1,-8.8,1.78,1,3.253
2022/1/12 15:00,6.8,31,1,-9.1,1.31,1,0.972
2022/1/12 16:00,6.3,31,1,-9.6,0.7,1,0.0878
2022/1/12 17:00,5.4,33,0,-9.6,0.13,0.6,0
2022/1/12 18:00,4.9,34,0,-9.6,0,0,0
2022/1/12 19:00,4,39,0,-8.7,0,0,0
2022/1/12 20:00,4.1,38,0,-8.9,0,0,0
2022/1/12 21:00,3.4,42,0,-8.3,0,0,0
2022/1/12 22:00,4,37,0,-9.4,0,0,0
2022/1/12 23:00,3.3,39,0,-9.3,0,0,0
2022/1/13 0:00,3.3,41,0,-8.7,0,0,0
2022/1/13 1:00,2.9,41,0,-9,0,0,0
2022/1/13 2:00,3.4,41,0,-8.6,0,0,0
2022/1/13 3:00,3.2,41,0,-8.8,0,0,0
2022/1/13 4:00,3.6,40,0,-8.7,0,0,0
2022/1/13 5:00,3.6,43,0,-7.8,0,0,0
2022/1/13 6:00,3.9,39,0,-8.8,0,0,0
2022/1/13 7:00,3.7,40,1,-8.6,0,0,0.218
2022/1/13 8:00,3,48,1,-6.9,0.08,0,1.002
2022/1/13 9:00,4.3,44,1,-6.9,0.37,0.1,5.942
2022/1/13 10:00,7.2,37,1,-6.5,1.44,1,7.271
2022/1/13 11:00,8.1,47,1,-2.5,1.85,1,7.341
2022/1/13 12:00,8.5,44,1,-3,2.02,1,5.624
2022/1/13 13:00,9.9,40,1,-3,1.99,1,5.242
2022/1/13 14:00,10.1,35,1,-4.6,1.88,1,3.032
2022/1/13 15:00,11,30,1,-5.9,1.5,0.8,1.479
2022/1/13 16:00,9.4,35,1,-5.3,0.66,0.7,0.276
2022/1/13 17:00,8.2,38,0,-5.3,0.14,0.3,0
2022/1/13 18:00,7,42,0,-5,0,0,0
2022/1/13 19:00,5.5,46,0,-5.2,0,0,0
2022/1/13 20:00,4.9,53,0,-3.9,0,0,0
2022/1/13 21:00,3.6,61,0,-3.2,0,0,0
2022/1/13 22:00,4.5,50,0,-5,0,0,0
2022/1/13 23:00,3.8,57,0,-3.9,0,0,0
2022/1/14 0:00,3.2,62,0,-3.4,0,0,0
2022/1/14 1:00,2.8,59,0,-4.4,0,0,0
2022/1/14 2:00,1.7,58,0,-5.7,0,0,0
2022/1/14 3:00,1.3,61,0,-5.4,0,0,0
2022/1/14 4:00,2.1,46,0,-8.3,0,0,0
2022/1/14 5:00,1.5,49,0,-8,0,0,0
2022/1/14 6:00,2.1,43,0,-9.2,0,0,0
2022/1/14 7:00,1.5,46,1,-8.9,0,0,0.17
2022/1/14 8:00,1.7,48,1,-8.1,0.25,0.5,4.079
2022/1/14 9:00,4.4,38,1,-8.7,0.95,1,6.902
2022/1/14 10:00,5.8,33,1,-9.2,1.52,1,7.635
2022/1/14 11:00,7.2,30,1,-9.2,1.92,1,7.739
2022/1/14 12:00,7.8,24,1,-11.5,2.11,1,5.53
2022/1/14 13:00,8.5,22,1,-12,2.07,1,5.464
2022/1/14 14:00,7.9,21,1,-13.1,1.79,1,3.344
2022/1/14 15:00,7.6,23,1,-12.2,1.34,1,1.025
2022/1/14 16:00,6.8,25,1,-11.9,0.71,1,0.093
2022/1/14 17:00,6.1,27,0,-11.5,0.14,0.7,0
2022/1/14 18:00,4.9,31,0,-10.8,0,0,0
2022/1/14 19:00,4.2,34,0,-10.2,0,0,0
2022/1/14 20:00,4.2,36,0,-9.5,0,0,0
2022/1/14 21:00,3.8,36,0,-9.9,0,0,0
2022/1/14 22:00,3.3,39,0,-9.3,0,0,0
2022/1/14 23:00,3.8,37,0,-9.5,0,0,0
2022/1/15 0:00,3.8,36,0,-9.9,0,0,0
2022/1/15 1:00,3,38,0,-9.9,0,0,0
2022/1/15 2:00,2.9,36,0,-10.7,0,0,0
2022/1/15 3:00,2.2,37,0,-11,0,0,0
2022/1/15 4:00,1,42,0,-10.5,0,0,0
2022/1/15 5:00,2.4,40,0,-9.8,0,0,0
2022/1/15 6:00,1.8,43,0,-9.4,0,0,0
2022/1/15 7:00,2.2,43,1,-9.1,0,0,0.227
2022/1/15 8:00,3.9,37,1,-9.4,0.25,0.5,3.796
2022/1/15 9:00,5.6,35,1,-8.6,0.94,1,6.405
2022/1/15 10:00,7.8,33,1,-7.5,1.51,1,6.453
2022/1/15 11:00,8.7,32,1,-7.1,1.65,1,5.496
2022/1/15 12:00,9.5,29,1,-7.6,1.74,1,4.413
2022/1/15 13:00,9.8,31,1,-6.5,1.59,0.8,4.601
2022/1/15 14:00,9.9,32,1,-6,1.36,0.8,3.255
2022/1/15 15:00,9.4,32,1,-6.4,1.03,1,0.954
2022/1/15 16:00,8,37,1,-5.8,0.46,0.4,0.178
2022/1/15 17:00,6.8,41,0,-5.5,0.1,0.2,0
2022/1/15 18:00,6.4,41,0,-5.9,0,0,0
2022/1/15 19:00,6.8,41,0,-5.5,0,0,0
2022/1/15 20:00,6.2,42,0,-5.7,0,0,0
2022/1/15 21:00,5.2,48,0,-4.9,0,0,0
2022/1/15 22:00,4.2,50,0,-5.3,0,0,0
2022/1/15 23:00,4.9,51,0,-4.4,0,0,0
2022/1/16 0:00,4.2,52,0,-4.8,0,0,0
2022/1/16 1:00,3.5,56,0,-4.4,0,0,0
2022/1/16 2:00,3.3,58,0,-4.2,0,0,0
2022/1/16 3:00,2.2,63,0,-4.1,0,0,0
2022/1/16 4:00,1.9,64,0,-4.2,0,0,0
2022/1/16 5:00,1.4,66,0,-4.2,0,0,0
2022/1/16 6:00,1.8,64,0,-4.3,0,0,0
2022/1/16 7:00,1.2,69,1,-3.8,0,0,0.265
2022/1/16 8:00,1.8,67,1,-3.7,0.25,0.5,3.915
2022/1/16 9:00,4.2,59,1,-3.1,0.9,1,6.565
2022/1/16 10:00,5.5,49,1,-4.3,1.46,1,7.222
2022/1/16 11:00,7.9,43,1,-3.9,1.86,1,7.218
2022/1/16 12:00,9.8,44,1,-1.9,2.04,1,5.537
2022/1/16 13:00,9.7,46,1,-1.3,1.99,1,5.07
2022/1/16 14:00,10.7,49,1,0.4,1.72,1,3.163
2022/1/16 15:00,10.2,59,1,2.6,1.25,1,1.023
2022/1/16 16:00,9.5,67,1,3.7,0.67,1,0.0945
2022/1/16 17:00,7.3,79,0,3.9,0.13,0.6,0
2022/1/16 18:00,7.6,76,0,3.7,0,0,0
2022/1/16 19:00,7.4,55,0,-1,0,0,0
2022/1/16 20:00,5.6,58,0,-2,0,0,0
2022/1/16 21:00,5.4,59,0,-2,0,0,0
2022/1/16 22:00,4.5,63,0,-1.9,0,0,0
2022/1/16 23:00,3.9,66,0,-1.9,0,0,0
2022/1/17 0:00,2.8,71,0,-1.9,0,0,0
2022/1/17 1:00,3.3,70,0,-1.6,0,0,0
2022/1/17 2:00,2.4,73,0,-1.9,0,0,0
2022/1/17 3:00,2.7,69,0,-2.4,0,0,0
2022/1/17 4:00,2,75,0,-2,0,0,0
2022/1/17 5:00,2.3,75,0,-1.7,0,0,0
2022/1/17 6:00,2,75,0,-2,0,0,0
2022/1/17 7:00,2.7,74,1,-1.5,0,0,0.679
2022/1/17 8:00,4.6,66,1,-1.2,0.27,0.5,3.387
2022/1/17 9:00,7.1,54,1,-1.6,0.82,1,4.491
2022/1/17 10:00,8,54,1,-0.7,1.18,0.9,3.467
2022/1/17 11:00,9.8,50,1,-0.1,1.34,0.8,4.016
2022/1/17 12:00,9.6,44,1,-2,1.4,0.6,3.235
2022/1/17 13:00,9.9,42,1,-2.4,1.52,0.8,4.428
2022/1/17 14:00,10.4,41,1,-2.3,1.54,1,1.879
2022/1/17 15:00,9.8,45,1,-1.6,0.9,0.8,0.856
2022/1/17 16:00,9.2,47,1,-1.5,0.43,0.5,0.201
2022/1/17 17:00,7.4,54,0,-1.3,0.08,0,0
2022/1/17 18:00,7.8,44,0,-3.7,0,0,0
2022/1/17 19:00,7.4,52,0,-1.8,0,0,0
2022/1/17 20:00,7,53,0,-1.9,0,0,0
2022/1/17 21:00,6.6,55,0,-1.8,0,0,0
2022/1/17 22:00,5,66,0,-0.8,0,0,0
2022/1/17 23:00,4.3,58,0,-3.2,0,0,0
2022/1/18 0:00,3.5,63,0,-2.9,0,0,0
2022/1/18 1:00,3.5,61,0,-3.3,0,0,0
2022/1/18 2:00,2.8,63,0,-3.5,0,0,0
2022/1/18 3:00,4.3,49,0,-5.5,0,0,0
2022/1/18 4:00,4.1,45,0,-6.8,0,0,0
2022/1/18 5:00,3.5,41,0,-8.5,0,0,0
2022/1/18 6:00,2.9,43,0,-8.4,0,0,0
2022/1/18 7:00,1.7,49,1,-7.9,0,0,0.189
2022/1/18 8:00,3.4,43,1,-8,0.26,0.5,4.282
2022/1/18 9:00,4.6,42,1,-7.2,0.97,1,7.025
2022/1/18 10:00,5.8,36,1,-8.1,1.54,1,7.657
2022/1/18 11:00,7.3,34,1,-7.5,1.95,1,7.639
2022/1/18 12:00,8.2,32,1,-7.5,2.14,1,6.412
2022/1/18 13:00,8.5,27,1,-9.4,2.11,1,5.518
2022/1/18 14:00,8.1,24,1,-11.3,1.84,1,3.488
2022/1/18 15:00,6.1,31,1,-9.7,1.32,1,1.115
2022/1/18 16:00,5.8,30,1,-10.4,0.74,1,0.107
2022/1/18 17:00,4.9,30,0,-11.2,0.17,0.7,0
2022/1/18 18:00,4.7,29,0,-11.8,0,0,0
2022/1/18 19:00,3.9,32,0,-11.3,0,0,0
2022/1/18 20:00,3.2,37,0,-10.1,0,0,0
2022/1/18 21:00,2.5,38,0,-10.4,0,0,0
2022/1/18 22:00,2.6,36,0,-11,0,0,0
2022/1/18 23:00,2.3,38,0,-10.5,0,0,0
2022/1/19 0:00,1.9,41,0,-9.9,0,0,0
2022/1/19 1:00,1.2,48,0,-8.6,0,0,0
2022/1/19 2:00,0.9,49,0,-8.6,0,0,0
2022/1/19 3:00,1.4,45,0,-9.2,0,0,0
2022/1/19 4:00,1.3,42,0,-10.2,0,0,0
2022/1/19 5:00,2.1,39,0,-10.4,0,0,0
2022/1/19 6:00,1.5,40,0,-10.6,0,0,0
2022/1/19 7:00,1.3,41,1,-10.5,0,0,0.24
2022/1/19 8:00,2.6,39,1,-9.9,0.27,0.5,4.364
2022/1/19 9:00,4.2,31,1,-11.4,0.97,1,7.018
2022/1/19 10:00,5.7,32,1,-9.7,1.57,1,6.945
2022/1/19 11:00,6.5,32,1,-9,1.75,0.9,6.339
2022/1/19 12:00,6.7,30,1,-9.6,1.91,1,3.733
2022/1/19 13:00,7.9,32,1,-7.8,1.19,0.4,2.297
2022/1/19 14:00,7.3,38,1,-6.1,1.04,0.4,0.916
2022/1/19 15:00,6.6,38,1,-6.7,0.6,0.1,0.863
2022/1/19 16:00,6.3,41,1,-6,0.27,0.1,0.209
2022/1/19 17:00,4.3,48,0,-5.7,0.09,0,0
2022/1/19 18:00,3.5,52,0,-5.4,0,0,0
2022/1/19 19:00,3.2,53,0,-5.4,0,0,0
2022/1/19 20:00,3.6,51,0,-5.6,0,0,0
2022/1/19 21:00,2.8,57,0,-4.9,0,0,0
2022/1/19 22:00,2.6,61,0,-4.1,0,0,0
2022/1/19 23:00,2.9,56,0,-5,0,0,0
2022/1/20 0:00,1.8,61,0,-4.9,0,0,0
2022/1/20 1:00,1.9,61,0,-4.8,0,0,0
2022/1/20 2:00,1.5,65,0,-4.3,0,0,0
2022/1/20 3:00,0.8,66,0,-4.8,0,0,0
2022/1/20 4:00,0.4,61,0,-6.2,0,0,0
2022/1/20 5:00,-0.5,69,0,-5.5,0,0,0
2022/1/20 6:00,-0.1,70,0,-4.9,0,0,0
2022/1/20 7:00,-0.4,72,1,-4.8,0,0,0.28
2022/1/20 8:00,0.3,69,1,-4.7,0.26,0.5,4.157
2022/1/20 9:00,2.2,57,1,-5.4,0.93,1,6.614
2022/1/20 10:00,4.4,52,1,-4.6,1.49,1,7.289
2022/1/20 11:00,6.1,45,1,-4.9,1.89,1,7.233
2022/1/20 12:00,6.7,42,1,-5.3,2.08,1,5.768
2022/1/20 13:00,7.6,40,1,-5.1,2.04,1,5.238
2022/1/20 14:00,6.6,40,1,-6,1.24,0.5,2.689
2022/1/20 15:00,7.4,34,1,-7.4,1.27,1,1.1
2022/1/20 16:00,7,33,1,-8.2,0.79,1,0.101
2022/1/20 17:00,5.9,35,0,-8.4,0.19,0.7,0
2022/1/20 18:00,5.4,38,0,-7.8,0,0,0
2022/1/20 19:00,4.4,46,0,-6.2,0,0,0
2022/1/20 20:00,3.5,54,0,-4.9,0,0,0
2022/1/20 21:00,3.3,56,0,-4.6,0,0,0
2022/1/20 22:00,3,56,0,-4.9,0,0,0
2022/1/20 23:00,2.3,59,0,-4.9,0,0,0
2022/1/21 0:00,2.5,49,0,-7.1,0,0,0
2022/1/21 1:00,2.4,50,0,-6.9,0,0,0
2022/1/21 2:00,1.6,54,0,-6.7,0,0,0
2022/1/21 3:00,1.2,58,0,-6.1,0,0,0
2022/1/21 4:00,0.6,59,0,-6.5,0,0,0
2022/1/21 5:00,0.4,58,0,-6.9,0,0,0
2022/1/21 6:00,0.4,58,0,-6.9,0,0,0
2022/1/21 7:00,-0.4,59,1,-7.4,0,0,0.301
2022/1/21 8:00,2,44,1,-9,0.28,0.5,4.455
2022/1/21 9:00,4.1,40,1,-8.3,0.98,1,6.995
2022/1/21 10:00,5.3,31,1,-10.4,1.57,1,7.831
2022/1/21 11:00,6,28,1,-11.1,1.99,1,7.616
2022/1/21 12:00,6.8,32,1,-8.7,2.13,1,6.412
2022/1/21 13:00,7,27,1,-10.7,2.17,1,4.934
2022/1/21 14:00,7,26,1,-11.2,1.84,1,3.54
2022/1/21 15:00,6.5,27,1,-11.1,1.4,0.9,1.196
2022/1/21 16:00,5.1,28,1,-11.9,0.8,0.9,0.1
2022/1/21 17:00,4.4,32,0,-10.8,0.2,0.7,0
2022/1/21 18:00,3.4,38,0,-9.6,0,0,0
2022/1/21 19:00,2.7,43,0,-8.6,0,0,0
2022/1/21 20:00,2.2,46,0,-8.2,0,0,0
2022/1/21 21:00,1.4,49,0,-8.1,0,0,0
2022/1/21 22:00,0.6,50,0,-8.6,0,0,0
2022/1/21 23:00,0.7,47,0,-9.3,0,0,0
2022/1/22 0:00,1,45,0,-9.6,0,0,0
2022/1/22 1:00,0.4,46,0,-9.9,0,0,0
2022/1/22 2:00,1.7,40,0,-10.4,0,0,0
2022/1/22 3:00,1.3,45,0,-9.3,0,0,0
2022/1/22 4:00,1.4,43,0,-9.8,0,0,0
2022/1/22 5:00,1.1,46,0,-9.2,0,0,0
2022/1/22 6:00,1,47,0,-9,0,0,0
2022/1/22 7:00,1.4,46,1,-8.9,0.01,0,0.343
2022/1/22 8:00,2.5,45,1,-8.2,0.28,0.5,4.238
2022/1/22 9:00,4.6,41,1,-7.5,0.98,1,6.885
2022/1/22 10:00,5.9,37,1,-7.7,1.56,1,7.53
2022/1/22 11:00,8.2,36,1,-6,1.97,1,7.522
2022/1/22 12:00,8.4,31,1,-7.7,2.17,1,6.769
2022/1/22 13:00,9,30,1,-7.6,2.14,1,5.416
2022/1/22 14:00,8.6,27,1,-9.3,1.88,1,3.447
2022/1/22 15:00,8.6,30,1,-8,1.42,1,1.153
2022/1/22 16:00,7.6,41,1,-4.8,0.8,1,0.118
2022/1/22 17:00,5.6,49,0,-4.3,0.18,0.7,0
2022/1/22 18:00,4.1,52,0,-4.9,0,0,0
2022/1/22 19:00,4.1,49,0,-5.6,0,0,0
2022/1/22 20:00,4.5,47,0,-5.8,0,0,0
2022/1/22 21:00,4.2,55,0,-4,0,0,0
2022/1/22 22:00,4.9,49,0,-4.9,0,0,0
2022/1/22 23:00,5.1,45,0,-5.8,0,0,0
2022/1/23 0:00,4,49,0,-5.7,0,0,0
2022/1/23 1:00,4,51,0,-5.2,0,0,0
2022/1/23 2:00,3.3,51,0,-5.9,0,0,0
2022/1/23 3:00,2.9,54,0,-5.5,0,0,0
2022/1/23 4:00,2.9,55,0,-5.2,0,0,0
2022/1/23 5:00,2.9,56,0,-5,0,0,0
2022/1/23 6:00,2.8,56,0,-5.1,0,0,0
2022/1/23 7:00,2.2,56,1,-5.7,0.01,0,0.645
2022/1/23 8:00,3,53,1,-5.6,0.21,0.1,2.935
2022/1/23 9:00,4,49,1,-5.7,0.73,0.7,3.156
2022/1/23 10:00,4.7,49,1,-5.1,0.93,0.3,3.704
2022/1/23 11:00,5.9,45,1,-5.1,1.11,0.2,3.824
2022/1/23 12:00,6.6,44,1,-4.8,1.29,0.2,2.685
2022/1/23 13:00,6.9,44,1,-4.5,0.96,0,2.23
2022/1/23 14:00,7.3,48,1,-3,0.84,0,1.254
2022/1/23 15:00,7.1,51,1,-2.3,0.51,0,0.384
2022/1/23 16:00,6.7,53,1,-2.2,0.19,0,0.0726
2022/1/23 17:00,6.2,58,0,-1.4,0.04,0,0
2022/1/23 18:00,6.1,56,0,-2,0,0,0
2022/1/23 19:00,6.2,56,0,-1.9,0,0,0
2022/1/23 20:00,6.4,56,0,-1.7,0,0,0
2022/1/23 21:00,6.3,57,0,-1.6,0,0,0
2022/1/23 22:00,5.6,63,0,-0.9,0,0,0
2022/1/23 23:00,5.5,65,0,-0.5,0,0,0
2022/1/24 0:00,5.9,64,0,-0.4,0,0,0
2022/1/24 1:00,5.1,71,0,0.3,0,0,0
2022/1/24 2:00,4.5,77,0,0.8,0,0,0
2022/1/24 3:00,4.8,70,0,-0.2,0,0,0
2022/1/24 4:00,5.2,67,0,-0.4,0,0,0
2022/1/24 5:00,5,66,0,-0.8,0,0,0
2022/1/24 6:00,5.1,66,0,-0.7,0,0,0
2022/1/24 7:00,5.1,64,1,-1.1,0,0,0.618
2022/1/24 8:00,5.7,60,1,-1.4,0.25,0.3,2.724
2022/1/24 9:00,7.9,47,1,-2.7,0.74,0.6,3.038
2022/1/24 10:00,8.6,45,1,-2.6,1.09,1,4.904
2022/1/24 11:00,9.4,43,1,-2.5,1.52,1,4.351
2022/1/24 12:00,9.2,41,1,-3.3,1.5,1,4.555
2022/1/24 13:00,9.9,39,1,-3.4,1.6,0.8,3.83
2022/1/24 14:00,10.2,37,1,-3.8,1.37,0.9,2.645
2022/1/24 15:00,10.1,41,1,-2.5,1.22,1,1.334
2022/1/24 16:00,9.3,39,1,-3.9,0.73,1,0.162
2022/1/24 17:00,8.3,40,0,-4.5,0.22,0.7,0.0155
2022/1/24 18:00,6.9,49,0,-3.1,0,0,0
2022/1/24 19:00,5.9,50,0,-3.7,0,0,0
2022/1/24 20:00,4.9,49,0,-4.9,0,0,0
2022/1/24 21:00,3.8,53,0,-4.9,0,0,0
2022/1/24 22:00,2.7,56,0,-5.2,0,0,0
2022/1/24 23:00,3.2,57,0,-4.5,0,0,0
2022/1/25 0:00,2.9,55,0,-5.2,0,0,0
2022/1/25 1:00,2.6,55,0,-5.5,0,0,0
2022/1/25 2:00,3.4,50,0,-6,0,0,0
2022/1/25 3:00,2.7,54,0,-5.7,0,0,0
2022/1/25 4:00,2.8,54,0,-5.6,0,0,0
2022/1/25 5:00,2.6,53,0,-6,0,0,0
2022/1/25 6:00,1,61,0,-5.7,0,0,0
2022/1/25 7:00,1.6,58,1,-5.8,0.01,0,0.406
2022/1/25 8:00,3.9,48,1,-6.1,0.3,0.6,4.621
2022/1/25 9:00,5,46,1,-5.6,0.99,1,6.784
2022/1/25 10:00,6.4,51,1,-3,1.55,1,7.398
2022/1/25 11:00,7.2,46,1,-3.6,2.1,1,3.676
2022/1/25 12:00,7.3,47,1,-3.2,1.7,0.7,4.891
2022/1/25 13:00,7.5,45,1,-3.6,1.85,0.9,2.796
2022/1/25 14:00,8.9,44,1,-2.7,1.67,0.9,2.307
2022/1/25 15:00,8.4,48,1,-2,0.98,0.3,0.91
2022/1/25 16:00,7.6,51,1,-1.9,0.62,0.4,0.053
2022/1/25 17:00,7.4,54,0,-1.3,0.07,0,0
2022/1/25 18:00,7,60,0,-0.2,0,0,0
2022/1/25 19:00,6.7,58,0,-1,0,0,0
2022/1/25 20:00,6.4,61,0,-0.6,0,0,0
2022/1/25 21:00,5.2,76,0,1.3,0,0,0
2022/1/25 22:00,4.2,89,0,2.6,0,0,0
2022/1/25 23:00,4.9,81,0,1.9,0,0,0
2022/1/26 0:00,5,83,0,2.4,0,0,0
2022/1/26 1:00,5.1,81,0,2.1,0,0,0
2022/1/26 2:00,4.7,88,0,2.9,0,0,0
2022/1/26 3:00,4.1,94,0,3.2,0,0,0
2022/1/26 4:00,4,94,0,3.1,0,0,0
2022/1/26 5:00,3.7,96,0,3.1,0,0,0
2022/1/26 6:00,3.9,94,0,3,0,0,0
2022/1/26 7:00,3.9,92,1,2.7,0,0,0.0406
2022/1/26 8:00,3.8,86,1,1.7,0.02,0,0.0472
2022/1/26 9:00,4.1,79,1,0.8,0.08,0,0.341
2022/1/26 10:00,4.8,74,1,0.6,0.24,0,0.815
2022/1/26 11:00,5.5,67,1,-0.1,0.37,0,0.858
2022/1/26 12:00,6.7,63,1,0.2,0.71,0,2.138
2022/1/26 13:00,7.3,60,1,0.1,1.16,0,5.06
2022/1/26 14:00,8.7,69,1,3.3,1.81,0.9,3.293
2022/1/26 15:00,8.7,70,1,3.6,1.38,1,1.351
2022/1/26 16:00,8.7,70,1,3.6,0.75,1,0.261
2022/1/26 17:00,7,80,1,3.8,0.25,0.6,0
2022/1/26 18:00,5.7,89,0,4,0,0,0
2022/1/26 19:00,6.5,87,0,4.5,0,0,0
2022/1/26 20:00,6.1,90,0,4.6,0,0,0
2022/1/26 21:00,6.5,84,0,4,0,0,0
2022/1/26 22:00,4.7,92,0,3.5,0,0,0
2022/1/26 23:00,4.3,92,0,3.1,0,0,0
2022/1/27 0:00,4.5,94,0,3.6,0,0,0
2022/1/27 1:00,3.4,95,0,2.7,0,0,0
2022/1/27 2:00,3.5,96,0,2.9,0,0,0
2022/1/27 3:00,3.6,93,0,2.6,0,0,0
2022/1/27 4:00,2.5,93,0,1.5,0,0,0
2022/1/27 5:00,2.5,93,0,1.5,0,0,0
2022/1/27 6:00,2.3,92,0,1.1,0,0,0
2022/1/27 7:00,4.2,71,1,-0.6,0.01,0,0.448
2022/1/27 8:00,6.2,57,1,-1.7,0.27,0.6,3.681
2022/1/27 9:00,8.2,48,1,-2.1,0.92,1,7.005
2022/1/27 10:00,9.1,40,1,-3.8,1.57,1,7.457
2022/1/27 11:00,9.7,38,1,-3.9,1.7,0.9,6.805
2022/1/27 12:00,9.8,36,1,-4.5,1.87,0.9,6.482
2022/1/27 13:00,11.3,36,1,-3.2,1.94,0.9,3.642
2022/1/27 14:00,11,30,1,-5.9,1.95,1,1.964
2022/1/27 15:00,10.8,30,1,-6.1,1.5,1,0.845
2022/1/27 16:00,9.6,32,1,-6.3,0.93,0.8,0.336
2022/1/27 17:00,8.5,32,1,-7.2,0.11,0,0
2022/1/27 18:00,8,31,0,-8.1,0,0,0
2022/1/27 19:00,7.6,31,0,-8.4,0,0,0
2022/1/27 20:00,7,32,0,-8.6,0,0,0
2022/1/27 21:00,6.2,36,0,-7.8,0,0,0
2022/1/27 22:00,6,37,0,-7.6,0,0,0
2022/1/27 23:00,5.9,39,0,-7,0,0,0
2022/1/28 0:00,5.8,42,0,-6.1,0,0,0
2022/1/28 1:00,5.4,43,0,-6.2,0,0,0
2022/1/28 2:00,5.3,44,0,-6,0,0,0
2022/1/28 3:00,5.1,44,0,-6.1,0,0,0
2022/1/28 4:00,5.1,45,0,-5.8,0,0,0
2022/1/28 5:00,4.8,47,0,-5.5,0,0,0
2022/1/28 6:00,4.9,44,0,-6.3,0,0,0
2022/1/28 7:00,4.5,47,1,-5.8,0.01,0,0.273
2022/1/28 8:00,4.4,49,1,-5.4,0.14,0,0.879
2022/1/28 9:00,4.7,48,1,-5.4,0.59,0.3,4.922
2022/1/28 10:00,6.8,39,1,-6.2,1.24,0.5,6.497
2022/1/28 11:00,7.8,39,1,-5.3,1.35,0.3,7.057
2022/1/28 12:00,9.1,34,1,-5.9,1.48,0.4,6.148
2022/1/28 13:00,9,35,1,-5.6,1.5,0.6,5.491
2022/1/28 14:00,10.6,32,1,-5.4,1.91,1,3.335
2022/1/28 15:00,9.7,33,1,-5.8,1.16,0.4,0.771
2022/1/28 16:00,8.9,43,1,-3,0.33,0.1,0.129
2022/1/28 17:00,7.8,43,1,-4,0.07,0,0
2022/1/28 18:00,7.4,43,0,-4.3,0,0,0
2022/1/28 19:00,7.3,37,0,-6.4,0,0,0
2022/1/28 20:00,6.8,38,0,-6.5,0,0,0
2022/1/28 21:00,6.4,39,0,-6.5,0,0,0
2022/1/28 22:00,5.8,42,0,-6.1,0,0,0
2022/1/28 23:00,5.5,42,0,-6.4,0,0,0
2022/1/29 0:00,4.7,45,0,-6.2,0,0,0
2022/1/29 1:00,4.7,45,0,-6.2,0,0,0
2022/1/29 2:00,4.5,45,0,-6.4,0,0,0
2022/1/29 3:00,4.5,46,0,-6.1,0,0,0
2022/1/29 4:00,4.3,46,0,-6.3,0,0,0
2022/1/29 5:00,4.2,48,0,-5.8,0,0,0
2022/1/29 6:00,3.9,50,0,-5.6,0,0,0
2022/1/29 7:00,4.1,49,1,-5.6,0.01,0,0.653
2022/1/29 8:00,4.7,47,1,-5.6,0.1,0,1.383
2022/1/29 9:00,4.9,49,1,-4.9,0.34,0,2.178
2022/1/29 10:00,6,47,1,-4.4,0.89,0,4.181
2022/1/29 11:00,6.2,43,1,-5.4,1.32,0.2,5.152
2022/1/29 12:00,8.4,43,1,-3.4,1.59,0.4,4.967
2022/1/29 13:00,8,43,1,-3.8,1.78,0.6,4.354
2022/1/29 14:00,9.2,37,1,-4.7,2.06,1,3.086
2022/1/29 15:00,8.9,39,1,-4.3,1.65,1,1.342
2022/1/29 16:00,8.9,45,1,-2.4,0.8,1,0.18
2022/1/29 17:00,7.3,51,1,-2.2,0.21,0.6,0
2022/1/29 18:00,6.3,55,0,-2.1,0,0,0
2022/1/29 19:00,6.5,56,0,-1.6,0,0,0
2022/1/29 20:00,6.3,60,0,-0.9,0,0,0
2022/1/29 21:00,5.8,58,0,-1.8,0,0,0
2022/1/29 22:00,5.6,56,0,-2.5,0,0,0
2022/1/29 23:00,4.7,54,0,-3.8,0,0,0
2022/1/30 0:00,3.9,58,0,-3.6,0,0,0
2022/1/30 1:00,3.7,58,0,-3.8,0,0,0
2022/1/30 2:00,3.6,57,0,-4.1,0,0,0
2022/1/30 3:00,3.7,59,0,-3.6,0,0,0
2022/1/30 4:00,3.7,58,0,-3.8,0,0,0
2022/1/30 5:00,2.6,61,0,-4.1,0,0,0
2022/1/30 6:00,2.6,61,0,-4.1,0,0,0
2022/1/30 7:00,2.5,64,1,-3.6,0.01,0,0.814
2022/1/30 8:00,3.4,59,1,-3.8,0.33,0.5,5.334
2022/1/30 9:00,5.1,51,1,-4.2,1.07,1,6.393
2022/1/30 10:00,5.5,43,1,-6.1,1.48,1,5.592
2022/1/30 11:00,7.2,38,1,-6.2,1.53,1,4.238
2022/1/30 12:00,8.2,33,1,-7.1,1.46,0.7,2.577
2022/1/30 13:00,7.3,33,1,-7.9,0.81,0,1.648
2022/1/30 14:00,7.4,33,1,-7.8,0.49,0,0.753
2022/1/30 15:00,7.6,35,1,-6.9,0.37,0,0.296
2022/1/30 16:00,7.5,33,1,-7.7,0.21,0,0.0613
2022/1/30 17:00,7.1,31,1,-8.9,0.07,0,0
2022/1/30 18:00,6.7,29,0,-10.1,0,0,0
2022/1/30 19:00,6.2,30,0,-10.1,0,0,0
2022/1/30 20:00,5.8,31,0,-10,0,0,0
2022/1/30 21:00,5.1,34,0,-9.5,0,0,0
2022/1/30 22:00,4.6,38,0,-8.5,0,0,0
2022/1/30 23:00,4.4,40,0,-8,0,0,0
2022/1/31 0:00,3.9,44,0,-7.2,0,0,0
2022/1/31 1:00,3,46,0,-7.5,0,0,0
2022/1/31 2:00,2.9,44,0,-8.1,0,0,0
2022/1/31 3:00,2.4,48,0,-7.5,0,0,0
2022/1/31 4:00,2.4,49,0,-7.2,0,0,0
2022/1/31 5:00,2.6,46,0,-7.8,0,0,0
2022/1/31 6:00,2.3,45,0,-8.4,0,0,0
2022/1/31 7:00,2.3,44,1,-8.7,0.01,0,0.594
2022/1/31 8:00,2.8,45,1,-7.9,0.34,0.5,5.567
2022/1/31 9:00,5,38,1,-8.1,1.1,1,7.466
2022/1/31 10:00,6.6,33,1,-8.5,1.7,1,8.214
2022/1/31 11:00,7.6,31,1,-8.4,2.12,1,8.163
2022/1/31 12:00,8.3,28,1,-9.1,2.34,1,7.359
2022/1/31 13:00,8.8,27,1,-9.2,2.31,1,5.903
2022/1/31 14:00,9.4,23,1,-10.7,2.05,1,3.807
2022/1/31 15:00,8.7,26,1,-9.7,1.57,1,1.427
2022/1/31 16:00,7.8,27,1,-10,0.93,1,0.175
2022/1/31 17:00,6.6,30,1,-9.7,0.27,0.7,0.015
2022/1/31 18:00,6,29,0,-10.7,0,0,0
2022/1/31 19:00,4.7,33,0,-10.2,0,0,0
2022/1/31 20:00,5,32,0,-10.3,0,0,0
2022/1/31 21:00,3.7,36,0,-10,0,0,0
2022/1/31 22:00,3.6,36,0,-10.1,0,0,0
2022/1/31 23:00,2.6,38,0,-10.3,0,0,0
2022/2/1 0:00,2.4,38,0,-10.5,0,0,0
2022/2/1 1:00,2.5,38,0,-10.4,0,0,0
2022/2/1 2:00,2.5,39,0,-10,0,0,0
2022/2/1 3:00,2.2,39,0,-10.3,0,0,0
2022/2/1 4:00,2.1,41,0,-9.8,0,0,0
2022/2/1 5:00,2.2,44,0,-8.8,0,0,0
2022/2/1 6:00,1.7,49,0,-7.9,0,0,0
2022/2/1 7:00,2,49,1,-7.6,0.01,0,0.841
2022/2/1 8:00,3.1,49,1,-6.6,0.33,0.5,3.148
2022/2/1 9:00,5.5,42,1,-6.4,1.07,1,6.966
2022/2/1 10:00,7.4,34,1,-7.4,1.67,1,7.82
2022/2/1 11:00,8.2,30,1,-8.3,2.09,1,7.531
2022/2/1 12:00,8.8,30,1,-7.8,2.3,1,6.878
2022/2/1 13:00,10.2,34,1,-4.9,2.25,1,5.631
2022/2/1 14:00,9.2,35,1,-5.4,1.95,1,3.622
2022/2/1 15:00,9,42,1,-3.2,1.49,1,1.404
2022/2/1 16:00,8.8,41,1,-3.7,0.86,1,0.202
2022/2/1 17:00,8.5,46,1,-2.4,0.24,0.7,0.016
2022/2/1 18:00,7.8,52,0,-1.4,0,0,0
2022/2/1 19:00,6.3,61,0,-0.7,0,0,0
2022/2/1 20:00,5.2,67,0,-0.4,0,0,0
2022/2/1 21:00,5.4,61,0,-1.5,0,0,0
2022/2/1 22:00,5.4,64,0,-0.8,0,0,0
2022/2/1 23:00,5.3,61,0,-1.6,0,0,0
2022/2/2 0:00,4.2,57,0,-3.5,0,0,0
2022/2/2 1:00,2.8,62,0,-3.7,0,0,0
2022/2/2 2:00,2.3,68,0,-3,0,0,0
2022/2/2 3:00,1.9,70,0,-3,0,0,0
2022/2/2 4:00,1.5,74,0,-2.6,0,0,0
2022/2/2 5:00,2.8,59,0,-4.4,0,0,0
2022/2/2 6:00,2.8,56,0,-5.1,0,0,0
2022/2/2 7:00,2.8,60,1,-4.2,0.01,0,0.934
2022/2/2 8:00,3.9,61,1,-2.9,0.33,0.5,5.297
2022/2/2 9:00,6.1,55,1,-2.3,1.07,1,7.022
2022/2/2 10:00,8.2,40,1,-4.6,1.66,1,7.886
2022/2/2 11:00,9.3,32,1,-6.5,2.1,1,7.716
2022/2/2 12:00,10.2,31,1,-6.2,2.29,1,7.029
2022/2/2 13:00,10.4,29,1,-6.9,2.27,1,5.669
2022/2/2 14:00,9.4,27,1,-8.6,1.98,1,3.677
2022/2/2 15:00,9.1,28,1,-8.4,1.52,1,1.412
2022/2/2 16:00,8.3,27,1,-9.6,0.9,1,0.227
2022/2/2 17:00,7,32,1,-8.6,0.27,0.8,0.022
2022/2/2 18:00,4.8,37,0,-8.7,0,0,0
2022/2/2 19:00,6.5,32,0,-9,0,0,0
2022/2/2 20:00,5.8,33,0,-9.2,0,0,0
2022/2/2 21:00,5.1,38,0,-8,0,0,0
2022/2/2 22:00,4.3,40,0,-8.1,0,0,0
2022/2/2 23:00,3.4,43,0,-8,0,0,0
2022/2/3 0:00,3.8,41,0,-8.2,0,0,0
2022/2/3 1:00,4,43,0,-7.4,0,0,0
2022/2/3 2:00,2.4,51,0,-6.7,0,0,0
2022/2/3 3:00,2.1,55,0,-6,0,0,0
2022/2/3 4:00,1.2,60,0,-5.7,0,0,0
2022/2/3 5:00,1.6,56,0,-6.2,0,0,0
2022/2/3 6:00,1.2,58,0,-6.1,0,0,0
2022/2/3 7:00,0.9,62,1,-5.5,0.01,0,0.714
2022/2/3 8:00,2.5,56,1,-5.4,0.21,0,2.002
2022/2/3 9:00,3.9,50,1,-5.6,0.59,0,5.063
2022/2/3 10:00,6.7,41,1,-5.6,1.52,1,5.017
2022/2/3 11:00,9.3,38,1,-4.3,1.66,1,7.345
2022/2/3 12:00,9.3,32,1,-6.5,2.28,1,6.782
2022/2/3 13:00,10,28,1,-7.7,2.27,1,5.462
2022/2/3 14:00,11.5,26,1,-7.3,1.99,1,3.67
2022/2/3 15:00,10.2,35,1,-4.6,1.5,1,1.449
2022/2/3 16:00,9.7,34,1,-5.4,0.89,1,0.215
2022/2/3 17:00,8.3,30,1,-8.2,0.27,0.8,0.0078
2022/2/3 18:00,6.3,35,0,-8,0,0,0
2022/2/3 19:00,6.6,36,0,-7.4,0,0,0
2022/2/3 20:00,8.2,34,0,-6.7,0,0,0
2022/2/3 21:00,7.3,36,0,-6.8,0,0,0
2022/2/3 22:00,6.3,38,0,-7,0,0,0
2022/2/3 23:00,5.7,39,0,-7.2,0,0,0
2022/2/4 0:00,5,46,0,-5.6,0,0,0
2022/2/4 1:00,4.6,48,0,-5.4,0,0,0
2022/2/4 2:00,4.1,46,0,-6.5,0,0,0
2022/2/4 3:00,3.5,49,0,-6.2,0,0,0
2022/2/4 4:00,3.4,49,0,-6.3,0,0,0
2022/2/4 5:00,3,51,0,-6.1,0,0,0
2022/2/4 6:00,2.7,52,0,-6.2,0,0,0
2022/2/4 7:00,3.3,50,1,-6.1,0.01,0,0.509
2022/2/4 8:00,3.9,47,1,-6.4,0.16,0,1.055
2022/2/4 9:00,4.1,47,1,-6.2,0.35,0,2.222
2022/2/4 10:00,5.2,45,1,-5.7,1.28,0.5,2.682
2022/2/4 11:00,5.8,44,1,-5.5,1.05,0.1,3.011
2022/2/4 12:00,6.4,36,1,-7.6,1.31,0.1,3.851
2022/2/4 13:00,7.7,37,1,-6.1,1.67,0.3,4.571
2022/2/4 14:00,8,35,1,-6.5,0.83,0,2.627
2022/2/4 15:00,7.6,37,1,-6.1,0.39,0,0.741
2022/2/4 16:00,7.7,42,1,-4.4,0.28,0,0.165
2022/2/4 17:00,6.3,50,1,-3.3,0.14,0,0.008
2022/2/4 18:00,5.6,51,0,-3.7,0,0,0
2022/2/4 19:00,5,53,0,-3.8,0,0,0
2022/2/4 20:00,5.9,56,0,-2.2,0,0,0
2022/2/4 21:00,3.7,65,0,-2.3,0,0,0
2022/2/4 22:00,3.8,65,0,-2.2,0,0,0
2022/2/4 23:00,3.8,66,0,-2,0,0,0
2022/2/5 0:00,2.7,70,0,-2.2,0,0,0
2022/2/5 1:00,3.2,62,0,-3.4,0,0,0
2022/2/5 2:00,1.7,67,0,-3.8,0,0,0
2022/2/5 3:00,0.9,72,0,-3.6,0,0,0
2022/2/5 4:00,0.7,68,0,-4.5,0,0,0
2022/2/5 5:00,1.5,61,0,-5.2,0,0,0
2022/2/5 6:00,1.8,53,0,-6.7,0,0,0
2022/2/5 7:00,1.1,54,1,-7.2,0.01,0,1.387
2022/2/5 8:00,3.3,49,1,-6.4,0.34,0.5,5.76
2022/2/5 9:00,5.3,41,1,-6.9,1.14,1,7.451
2022/2/5 10:00,6.2,37,1,-7.4,1.74,1,8.143
2022/2/5 11:00,7.4,30,1,-9,2.16,1,7.948
2022/2/5 12:00,7.8,27,1,-10,2.37,1,6.333
2022/2/5 13:00,7.8,31,1,-8.3,1.99,0.7,4.575
2022/2/5 14:00,7.6,30,1,-8.9,1.65,0.9,2.35
2022/2/5 15:00,5.8,35,1,-8.5,0.69,0,1.352
2022/2/5 16:00,4.8,37,1,-8.7,0.36,0,0.191
2022/2/5 17:00,4.6,32,1,-10.7,0.14,0,0.0258
2022/2/5 18:00,3.7,31,0,-11.9,0,0,0
2022/2/5 19:00,2.8,34,0,-11.5,0,0,0
2022/2/5 20:00,2.2,39,0,-10.3,0,0,0
2022/2/5 21:00,1.7,43,0,-9.5,0,0,0
2022/2/5 22:00,1.2,45,0,-9.4,0,0,0
2022/2/5 23:00,0.5,48,0,-9.2,0,0,0
2022/2/6 0:00,0.6,47,0,-9.4,0,0,0
2022/2/6 1:00,-0.2,52,0,-8.9,0,0,0
2022/2/6 2:00,-0.5,53,0,-8.9,0,0,0
2022/2/6 3:00,-1.6,58,0,-8.8,0,0,0
2022/2/6 4:00,-1.5,59,0,-8.5,0,0,0
2022/2/6 5:00,-0.8,57,0,-8.2,0,0,0
2022/2/6 6:00,-1.8,60,0,-8.5,0,0,0
2022/2/6 7:00,-1.2,56,1,-8.8,0.01,0,1.486
2022/2/6 8:00,1.3,49,1,-8.2,0.37,0.5,5.875
2022/2/6 9:00,3.3,48,1,-6.7,1.15,1,7.487
2022/2/6 10:00,4.4,42,1,-7.4,1.76,1,8.185
2022/2/6 11:00,5.9,35,1,-8.4,2.21,1,8.059
2022/2/6 12:00,6.7,30,1,-9.6,2.43,1,6.624
2022/2/6 13:00,6.2,30,1,-10.1,1.98,0.7,1.746
2022/2/6 14:00,5.4,39,1,-7.4,0.79,0,1.99
2022/2/6 15:00,5.9,38,1,-7.3,0.88,0,1.245
2022/2/6 16:00,5.3,37,1,-8.2,0.6,0,0.415
2022/2/6 17:00,4.4,34,1,-10.1,0.17,0,0.0138
2022/2/6 18:00,3.7,33,0,-11.1,0.01,0,0
2022/2/6 19:00,3.1,36,0,-10.5,0,0,0
2022/2/6 20:00,2.7,39,0,-9.9,0,0,0
2022/2/6 21:00,2.1,43,0,-9.2,0,0,0
2022/2/6 22:00,1.6,44,0,-9.3,0,0,0
2022/2/6 23:00,0.7,50,0,-8.5,0,0,0
2022/2/7 0:00,0.5,51,0,-8.5,0,0,0
2022/2/7 1:00,-0.1,53,0,-8.5,0,0,0
2022/2/7 2:00,1.6,45,0,-9,0,0,0
2022/2/7 3:00,0.7,52,0,-8,0,0,0
2022/2/7 4:00,0,55,0,-8,0,0,0
2022/2/7 5:00,1.1,46,0,-9.2,0,0,0
2022/2/7 6:00,1.2,45,0,-9.4,0,0,0.101
2022/2/7 7:00,1.9,40,1,-10.3,0.01,0,1.863
2022/2/7 8:00,2.3,41,1,-9.6,0.39,0.5,6.161
2022/2/7 9:00,5,33,1,-9.9,1.2,1,7.595
2022/2/7 10:00,5.9,28,1,-11.2,1.82,1,8.331
2022/2/7 11:00,7.6,26,1,-10.7,2.25,1,8.159
2022/2/7 12:00,8.3,25,1,-10.6,2.46,1,7.318
2022/2/7 13:00,9,24,1,-10.5,2.44,1,5.913
2022/2/7 14:00,8.9,23,1,-11.1,2.16,1,3.895
2022/2/7 15:00,7.8,24,1,-11.5,1.68,1,1.533
2022/2/7 16:00,7.4,27,1,-10.4,0.7,0.5,0.18
2022/2/7 17:00,6.2,34,1,-8.5,0.18,0.1,0.0282
2022/2/7 18:00,6.3,30,0,-10,0,0,0
2022/2/7 19:00,5.2,33,0,-9.7,0,0,0
2022/2/7 20:00,5.7,31,0,-10.1,0,0,0
2022/2/7 21:00,4.4,35,0,-9.7,0,0,0
2022/2/7 22:00,3.8,37,0,-9.5,0,0,0
2022/2/7 23:00,3.5,40,0,-8.8,0,0,0
2022/2/8 0:00,3.6,42,0,-8.1,0,0,0
2022/2/8 1:00,3.5,45,0,-7.3,0,0,0
2022/2/8 2:00,3.6,46,0,-6.9,0,0,0
2022/2/8 3:00,3.3,46,0,-7.2,0,0,0
2022/2/8 4:00,3,48,0,-6.9,0,0,0
2022/2/8 5:00,2.6,48,0,-7.3,0,0,0
2022/2/8 6:00,2.4,50,0,-6.9,0,0,0
2022/2/8 7:00,2.9,50,1,-6.5,0.01,0,0.0791
2022/2/8 8:00,3.4,51,1,-5.8,0.08,0,0.407
2022/2/8 9:00,3.7,48,1,-6.3,0.23,0,1.227
2022/2/8 10:00,4.8,44,1,-6.4,0.84,0,3.132
2022/2/8 11:00,6,42,1,-5.9,1.09,0,3.243
2022/2/8 12:00,6.8,41,1,-5.5,1.34,0.2,3.869
2022/2/8 13:00,7.8,43,1,-4,1.56,0.8,5.71
2022/2/8 14:00,8.6,45,1,-2.6,2.05,1,3.751
2022/2/8 15:00,8.2,50,1,-1.6,0.9,0.3,1.541
2022/2/8 16:00,7.4,59,1,-0.1,0.63,0.4,0.285
2022/2/8 17:00,6.6,62,1,-0.1,0.3,0.9,0.0036
2022/2/8 18:00,5.5,66,0,-0.3,0.01,0,0
2022/2/8 19:00,6.4,72,0,1.7,0,0,0
2022/2/8 20:00,6.1,74,0,1.8,0,0,0
2022/2/8 21:00,5.9,74,0,1.6,0,0,0
2022/2/8 22:00,6.4,72,0,1.7,0,0,0
2022/2/8 23:00,6.2,73,0,1.7,0,0,0
2022/2/9 0:00,5.3,73,0,0.9,0,0,0
2022/2/9 1:00,4.1,78,0,0.6,0,0,0
2022/2/9 2:00,4.3,63,0,-2.1,0,0,0
2022/2/9 3:00,4.1,55,0,-4.1,0,0,0
2022/2/9 4:00,4.3,54,0,-4.2,0,0,0
2022/2/9 5:00,3,58,0,-4.4,0,0,0
2022/2/9 6:00,2.4,61,0,-4.3,0,0,0.154
2022/2/9 7:00,3.3,54,1,-5.1,0.02,0,2.04
2022/2/9 8:00,4.4,49,1,-5.4,0.43,0.6,5.193
2022/2/9 9:00,5.8,42,1,-6.1,1.2,1,7.466
2022/2/9 10:00,7.2,38,1,-6.2,1.81,1,8.104
2022/2/9 11:00,8.5,36,1,-5.7,2.25,1,7.994
2022/2/9 12:00,9.2,34,1,-5.8,2.46,1,7.196
2022/2/9 13:00,9.4,33,1,-6,2.42,1,5.737
2022/2/9 14:00,9.3,28,1,-8.3,2.14,1,2.796
2022/2/9 15:00,9.6,36,1,-4.7,1.59,1,1.128
2022/2/9 16:00,8.7,36,1,-5.5,0.93,1,0.342
2022/2/9 17:00,8.1,43,1,-3.7,0.25,0.4,0.017
2022/2/9 18:00,7.1,55,0,-1.3,0.01,0,0
2022/2/9 19:00,6.5,58,0,-1.2,0,0,0
2022/2/9 20:00,6.4,58,0,-1.3,0,0,0
2022/2/9 21:00,6,57,0,-1.9,0,0,0
2022/2/9 22:00,5.5,61,0,-1.4,0,0,0
2022/2/9 23:00,5.9,60,0,-1.3,0,0,0
2022/2/10 0:00,6.1,60,0,-1.1,0,0,0
2022/2/10 1:00,4.9,65,0,-1.1,0,0,0
2022/2/10 2:00,4.7,66,0,-1.1,0,0,0
2022/2/10 3:00,4.8,65,0,-1.2,0,0,0
2022/2/10 4:00,4.5,68,0,-0.9,0,0,0
2022/2/10 5:00,4.3,70,0,-0.7,0,0,0
2022/2/10 6:00,3.6,80,0,0.5,0,0,0
2022/2/10 7:00,3.7,91,1,2.4,0,0,0.0586
2022/2/10 8:00,2.8,95,1,2.1,0.04,0,0.259
2022/2/10 9:00,2.2,96,1,1.6,0.15,0,0.586
2022/2/10 10:00,1.8,97,1,1.4,0.28,0,0.884
2022/2/10 11:00,2.2,97,1,1.8,0.31,0,0.925
2022/2/10 12:00,2,96,1,1.4,0.26,0,1.198
2022/2/10 13:00,1.9,97,1,1.5,0.29,0,0.708
2022/2/10 14:00,1.7,97,1,1.3,0.19,0,0.47
2022/2/10 15:00,1.1,97,1,0.7,0.13,0,0.188
2022/2/10 16:00,1,98,1,0.7,0.07,0,0.0368
2022/2/10 17:00,0.8,98,1,0.5,0.02,0,0
2022/2/10 18:00,0.6,98,0,0.3,0,0,0
2022/2/10 19:00,0.8,98,0,0.5,0,0,0
2022/2/10 20:00,0.8,98,0,0.5,0,0,0
2022/2/10 21:00,1,98,0,0.7,0,0,0
2022/2/10 22:00,1,98,0,0.7,0,0,0
2022/2/10 23:00,0.9,98,0,0.6,0,0,0
2022/2/11 0:00,1,98,0,0.7,0,0,0
2022/2/11 1:00,0.8,98,0,0.5,0,0,0
2022/2/11 2:00,0.8,98,0,0.5,0,0,0
2022/2/11 3:00,0.8,98,0,0.5,0,0,0
2022/2/11 4:00,1,97,0,0.6,0,0,0
2022/2/11 5:00,1.1,97,0,0.7,0,0,0
2022/2/11 6:00,1.1,96,0,0.5,0,0,0
2022/2/11 7:00,1,97,1,0.6,0.02,0,0.328
2022/2/11 8:00,1.7,95,1,1,0.28,0.1,3.776
2022/2/11 9:00,2.8,85,1,0.5,1.14,1,6.355
2022/2/11 10:00,4.2,74,1,0,1.8,1,8.394
2022/2/11 11:00,5.8,65,1,-0.2,2.25,1,8.248
2022/2/11 12:00,7.1,59,1,-0.3,2.46,1,7.528
2022/2/11 13:00,8.3,59,1,0.8,2.44,1,6.171
2022/2/11 14:00,8.4,54,1,-0.3,2.18,1,4.114
2022/2/11 15:00,8.6,57,1,0.6,1.69,1,1.713
2022/2/11 16:00,7.6,58,1,-0.1,0.77,0.7,0.316
2022/2/11 17:00,6.4,66,1,0.5,0.38,0.9,0.0163
2022/2/11 18:00,5.8,69,0,0.6,0.01,0,0
2022/2/11 19:00,5.2,71,0,0.4,0,0,0
2022/2/11 20:00,5.1,68,0,-0.3,0,0,0
2022/2/11 21:00,4.7,66,0,-1.1,0,0,0
2022/2/11 22:00,4,68,0,-1.4,0,0,0
2022/2/11 23:00,2.7,74,0,-1.5,0,0,0
2022/2/12 0:00,2.9,74,0,-1.3,0,0,0
2022/2/12 1:00,2.1,76,0,-1.7,0,0,0
2022/2/12 2:00,2.2,74,0,-1.9,0,0,0
2022/2/12 3:00,2.2,70,0,-2.7,0,0,0
2022/2/12 4:00,1.8,69,0,-3.3,0,0,0
2022/2/12 5:00,1.6,72,0,-2.9,0,0,0
2022/2/12 6:00,0.3,82,0,-2.4,0,0,0.383
2022/2/12 7:00,1.5,79,1,-1.7,0.04,0,1.696
2022/2/12 8:00,2.8,75,1,-1.2,0.38,0.3,5.576
2022/2/12 9:00,4.2,63,1,-2.2,1.11,1,6.62
2022/2/12 10:00,5.6,53,1,-3.2,1.61,1,8.13
2022/2/12 11:00,7.5,51,1,-2,2.26,1,7.953
2022/2/12 12:00,7.9,42,1,-4.2,2.49,1,5.916
2022/2/12 13:00,8.2,38,1,-5.3,2.05,1,5.284
2022/2/12 14:00,9,42,1,-3.2,1.96,1,3.922
2022/2/12 15:00,8.5,40,1,-4.3,1.54,1,1.672
2022/2/12 16:00,8.4,39,1,-4.7,1.05,1,0.28
2022/2/12 17:00,7.1,47,1,-3.4,0.38,1,0.0189
2022/2/12 18:00,5,59,0,-2.3,0.01,0.1,0
2022/2/12 19:00,4.9,61,0,-2,0,0,0
2022/2/12 20:00,5.5,64,0,-0.8,0,0,0
2022/2/12 21:00,5.2,69,0,0,0,0,0
2022/2/12 22:00,4,75,0,0,0,0,0
2022/2/12 23:00,3.8,79,0,0.5,0,0,0
2022/2/13 0:00,4.2,77,0,0.5,0,0,0
2022/2/13 1:00,3.7,71,0,-1.1,0,0,0
2022/2/13 2:00,2.2,77,0,-1.4,0,0,0
2022/2/13 3:00,1.9,81,0,-1,0,0,0
2022/2/13 4:00,2.4,80,0,-0.7,0,0,0
2022/2/13 5:00,1.4,84,0,-1,0,0,0
2022/2/13 6:00,1.3,85,0,-0.9,0,0,0.345
2022/2/13 7:00,2.3,78,1,-1.1,0.04,0,0.834
2022/2/13 8:00,2.9,71,1,-1.8,0.27,0,1.336
2022/2/13 9:00,3.6,66,1,-2.1,0.43,0,0.719
2022/2/13 10:00,4.3,63,1,-2.1,0.35,0,1.125
2022/2/13 11:00,4.7,62,1,-1.9,0.36,0,0.634
2022/2/13 12:00,3.7,89,1,2.1,0.25,0,0.757
2022/2/13 13:00,4.1,95,1,3.4,0.33,0,0.956
2022/2/13 14:00,4.1,93,1,3.1,0.32,0,0.617
2022/2/13 15:00,4.2,96,1,3.6,0.23,0,0.202
2022/2/13 16:00,4.3,98,1,4,0.11,0,0.0577
2022/2/13 17:00,4.5,98,1,4.2,0.04,0,0.02
2022/2/13 18:00,4.8,98,0,4.5,0,0,0
2022/2/13 19:00,4.5,97,0,4.1,0,0,0
2022/2/13 20:00,3.5,96,0,2.9,0,0,0
2022/2/13 21:00,2.1,96,0,1.5,0,0,0
2022/2/13 22:00,1.9,98,0,1.6,0,0,0
2022/2/13 23:00,1.2,97,0,0.8,0,0,0
2022/2/14 0:00,0.9,98,0,0.6,0,0,0
2022/2/14 1:00,1.2,98,0,0.9,0,0,0
2022/2/14 2:00,1.7,98,0,1.4,0,0,0
2022/2/14 3:00,1.6,97,0,1.2,0,0,0
2022/2/14 4:00,1.7,97,0,1.3,0,0,0
2022/2/14 5:00,1.5,97,0,1.1,0,0,0
2022/2/14 6:00,1.4,97,0,1,0,0,0
2022/2/14 7:00,1.6,97,1,1.2,0.01,0,0.336
2022/2/14 8:00,2.4,94,1,1.5,0.14,0,1.224
2022/2/14 9:00,3.6,88,1,1.8,0.54,0,3.669
2022/2/14 10:00,4.6,73,1,0.2,1.14,0.4,3.366
2022/2/14 11:00,5.4,66,1,-0.4,1.19,0,2.809
2022/2/14 12:00,5.8,61,1,-1.1,1.04,0,3.46
2022/2/14 13:00,6.6,60,1,-0.6,1.35,0.3,3.29
2022/2/14 14:00,7.3,51,1,-2.2,1.33,0.6,2.624
2022/2/14 15:00,7.5,53,1,-1.4,1.21,0.8,1.578
2022/2/14 16:00,7.2,55,1,-1.2,0.82,0.7,0.523
2022/2/14 17:00,5.8,62,1,-0.9,0.34,0.6,0.0582
2022/2/14 18:00,5,61,0,-1.9,0.02,0.1,0
2022/2/14 19:00,5,60,0,-2.1,0,0,0
2022/2/14 20:00,4.1,71,0,-0.7,0,0,0
2022/2/14 21:00,4.1,76,0,0.3,0,0,0
2022/2/14 22:00,3.2,81,0,0.3,0,0,0
2022/2/14 23:00,2.6,82,0,-0.1,0,0,0
2022/2/15 0:00,2.6,84,0,0.2,0,0,0
2022/2/15 1:00,1.9,87,0,0,0,0,0
2022/2/15 2:00,2,86,0,-0.1,0,0,0
2022/2/15 3:00,1.5,90,0,0.1,0,0,0
2022/2/15 4:00,1.7,86,0,-0.4,0,0,0
2022/2/15 5:00,2.5,82,0,-0.2,0,0,0
2022/2/15 6:00,1.4,84,0,-1,0,0,0.26
2022/2/15 7:00,1.8,83,1,-0.8,0.03,0,2.617
2022/2/15 8:00,4.1,71,1,-0.7,0.43,0.5,5.649
2022/2/15 9:00,6.2,62,1,-0.5,1.18,0.9,6.381
2022/2/15 10:00,6.8,61,1,-0.2,1.21,0.4,4.669
2022/2/15 11:00,6.7,60,1,-0.5,0.7,0,2.316
2022/2/15 12:00,8.7,56,1,0.4,1.25,0.2,3.077
2022/2/15 13:00,9,59,1,1.4,1.31,0.1,4.173
2022/2/15 14:00,11.1,56,1,2.7,1.99,0.8,4.05
2022/2/15 15:00,10.8,62,1,3.8,1.66,1,1.718
2022/2/15 16:00,10,70,1,4.8,0.97,1,0.309
2022/2/15 17:00,9.8,62,1,2.9,0.25,0.4,0.0201
2022/2/15 18:00,7.2,69,0,1.9,0.01,0,0
2022/2/15 19:00,6.4,71,0,1.5,0,0,0
2022/2/15 20:00,5.4,73,0,1,0,0,0
2022/2/15 21:00,4,79,0,0.7,0,0,0
2022/2/15 22:00,4.1,79,0,0.8,0,0,0
2022/2/15 23:00,4.2,76,0,0.4,0,0,0
2022/2/16 0:00,4.4,75,0,0.4,0,0,0
2022/2/16 1:00,3.2,81,0,0.3,0,0,0
2022/2/16 2:00,3.4,81,0,0.5,0,0,0
2022/2/16 3:00,2.4,86,0,0.3,0,0,0
2022/2/16 4:00,2.4,86,0,0.3,0,0,0
2022/2/16 5:00,2.3,85,0,0.1,0,0,0
2022/2/16 6:00,1.9,89,0,0.3,0,0,0
2022/2/16 7:00,2,85,1,-0.2,0.03,0,1.691
2022/2/16 8:00,4.1,77,1,0.4,0.45,0.6,6.169
2022/2/16 9:00,6.4,68,1,0.9,1.27,1,7.562
2022/2/16 10:00,8.4,49,1,-1.7,1.89,1,8.143
2022/2/16 11:00,9.1,42,1,-3.1,2.25,1,8.055
2022/2/16 12:00,10.7,42,1,-1.7,2.49,0.9,7.418
2022/2/16 13:00,9.8,44,1,-1.9,2.5,0.9,5.724
2022/2/16 14:00,9.5,52,1,0.2,1.2,0.3,4.553
2022/2/16 15:00,9.5,44,1,-2.1,0.33,0,2.201
2022/2/16 16:00,9.6,42,1,-2.7,0.15,0,0.672
2022/2/16 17:00,9.3,41,1,-3.3,0.1,0,0.0576
2022/2/16 18:00,8,53,0,-1,0.02,0.1,0
2022/2/16 19:00,6.6,61,0,-0.4,0,0,0
2022/2/16 20:00,6.4,48,0,-3.8,0,0,0
2022/2/16 21:00,5.4,49,0,-4.4,0,0,0
2022/2/16 22:00,5.5,42,0,-6.4,0,0,0
2022/2/16 23:00,4.2,48,0,-5.8,0,0,0
2022/2/17 0:00,3.3,48,0,-6.7,0,0,0
2022/2/17 1:00,2.6,42,0,-9,0,0,0
2022/2/17 2:00,3.9,44,0,-7.2,0,0,0
2022/2/17 3:00,3.5,42,0,-8.2,0,0,0
2022/2/17 4:00,2.5,49,0,-7.1,0,0,0
2022/2/17 5:00,2.5,42,0,-9.1,0,0,0
2022/2/17 6:00,1.8,47,0,-8.3,0,0,0.372
2022/2/17 7:00,1.9,46,1,-8.5,0.05,0,3.754
2022/2/17 8:00,3.8,39,1,-8.9,0.58,0.8,6.701
2022/2/17 9:00,5,34,1,-9.5,1.35,1,7.839
2022/2/17 10:00,6.2,30,1,-10.1,1.97,1,8.662
2022/2/17 11:00,8.3,28,1,-9.1,2.43,1,8.651
2022/2/17 12:00,9,21,1,-12.2,2.68,1,7.938
2022/2/17 13:00,7.2,20,1,-14.3,2.45,1,6.493
2022/2/17 14:00,8.7,17,1,-15,2.16,1,3.447
2022/2/17 15:00,8.2,17,1,-15.4,1.19,0.6,1.692
2022/2/17 16:00,6.9,23,1,-12.8,1.11,0.9,0.186
2022/2/17 17:00,5.5,30,1,-10.7,0.28,0.4,0.00725
2022/2/17 18:00,4.7,30,0,-11.4,0.02,0.1,0
2022/2/17 19:00,4.3,32,0,-10.9,0,0,0
2022/2/17 20:00,4.5,30,0,-11.6,0,0,0
2022/2/17 21:00,3.7,31,0,-11.9,0,0,0
2022/2/17 22:00,2.7,36,0,-10.9,0,0,0
2022/2/17 23:00,1.7,39,0,-10.8,0,0,0
2022/2/18 0:00,1.4,41,0,-10.4,0,0,0
2022/2/18 1:00,0.4,46,0,-9.9,0,0,0
2022/2/18 2:00,1.4,38,0,-11.4,0,0,0
2022/2/18 3:00,1,40,0,-11.1,0,0,0
2022/2/18 4:00,1.9,38,0,-10.9,0,0,0
2022/2/18 5:00,1.5,42,0,-10,0,0,0
2022/2/18 6:00,2,39,0,-10.5,0,0,0.0994
2022/2/18 7:00,2.4,40,1,-9.8,0.03,0,3.746
2022/2/18 8:00,4.1,42,1,-7.7,0.59,0.8,6.761
2022/2/18 9:00,6.4,41,1,-5.9,1.35,1,8.143
2022/2/18 10:00,8.1,44,1,-3.4,1.97,1,8.719
2022/2/18 11:00,8.9,39,1,-4.3,2.41,1,8.536
2022/2/18 12:00,10.4,36,1,-4,2.64,1,7.718
2022/2/18 13:00,10.6,33,1,-5,2.63,1,6.503
2022/2/18 14:00,10.6,31,1,-5.8,2.36,1,4.386
2022/2/18 15:00,10.6,32,1,-5.4,1.88,1,1.877
2022/2/18 16:00,9.7,29,1,-7.5,1.24,1,0.273
2022/2/18 17:00,8.5,35,1,-6.1,0.5,1,0.0216
2022/2/18 18:00,7.7,35,0,-6.8,0.03,0.2,0
2022/2/18 19:00,7.1,38,0,-6.2,0,0,0
2022/2/18 20:00,6.8,41,0,-5.5,0,0,0
2022/2/18 21:00,5.7,47,0,-4.7,0,0,0
2022/2/18 22:00,4.7,51,0,-4.6,0,0,0
2022/2/18 23:00,3.8,56,0,-4.2,0,0,0
2022/2/19 0:00,3.3,59,0,-3.9,0,0,0
2022/2/19 1:00,2.8,61,0,-4,0,0,0
2022/2/19 2:00,2,66,0,-3.7,0,0,0
2022/2/19 3:00,1.9,65,0,-4,0,0,0
2022/2/19 4:00,1.8,66,0,-3.9,0,0,0
2022/2/19 5:00,2.7,62,0,-3.8,0,0,0
2022/2/19 6:00,2.7,60,0,-4.3,0,0,0.465
2022/2/19 7:00,2.3,63,1,-4,0.04,0,0.742
2022/2/19 8:00,2.8,60,1,-4.2,0.23,0,1.971
2022/2/19 9:00,3.8,60,1,-3.2,0.59,0,2.106
2022/2/19 10:00,4.7,56,1,-3.3,0.67,0,3.916
2022/2/19 11:00,5.3,54,1,-3.2,1.08,0.1,4.83
2022/2/19 12:00,7.1,47,1,-3.4,1.85,0.6,3.969
2022/2/19 13:00,8.3,51,1,-1.2,1.17,0.1,2.658
2022/2/19 14:00,7.9,50,1,-1.9,1,0.2,0.791
2022/2/19 15:00,8.3,57,1,0.3,0.54,0,0.29
2022/2/19 16:00,8.2,68,1,2.7,0.2,0,0.308
2022/2/19 17:00,6.5,94,1,5.6,0.1,0,0.042
2022/2/19 18:00,6,97,0,5.6,0.02,0,0
2022/2/19 19:00,6.3,98,0,6,0,0,0
2022/2/19 20:00,6.4,99,0,6.3,0,0,0
2022/2/19 21:00,6.2,99,0,6.1,0,0,0
2022/2/19 22:00,5.4,97,0,5,0,0,0
2022/2/19 23:00,5.1,98,0,4.8,0,0,0
2022/2/20 0:00,4.5,97,0,4.1,0,0,0
2022/2/20 1:00,4,95,0,3.3,0,0,0
2022/2/20 2:00,4,98,0,3.7,0,0,0
2022/2/20 3:00,4.1,98,0,3.8,0,0,0
2022/2/20 4:00,4.2,97,0,3.8,0,0,0
2022/2/20 5:00,4.5,96,0,3.9,0,0,0
2022/2/20 6:00,4.9,94,0,4,0,0,0
2022/2/20 7:00,5.1,98,1,4.8,0,0,0.087
2022/2/20 8:00,5.4,98,1,5.1,0.09,0,0.881
2022/2/20 9:00,5.8,97,1,5.4,0.29,0,0.554
2022/2/20 10:00,6,96,1,5.4,0.28,0,0.783
2022/2/20 11:00,7.1,95,1,6.4,0.48,0,1.986
2022/2/20 12:00,8.8,80,1,5.6,1.1,0,6.299
2022/2/20 13:00,9.2,73,1,4.6,1.32,0.2,2.478
2022/2/20 14:00,9.2,79,1,5.8,0.49,0,1.299
2022/2/20 15:00,8.6,84,1,6.1,0.41,0,0.693
2022/2/20 16:00,8.7,78,1,5.1,0.17,0,0.177
2022/2/20 17:00,7.7,45,1,-3.5,0.11,0,0.0215
2022/2/20 18:00,7.3,42,0,-4.7,0.01,0,0
2022/2/20 19:00,6.9,40,0,-5.8,0,0,0
2022/2/20 20:00,5.5,47,0,-4.9,0,0,0
2022/2/20 21:00,4.4,48,0,-5.6,0,0,0
2022/2/20 22:00,3.7,53,0,-5,0,0,0
2022/2/20 23:00,2.7,57,0,-4.9,0,0,0
2022/2/21 0:00,2.7,48,0,-7.2,0,0,0
2022/2/21 1:00,2.2,43,0,-9.1,0,0,0
2022/2/21 2:00,2.4,40,0,-9.8,0,0,0
2022/2/21 3:00,2.1,39,0,-10.4,0,0,0
2022/2/21 4:00,1.8,38,0,-11,0,0,0
2022/2/21 5:00,1.8,37,0,-11.3,0,0,0
2022/2/21 6:00,1.4,40,0,-10.7,0,0,0.163
2022/2/21 7:00,1.7,36,1,-11.8,0.04,0,3.843
2022/2/21 8:00,2.9,37,1,-10.3,0.67,0.9,6.989
2022/2/21 9:00,4.3,29,1,-12.2,1.44,1,8.356
2022/2/21 10:00,4.6,26,1,-13.2,2.05,1,8.84
2022/2/21 11:00,6.9,28,1,-10.3,2.49,1,8.588
2022/2/21 12:00,7.8,25,1,-11,2.72,1,7.936
2022/2/21 13:00,7.7,25,1,-11.1,2.02,0.7,6.453
2022/2/21 14:00,7.9,21,1,-13.1,1.68,0.7,4.502
2022/2/21 15:00,8,27,1,-9.8,1.84,1,1.97
2022/2/21 16:00,7,26,1,-11.2,1.27,1,0.327
2022/2/21 17:00,5.5,29,1,-11.1,0.54,1,0.0527
2022/2/21 18:00,4.5,34,0,-10,0.04,0.2,0
2022/2/21 19:00,3.8,37,0,-9.5,0,0,0
2022/2/21 20:00,3.4,38,0,-9.6,0,0,0
2022/2/21 21:00,3,41,0,-9,0,0,0
2022/2/21 22:00,2.6,43,0,-8.7,0,0,0
2022/2/21 23:00,2.8,39,0,-9.8,0,0,0
2022/2/22 0:00,1.3,42,0,-10.2,0,0,0
2022/2/22 1:00,2.7,33,0,-12,0,0,0
2022/2/22 2:00,2.1,37,0,-11.1,0,0,0
2022/2/22 3:00,1.3,40,0,-10.8,0,0,0
2022/2/22 4:00,1.3,39,0,-11.1,0,0,0
2022/2/22 5:00,1.3,42,0,-10.2,0,0,0
2022/2/22 6:00,0,48,0,-9.7,0,0,0.168
2022/2/22 7:00,0.4,47,1,-9.6,0.06,0.1,3.483
2022/2/22 8:00,2.6,40,1,-9.6,0.65,0.9,6.497
2022/2/22 9:00,4.4,35,1,-9.7,1.4,1,7.953
2022/2/22 10:00,6.1,33,1,-9,2.02,1,8.491
2022/2/22 11:00,7.3,36,1,-6.8,2.47,1,8.308
2022/2/22 12:00,7.9,31,1,-8.2,2.68,1,7.606
2022/2/22 13:00,9.1,33,1,-6.3,2.65,1,6.241
2022/2/22 14:00,9.1,32,1,-6.7,2.37,1,4.663
2022/2/22 15:00,9.1,29,1,-8,1.88,1,1.857
2022/2/22 16:00,8.5,30,1,-8.1,1.24,1,0.374
2022/2/22 17:00,7,38,1,-6.3,0.49,0.8,0.0675
2022/2/22 18:00,5.9,39,0,-7,0.05,0.2,0
2022/2/22 19:00,5.4,37,0,-8.1,0,0,0
2022/2/22 20:00,3.9,37,0,-9.4,0,0,0
2022/2/22 21:00,2.8,40,0,-9.4,0,0,0
2022/2/22 22:00,2.8,40,0,-9.4,0,0,0
2022/2/22 23:00,2.4,45,0,-8.3,0,0,0
2022/2/23 0:00,2.1,46,0,-8.3,0,0,0
2022/2/23 1:00,1.8,49,0,-7.8,0,0,0
2022/2/23 2:00,1.3,50,0,-8,0,0,0
2022/2/23 3:00,0.9,51,0,-8.1,0,0,0
2022/2/23 4:00,1.1,50,0,-8.2,0,0,0
2022/2/23 5:00,1.2,50,0,-8.1,0,0,0
2022/2/23 6:00,1.3,50,0,-8,0,0,0
2022/2/23 7:00,1.6,49,1,-8,0.07,0.2,0
2022/2/23 8:00,2.6,46,1,-7.8,0.68,0.9,7.656
2022/2/23 9:00,4,41,1,-8.1,1.43,1,8.236
2022/2/23 10:00,6.2,33,1,-8.9,2.06,1,8.749
2022/2/23 11:00,7.1,30,1,-9.3,2.52,1,8.641
2022/2/23 12:00,7.2,25,1,-11.5,2.74,1,6.267
2022/2/23 13:00,7.9,26,1,-10.4,2.7,1,5.902
2022/2/23 14:00,8.9,27,1,-9.1,2.43,1,4.503
2022/2/23 15:00,7.9,28,1,-9.5,1.22,0.4,2.016
2022/2/23 16:00,7.7,32,1,-7.9,1.28,0.9,0.371
2022/2/23 17:00,6.6,36,1,-7.4,0.4,0.5,0.0483
2022/2/23 18:00,6.9,28,0,-10.3,0.02,0,0
2022/2/23 19:00,5.9,29,0,-10.8,0,0,0
2022/2/23 20:00,4.5,33,0,-10.4,0,0,0
2022/2/23 21:00,3.5,37,0,-9.8,0,0,0
2022/2/23 22:00,3.6,35,0,-10.4,0,0,0
2022/2/23 23:00,2.9,41,0,-9,0,0,0
2022/2/24 0:00,2.3,42,0,-9.3,0,0,0
2022/2/24 1:00,2.6,40,0,-9.6,0,0,0
2022/2/24 2:00,2.7,41,0,-9.2,0,0,0
2022/2/24 3:00,2.3,42,0,-9.3,0,0,0
2022/2/24 4:00,2.2,38,0,-10.6,0,0,0
2022/2/24 5:00,2.1,42,0,-9.5,0,0,0
2022/2/24 6:00,2.2,40,0,-10,0,0,0.129
2022/2/24 7:00,2.3,38,1,-10.5,0.03,0,0.691
2022/2/24 8:00,3.4,37,1,-9.9,0.44,0.3,3.673
2022/2/24 9:00,4.8,33,1,-10.1,1.33,0.9,4.388
2022/2/24 10:00,5.8,30,1,-10.4,1.71,0.7,8.719
2022/2/24 11:00,7.6,27,1,-10.2,2.52,1,8.887
2022/2/24 12:00,9.1,22,1,-11.5,2.8,1,8.143
2022/2/24 13:00,9.5,20,1,-12.3,2.8,1,6.715
2022/2/24 14:00,8.8,19,1,-13.6,2.52,1,4.642
2022/2/24 15:00,9.4,22,1,-11.2,2.02,1,2.032
2022/2/24 16:00,8.3,25,1,-10.6,1.35,1,0.323
2022/2/24 17:00,7.1,24,1,-12.1,0.6,1,0.0662
2022/2/24 18:00,6.1,30,0,-10.2,0.05,0.3,0
2022/2/24 19:00,5.2,32,0,-10.1,0,0,0
2022/2/24 20:00,4.5,35,0,-9.6,0,0,0
2022/2/24 21:00,3.2,43,0,-8.2,0,0,0
2022/2/24 22:00,2.8,43,0,-8.5,0,0,0
2022/2/24 23:00,2.2,46,0,-8.2,0,0,0
2022/2/25 0:00,1.9,47,0,-8.2,0,0,0
2022/2/25 1:00,2.1,45,0,-8.6,0,0,0
2022/2/25 2:00,1.9,46,0,-8.5,0,0,0
2022/2/25 3:00,1.5,45,0,-9.1,0,0,0
2022/2/25 4:00,0.8,45,0,-9.8,0,0,0
2022/2/25 5:00,0.4,47,0,-9.6,0,0,0
2022/2/25 6:00,0.2,47,0,-9.8,0,0,0.164
2022/2/25 7:00,1.1,40,1,-11,0.11,0.4,3.598
2022/2/25 8:00,4.7,29,1,-11.8,0.78,1,6.924
2022/2/25 9:00,7.2,29,1,-9.6,1.53,1,8.191
2022/2/25 10:00,8.4,22,1,-12.1,2.15,1,8.709
2022/2/25 11:00,9.3,18,1,-13.8,2.59,1,8.558
2022/2/25 12:00,11,18,1,-12.4,2.81,1,7.853
2022/2/25 13:00,12,18,1,-11.6,2.79,1,6.538
2022/2/25 14:00,12.5,22,1,-8.6,2.47,1,4.528
2022/2/25 15:00,12,18,1,-11.6,1.96,1,1.995
2022/2/25 16:00,11.2,20,1,-10.9,1.29,1,0.332
2022/2/25 17:00,10,30,1,-6.8,0.56,1,0.0601
2022/2/25 18:00,8.7,35,0,-5.9,0.05,0.3,0
2022/2/25 19:00,8.7,32,0,-7.1,0,0,0
2022/2/25 20:00,7.4,36,0,-6.7,0,0,0
2022/2/25 21:00,6.5,40,0,-6.1,0,0,0
2022/2/25 22:00,7,39,0,-6,0,0,0
2022/2/25 23:00,6.1,45,0,-4.9,0,0,0
2022/2/26 0:00,4.8,50,0,-4.7,0,0,0
2022/2/26 1:00,4.7,50,0,-4.8,0,0,0
2022/2/26 2:00,4.1,52,0,-4.9,0,0,0
2022/2/26 3:00,3.4,55,0,-4.8,0,0,0
2022/2/26 4:00,3.6,54,0,-4.8,0,0,0
2022/2/26 5:00,4,53,0,-4.7,0,0,0
2022/2/26 6:00,3.5,52,0,-5.4,0,0,0.183
2022/2/26 7:00,3.5,53,1,-5.2,0.12,0.4,3.474
2022/2/26 8:00,6.6,41,1,-5.7,0.76,1,6.726
2022/2/26 9:00,9.2,36,1,-5.1,1.49,1,7.955
2022/2/26 10:00,10,31,1,-6.3,2.11,1,8.4
2022/2/26 11:00,12.3,29,1,-5.2,2.55,1,8.27
2022/2/26 12:00,12.5,35,1,-2.5,2.75,1,7.669
2022/2/26 13:00,13.5,33,1,-2.4,2.7,1,6.22
2022/2/26 14:00,13.1,38,1,-0.9,2.27,1,4.324
2022/2/26 15:00,13.7,43,1,1.4,1.89,1,1.922
2022/2/26 16:00,12,56,1,3.5,1.24,1,0.389
2022/2/26 17:00,11.3,57,1,3.1,0.54,1,0.0652
2022/2/26 18:00,9.7,66,0,3.7,0.05,0.3,0
2022/2/26 19:00,9.8,51,0,0.2,0,0,0
2022/2/26 20:00,10,51,0,0.3,0,0,0
2022/2/26 21:00,9.5,50,0,-0.4,0,0,0
2022/2/26 22:00,9.6,49,0,-0.6,0,0,0
2022/2/26 23:00,8.9,51,0,-0.7,0,0,0
2022/2/27 0:00,8.5,51,0,-1,0,0,0
2022/2/27 1:00,7.6,53,0,-1.4,0,0,0
2022/2/27 2:00,6.7,70,0,1.6,0,0,0
2022/2/27 3:00,5.8,73,0,1.3,0,0,0
2022/2/27 4:00,5.5,68,0,0.1,0,0,0
2022/2/27 5:00,4.1,63,0,-2.3,0,0,0
2022/2/27 6:00,3.9,67,0,-1.7,0,0,0.283
2022/2/27 7:00,5.4,62,1,-1.3,0.11,0.4,3.18
2022/2/27 8:00,7.5,57,1,-0.4,0.72,1,6.118
2022/2/27 9:00,10.4,44,1,-1.3,1.4,1,7.571
2022/2/27 10:00,12.4,39,1,-1.2,2.07,1,8.318
2022/2/27 11:00,15.7,27,1,-3.2,2.53,1,8.471
2022/2/27 12:00,16.6,25,1,-3.5,2.73,1,5.163
2022/2/27 13:00,16.6,28,1,-2,2.35,0.8,6.242
2022/2/27 14:00,16.2,25,1,-3.8,2.44,1,4.33
2022/2/27 15:00,15,23,1,-5.9,1.98,1,2.004
2022/2/27 16:00,13.9,26,1,-5.3,1.35,1,0.365
2022/2/27 17:00,11.9,33,1,-3.8,0.61,1,0.0661
2022/2/27 18:00,10.3,32,0,-5.7,0.06,0.3,0
2022/2/27 19:00,8.7,38,0,-4.8,0,0,0
2022/2/27 20:00,7.7,41,0,-4.7,0,0,0
2022/2/27 21:00,7.6,39,0,-5.5,0,0,0
2022/2/27 22:00,6.8,42,0,-5.2,0,0,0
2022/2/27 23:00,6.5,43,0,-5.2,0,0,0
2022/2/28 0:00,6.2,44,0,-5.1,0,0,0
2022/2/28 1:00,6.1,42,0,-5.8,0,0,0
2022/2/28 2:00,5.5,44,0,-5.8,0,0,0
2022/2/28 3:00,5.2,44,0,-6,0,0,0
2022/2/28 4:00,5.8,42,0,-6.1,0,0,0
2022/2/28 5:00,5.1,43,0,-6.4,0,0,0
2022/2/28 6:00,5.5,44,0,-5.8,0,0,0.345
2022/2/28 7:00,5.8,44,1,-5.5,0.11,0.4,3.356
2022/2/28 8:00,8.7,41,1,-3.8,0.77,1,6.714
2022/2/28 9:00,10.5,35,1,-4.3,1.51,1,8.115
2022/2/28 10:00,12.1,28,1,-5.8,2.14,1,8.565
2022/2/28 11:00,13,27,1,-5.5,2.6,1,8.344
2022/2/28 12:00,14.1,24,1,-6.1,2.81,1,7.709
2022/2/28 13:00,14.7,24,1,-5.6,2.76,1,6.417
2022/2/28 14:00,14.5,29,1,-3.3,2.45,1,4.366
2022/2/28 15:00,13.4,25,1,-6.2,1.68,1,1.711
2022/2/28 16:00,13,30,1,-4.1,0.88,0.4,0.757
2022/2/28 17:00,12.5,31,1,-4.1,0.48,0.4,0.0876
2022/2/28 18:00,10.6,36,0,-3.8,0.06,0.2,0
2022/2/28 19:00,10.8,49,0,0.5,0,0,0
2022/2/28 20:00,10.2,55,0,1.6,0,0,0
2022/2/28 21:00,9.9,59,0,2.3,0,0,0
2022/2/28 22:00,10,61,0,2.8,0,0,0
2022/2/28 23:00,9.5,64,0,3,0,0,0
2022/3/1 0:00,8.8,66,0,2.8,0,0,0
2022/3/1 1:00,8.2,69,0,2.9,0,0,0
2022/3/1 2:00,7.5,57,0,-0.4,0,0,0
2022/3/1 3:00,7,54,0,-1.7,0,0,0
2022/3/1 4:00,6,60,0,-1.2,0,0,0
2022/3/1 5:00,6.1,61,0,-0.8,0,0,0
2022/3/1 6:00,5.4,63,0,-1.1,0,0,0.409
2022/3/1 7:00,5.9,61,1,-1,0.1,0.3,2.651
2022/3/1 8:00,7.2,60,1,0,0.58,0.8,5.273
2022/3/1 9:00,9.4,55,1,0.8,1.33,0.8,6.037
2022/3/1 10:00,10.7,50,1,0.7,1.76,0.9,7.346
2022/3/1 11:00,12.5,46,1,1.2,2.41,1,6.633
2022/3/1 12:00,13.9,43,1,1.5,2.57,1,6.404
2022/3/1 13:00,13.8,44,1,1.8,2.56,1,6.102
2022/3/1 14:00,16.7,39,1,2.7,2.29,1,2.923
2022/3/1 15:00,18.2,32,1,1.3,1.75,0.9,0.154
2022/3/1 16:00,15.9,42,1,3,0.49,0.1,0.351
2022/3/1 17:00,14,50,1,3.8,0.23,0.1,0.0585
2022/3/1 18:00,13.7,45,0,2,0.04,0,0
2022/3/1 19:00,13.5,38,0,-0.5,0,0,0
2022/3/1 20:00,12.6,43,0,0.4,0,0,0
2022/3/1 21:00,12.3,45,0,0.7,0,0,0
2022/3/1 22:00,12,48,0,1.3,0,0,0
2022/3/1 23:00,11.7,51,0,1.9,0,0,0
2022/3/2 0:00,10.5,56,0,2.1,0,0,0
2022/3/2 1:00,10.1,55,0,1.5,0,0,0
2022/3/2 2:00,9.4,58,0,1.6,0,0,0
2022/3/2 3:00,8.7,61,0,1.6,0,0,0
2022/3/2 4:00,8,65,0,1.8,0,0,0
2022/3/2 5:00,8.7,60,0,1.4,0,0,0
2022/3/2 6:00,8.4,61,0,1.3,0,0,0.329
2022/3/2 7:00,9.2,55,1,0.6,0.12,0.4,3.108
2022/3/2 8:00,10.7,46,1,-0.4,0.74,1,6.189
2022/3/2 9:00,12.6,42,1,0.1,1.45,1,7.465
2022/3/2 10:00,13.3,38,1,-0.7,2.01,1,6.089
2022/3/2 11:00,13.5,34,1,-2,1.61,0.3,5.515
2022/3/2 12:00,14.1,34,1,-1.5,1.38,0.1,3.693
2022/3/2 13:00,14,35,1,-1.2,1.87,0.4,2.077
2022/3/2 14:00,15.2,33,1,-0.9,1.6,0.3,3.378
2022/3/2 15:00,15.1,33,1,-1,1.82,0.9,1.745
2022/3/2 16:00,13.6,53,1,4.2,0.62,0.2,0.652
2022/3/2 17:00,12.5,61,1,5.2,0.49,0.5,0.0746
2022/3/2 18:00,11.8,65,0,5.5,0.04,0,0
2022/3/2 19:00,11.6,65,0,5.3,0,0,0
2022/3/2 20:00,11.5,66,0,5.4,0,0,0
2022/3/2 21:00,11.8,66,0,5.7,0,0,0
2022/3/2 22:00,8.7,88,0,6.8,0,0,0
2022/3/2 23:00,7.7,93,0,6.7,0,0,0
2022/3/3 0:00,7.8,95,0,7.1,0,0,0
2022/3/3 1:00,7.6,96,0,7,0,0,0
2022/3/3 2:00,7.2,95,0,6.5,0,0,0
2022/3/3 3:00,6.9,96,0,6.3,0,0,0
2022/3/3 4:00,5.8,94,0,4.9,0,0,0
2022/3/3 5:00,5.8,91,0,4.5,0,0,0
2022/3/3 6:00,4.9,93,0,3.9,0,0,0.438
2022/3/3 7:00,6.4,88,1,4.6,0.15,0.4,3.272
2022/3/3 8:00,7.7,77,1,3.9,0.67,0.8,4.935
2022/3/3 9:00,8.6,74,1,4.2,0.88,0.2,6.86
2022/3/3 10:00,10.4,62,1,3.4,1.91,0.8,8.341
2022/3/3 11:00,12,63,1,5.2,2.67,1,8.253
2022/3/3 12:00,13,60,1,5.4,2.86,1,7.501
2022/3/3 13:00,12.6,51,1,2.7,2.79,1,6.331
2022/3/3 14:00,14.2,50,1,3.9,2.39,1,4.293
2022/3/3 15:00,14.5,53,1,5.1,1.92,1,1.883
2022/3/3 16:00,13.4,55,1,4.6,1.26,1,0.417
2022/3/3 17:00,12.5,63,1,5.7,0.2,0.1,0.0174
2022/3/3 18:00,12.5,36,0,-2.1,0.01,0,0
2022/3/3 19:00,10.7,34,0,-4.5,0,0,0
2022/3/3 20:00,9.7,37,0,-4.3,0,0,0
2022/3/3 21:00,8.6,40,0,-4.2,0,0,0
2022/3/3 22:00,7.8,41,0,-4.6,0,0,0
2022/3/3 23:00,7.4,42,0,-4.7,0,0,0
2022/3/4 0:00,6.7,44,0,-4.7,0,0,0
2022/3/4 1:00,6.5,42,0,-5.5,0,0,0
2022/3/4 2:00,5.9,42,0,-6,0,0,0
2022/3/4 3:00,5.8,46,0,-4.9,0,0,0
2022/3/4 4:00,5.2,47,0,-5.2,0,0,0
2022/3/4 5:00,5.3,45,0,-5.7,0,0,0
2022/3/4 6:00,5.1,44,0,-6.1,0,0,0.402
2022/3/4 7:00,5.6,44,1,-5.7,0.09,0.1,1.043
2022/3/4 8:00,5.9,43,1,-5.7,0.35,0.1,2.154
2022/3/4 9:00,6.8,40,1,-5.8,0.78,0.1,3.952
2022/3/4 10:00,7.1,35,1,-7.3,1.53,0.4,5.986
2022/3/4 11:00,9.5,36,1,-4.8,1.82,0.4,6.675
2022/3/4 12:00,9.2,31,1,-7,2.63,1,6.052
2022/3/4 13:00,11,32,1,-5,2.62,0.9,5.651
2022/3/4 14:00,11.1,35,1,-3.8,2.13,0.8,3.358
2022/3/4 15:00,11.6,39,1,-1.9,1.74,1,1.902
2022/3/4 16:00,10.8,45,1,-0.6,1.2,1,0.655
2022/3/4 17:00,9.8,56,1,1.5,0.46,0.5,0.0967
2022/3/4 18:00,9,61,0,1.9,0.04,0,0
2022/3/4 19:00,8.8,63,0,2.2,0,0,0
2022/3/4 20:00,9,64,0,2.6,0,0,0
2022/3/4 21:00,9,68,0,3.4,0,0,0
2022/3/4 22:00,9.4,69,0,4,0,0,0
2022/3/4 23:00,9.1,72,0,4.3,0,0,0
2022/3/5 0:00,7.6,81,0,4.6,0,0,0
2022/3/5 1:00,6.5,89,0,4.8,0,0,0
2022/3/5 2:00,7.4,76,0,3.5,0,0,0
2022/3/5 3:00,6.3,76,0,2.4,0,0,0
2022/3/5 4:00,5,84,0,2.5,0,0,0
2022/3/5 5:00,5.1,80,0,1.9,0,0,0
2022/3/5 6:00,4.7,78,0,1.2,0,0,0.476
2022/3/5 7:00,6.2,70,1,1.1,0.13,0.3,3.352
2022/3/5 8:00,7.8,65,1,1.6,0.79,1,6.402
2022/3/5 9:00,8.5,60,1,1.2,1.52,1,7.715
2022/3/5 10:00,10.6,52,1,1.2,2.13,1,8.257
2022/3/5 11:00,12.7,51,1,2.8,2.55,1,8.251
2022/3/5 12:00,13.7,53,1,4.3,2.72,1,7.592
2022/3/5 13:00,16.8,36,1,1.7,2.69,1,6.285
2022/3/5 14:00,17.1,38,1,2.7,2.42,1,4.308
2022/3/5 15:00,17.6,34,1,1.6,1.92,1,2.034
2022/3/5 16:00,17.1,34,1,1.1,1.21,1,0.569
2022/3/5 17:00,16.1,38,1,1.8,0.55,0.9,0.0996
2022/3/5 18:00,14.7,43,0,2.3,0.06,0,0
2022/3/5 19:00,13.9,47,0,2.8,0,0,0
2022/3/5 20:00,14.1,46,0,2.7,0,0,0
2022/3/5 21:00,13.5,38,0,-0.5,0,0,0
2022/3/5 22:00,12.1,42,0,-0.4,0,0,0
2022/3/5 23:00,10.6,45,0,-0.8,0,0,0
2022/3/6 0:00,9.8,42,0,-2.5,0,0,0
2022/3/6 1:00,8.5,41,0,-4,0,0,0
2022/3/6 2:00,7.3,41,0,-5.1,0,0,0
2022/3/6 3:00,6.3,42,0,-5.7,0,0,0
2022/3/6 4:00,6.4,36,0,-7.6,0,0,0
2022/3/6 5:00,6,33,0,-9,0,0,0
2022/3/6 6:00,5.7,33,0,-9.3,0,0,0.269
2022/3/6 7:00,5.3,36,1,-8.6,0.16,0.3,3.856
2022/3/6 8:00,6.8,33,1,-8.3,0.89,1,7.273
2022/3/6 9:00,9.8,31,1,-6.5,1.64,1,8.519
2022/3/6 10:00,11.3,29,1,-6.1,2.27,1,8.91
2022/3/6 11:00,11.9,25,1,-7.5,2.73,1,8.757
2022/3/6 12:00,11.5,24,1,-8.4,2.93,1,7.99
2022/3/6 13:00,12.7,23,1,-7.9,2.67,1,5.182
2022/3/6 14:00,12.8,20,1,-9.6,2.69,1,1.964
2022/3/6 15:00,11.4,23,1,-9,0.81,0.1,0.891
2022/3/6 16:00,10.8,22,1,-10,0.4,0,0.271
2022/3/6 17:00,9,29,1,-8.1,0.52,0.6,0.182
2022/3/6 18:00,7.2,38,0,-6.2,0.07,0.3,0
2022/3/6 19:00,6,43,0,-5.6,0,0,0
2022/3/6 20:00,5.7,43,0,-5.9,0,0,0
2022/3/6 21:00,5.4,40,0,-7.1,0,0,0
2022/3/6 22:00,5.3,39,0,-7.5,0,0,0
2022/3/6 23:00,5.2,38,0,-8,0,0,0
2022/3/7 0:00,5.1,37,0,-8.4,0,0,0
2022/3/7 1:00,4.9,37,0,-8.6,0,0,0
2022/3/7 2:00,5,35,0,-9.2,0,0,0
2022/3/7 3:00,4.5,38,0,-8.6,0,0,0
2022/3/7 4:00,4.7,38,0,-8.4,0,0,0
2022/3/7 5:00,4.8,37,0,-8.7,0,0,0
2022/3/7 6:00,4.7,38,0,-8.4,0,0,0.312
2022/3/7 7:00,5.4,37,1,-8.1,0.17,0.3,3.917
2022/3/7 8:00,7.8,31,1,-8.3,0.88,1,7.025
2022/3/7 9:00,9,29,1,-8.1,1.66,1,8.233
2022/3/7 10:00,10.3,28,1,-7.4,2.29,1,8.347
2022/3/7 11:00,10.1,28,1,-7.6,2.55,1,8.128
2022/3/7 12:00,11.8,28,1,-6.1,2.69,1,7.641
2022/3/7 13:00,13.1,24,1,-7,2.88,1,5.918
2022/3/7 14:00,12,24,1,-7.9,2.41,1,3.497
2022/3/7 15:00,12.7,25,1,-6.8,1.58,0.8,1.997
2022/3/7 16:00,11.8,32,1,-4.3,1.17,0.9,0.626
2022/3/7 17:00,10.5,31,1,-5.9,0.62,1,0.0973
2022/3/7 18:00,8.8,36,0,-5.4,0.07,0,0
2022/3/7 19:00,9.4,31,0,-6.9,0,0,0
2022/3/7 20:00,7.7,51,0,-1.8,0,0,0
2022/3/7 21:00,7.7,55,0,-0.8,0,0,0
2022/3/7 22:00,8.2,41,0,-4.2,0,0,0
2022/3/7 23:00,7.8,42,0,-4.3,0,0,0
2022/3/8 0:00,7.5,44,0,-3.9,0,0,0
2022/3/8 1:00,6.7,50,0,-3,0,0,0
2022/3/8 2:00,6.4,50,0,-3.2,0,0,0
2022/3/8 3:00,6,56,0,-2.1,0,0,0
2022/3/8 4:00,5.8,55,0,-2.5,0,0,0
2022/3/8 5:00,5.2,62,0,-1.5,0,0,0
2022/3/8 6:00,4.8,70,0,-0.2,0,0,0.0974
2022/3/8 7:00,4.5,74,1,0.3,0.02,0,0.0586
2022/3/8 8:00,4.6,82,1,1.8,0.11,0,0.483
2022/3/8 9:00,4.7,86,1,2.6,0.25,0,1.756
2022/3/8 10:00,5,84,1,2.5,0.37,0,2.302
2022/3/8 11:00,5.5,86,1,3.4,0.59,0,1.509
2022/3/8 12:00,5.7,82,1,2.9,0.54,0,1.124
2022/3/8 13:00,6.1,83,1,3.4,0.33,0,1.149
2022/3/8 14:00,7,80,1,3.8,0.49,0,1.583
2022/3/8 15:00,7.4,78,1,3.8,0.37,0,1.177
2022/3/8 16:00,7.8,75,1,3.7,0.28,0,0.326
2022/3/8 17:00,7.7,73,1,3.2,0.21,0,0.0316
2022/3/8 18:00,7.4,75,0,3.3,0.02,0,0
2022/3/8 19:00,7.6,71,0,2.7,0,0,0
2022/3/8 20:00,7.3,76,0,3.4,0,0,0
2022/3/8 21:00,7.2,78,0,3.6,0,0,0
2022/3/8 22:00,7,81,0,4,0,0,0
2022/3/8 23:00,6.4,87,0,4.4,0,0,0
2022/3/9 0:00,6.2,82,0,3.4,0,0,0
2022/3/9 1:00,4.8,81,0,1.8,0,0,0
2022/3/9 2:00,4.7,81,0,1.7,0,0,0
2022/3/9 3:00,5.2,77,0,1.5,0,0,0
2022/3/9 4:00,4.1,83,0,1.5,0,0,0
2022/3/9 5:00,3.6,87,0,1.6,0,0,0
2022/3/9 6:00,3,83,0,0.4,0,0,0.539
2022/3/9 7:00,4.6,71,1,-0.2,0.15,0.2,3.693
2022/3/9 8:00,6.3,65,1,0.2,0.84,1,6.739
2022/3/9 9:00,7.8,52,1,-1.4,1.59,1,8.077
2022/3/9 10:00,8.9,44,1,-2.7,2.19,1,8.579
2022/3/9 11:00,10,40,1,-3,2.66,1,8.456
2022/3/9 12:00,10.9,37,1,-3.2,2.86,1,7.617
2022/3/9 13:00,12.5,38,1,-1.4,2.82,1,6.185
2022/3/9 14:00,12.5,36,1,-2.1,2.21,1,4.207
2022/3/9 15:00,12.8,33,1,-3.1,2.03,1,1.889
2022/3/9 16:00,12.2,34,1,-3.2,0.98,0.8,0.628
2022/3/9 17:00,11.1,44,1,-0.7,0.37,0.2,0.141
2022/3/9 18:00,11.1,47,0,0.2,0.04,0,0
2022/3/9 19:00,9.5,48,0,-1,0,0,0
2022/3/9 20:00,8.1,57,0,0.1,0,0,0
2022/3/9 21:00,7.6,58,0,-0.1,0,0,0
2022/3/9 22:00,7,61,0,0,0,0,0
2022/3/9 23:00,6.1,70,0,1.1,0,0,0
2022/3/10 0:00,5.5,74,0,1.2,0,0,0
2022/3/10 1:00,5.3,74,0,1.1,0,0,0
2022/3/10 2:00,4.9,74,0,0.7,0,0,0
2022/3/10 3:00,4,76,0,0.2,0,0,0
2022/3/10 4:00,5.2,69,0,0,0,0,0
2022/3/10 5:00,3.8,75,0,-0.2,0,0,0
2022/3/10 6:00,4.1,70,0,-0.9,0,0,0.562
2022/3/10 7:00,5.3,74,1,1.1,0.21,0.4,2.99
2022/3/10 8:00,7.5,59,1,0,0.84,1,6.591
2022/3/10 9:00,9.4,50,1,-0.5,1.6,1,7.716
2022/3/10 10:00,10.4,40,1,-2.6,2.18,1,7.75
2022/3/10 11:00,12.5,41,1,-0.4,2.4,1,7.429
2022/3/10 12:00,12.6,38,1,-1.3,2.57,1,6.127
2022/3/10 13:00,11.9,36,1,-2.7,2.15,1,4.645
2022/3/10 14:00,14.2,40,1,0.8,1.72,0.5,3.735
2022/3/10 15:00,13.3,34,1,-2.2,1.42,0.7,2.167
2022/3/10 16:00,13.3,35,1,-1.8,1.35,1,0.548
2022/3/10 17:00,12.3,43,1,0.1,0.6,1,0.12
2022/3/10 18:00,11.3,50,0,1.3,0.09,0.2,0
2022/3/10 19:00,10.7,57,0,2.5,0,0,0
2022/3/10 20:00,9.7,61,0,2.6,0,0,0
2022/3/10 21:00,9.8,61,0,2.6,0,0,0
2022/3/10 22:00,8.6,68,0,3,0,0,0
2022/3/10 23:00,8.2,70,0,3.1,0,0,0
2022/3/11 0:00,7.9,71,0,3,0,0,0
2022/3/11 1:00,7.9,70,0,2.8,0,0,0
2022/3/11 2:00,7.5,71,0,2.6,0,0,0
2022/3/11 3:00,6.7,78,0,3.1,0,0,0
2022/3/11 4:00,5.9,81,0,2.9,0,0,0
2022/3/11 5:00,6.3,76,0,2.4,0,0,0
2022/3/11 6:00,5.7,78,1,2.2,0,0,0.557
2022/3/11 7:00,6.5,75,1,2.4,0.2,0.4,3.659
2022/3/11 8:00,9,64,1,2.6,0.85,1,6.378
2022/3/11 9:00,10.6,59,1,2.9,1.56,1,7.565
2022/3/11 10:00,12.6,52,1,3,2.17,1,7.99
2022/3/11 11:00,14.1,47,1,3,2.56,1,8.006
2022/3/11 12:00,15.5,47,1,4.3,2.74,1,7.48
2022/3/11 13:00,16,50,1,5.6,2.63,1,6.123
2022/3/11 14:00,17,52,1,7.1,2.37,1,4.287
2022/3/11 15:00,18,45,1,5.9,2.01,1,2.105
2022/3/11 16:00,17.1,44,1,4.8,1.37,1,0.552
2022/3/11 17:00,15.8,52,1,6,0.54,0.7,0.116
2022/3/11 18:00,14.3,55,0,5.4,0.09,0.2,0
2022/3/11 19:00,14.3,44,0,2.2,0,0,0
2022/3/11 20:00,14.5,45,0,2.7,0,0,0
2022/3/11 21:00,13.6,53,0,4.2,0,0,0
2022/3/11 22:00,12.9,61,0,5.6,0,0,0
2022/3/11 23:00,12.9,64,0,6.3,0,0,0
2022/3/12 0:00,12.1,55,0,3.4,0,0,0
2022/3/12 1:00,11.4,57,0,3.2,0,0,0
2022/3/12 2:00,10.5,60,0,3.1,0,0,0
2022/3/12 3:00,9.2,65,0,3,0,0,0
2022/3/12 4:00,8.6,67,0,2.8,0,0,0
2022/3/12 5:00,7.8,70,0,2.7,0,0,0
2022/3/12 6:00,8.3,65,1,2.1,0,0,0.534
2022/3/12 7:00,9.9,66,1,3.9,0.21,0.4,3.518
2022/3/12 8:00,13,61,1,5.7,0.89,1,6.49
2022/3/12 9:00,16,40,1,2.4,1.63,1,7.742
2022/3/12 10:00,17.3,34,1,1.3,2.26,1,8.233
2022/3/12 11:00,18.8,32,1,1.8,2.7,1,8.045
2022/3/12 12:00,19.9,26,1,-0.1,2.9,1,7.338
2022/3/12 13:00,21,26,1,0.8,2.85,1,6.129
2022/3/12 14:00,20.4,35,1,4.5,2.48,1,4.249
2022/3/12 15:00,20.9,29,1,2.2,2.01,1,2.126
2022/3/12 16:00,19.6,30,1,1.6,1.35,1,0.63
2022/3/12 17:00,18.1,39,1,4,0.64,1,0.155
2022/3/12 18:00,16.6,40,0,3,0.1,0.1,0
2022/3/12 19:00,15.7,40,0,2.2,0,0,0
2022/3/12 20:00,14.6,47,0,3.4,0,0,0
2022/3/12 21:00,13.9,50,0,3.7,0,0,0
2022/3/12 22:00,13.5,54,0,4.4,0,0,0
2022/3/12 23:00,12.9,53,0,3.6,0,0,0
2022/3/13 0:00,12.3,62,0,5.2,0,0,0
2022/3/13 1:00,11.8,77,0,7.9,0,0,0
2022/3/13 2:00,11.1,84,0,8.5,0,0,0
2022/3/13 3:00,10.6,87,0,8.5,0,0,0
2022/3/13 4:00,10.5,78,0,6.8,0,0,0
2022/3/13 5:00,9.5,68,0,3.9,0,0,0
2022/3/13 6:00,9,68,1,3.4,0,0,0.745
2022/3/13 7:00,10.8,66,1,4.7,0.18,0,1.29
2022/3/13 8:00,11.5,65,1,5.2,0.46,0,2.839
2022/3/13 9:00,12.5,60,1,5,0.94,0.1,5.171
2022/3/13 10:00,14.8,57,1,6.4,1.67,0.8,5.355
2022/3/13 11:00,15.1,56,1,6.4,1.89,0.5,3.751
2022/3/13 12:00,16,52,1,6.2,1.51,0.3,5.935
2022/3/13 13:00,17.6,48,1,6.5,2.41,1,4.782
2022/3/13 14:00,18.4,50,1,7.8,2.32,0.9,4.144
2022/3/13 15:00,17.9,56,1,9,1.77,0.9,2.464
2022/3/13 16:00,18.2,64,1,11.3,1.17,0.6,0.906
2022/3/13 17:00,17.6,68,1,11.6,0.46,0.2,0.0844
2022/3/13 18:00,17.6,59,0,9.5,0.05,0,0
2022/3/13 19:00,17.3,63,0,10.2,0,0,0
2022/3/13 20:00,17,67,0,10.8,0,0,0
2022/3/13 21:00,16.8,70,0,11.3,0,0,0
2022/3/13 22:00,16.8,69,0,11.1,0,0,0
2022/3/13 23:00,17.1,67,0,10.9,0,0,0
2022/3/14 0:00,17.1,66,0,10.7,0,0,0
2022/3/14 1:00,17,72,0,11.9,0,0,0
2022/3/14 2:00,16.6,76,0,12.4,0,0,0
2022/3/14 3:00,16.8,75,0,12.4,0,0,0
2022/3/14 4:00,17.3,72,0,12.2,0,0,0
2022/3/14 5:00,17.5,72,0,12.4,0,0,0
2022/3/14 6:00,12.9,81,1,9.7,0,0,0.0381
2022/3/14 7:00,13.6,99,1,13.5,0.04,0,2.119
2022/3/14 8:00,16.4,90,1,14.8,0.62,0.5,5.663
2022/3/14 9:00,18.6,75,1,14.1,1.63,1,7.872
2022/3/14 10:00,20.9,63,1,13.6,2.31,1,8.162
2022/3/14 11:00,21.8,51,1,11.2,2.71,1,8.1
2022/3/14 12:00,23,51,1,12.3,2.91,1,7.403
2022/3/14 13:00,22.5,48,1,11,2.85,1,6.172
2022/3/14 14:00,22.3,51,1,11.7,2.57,1,4.263
2022/3/14 15:00,22.6,47,1,10.7,2.08,1,2.155
2022/3/14 16:00,21.9,51,1,11.3,1.46,1,0.546
2022/3/14 17:00,20.3,54,1,10.7,0.71,1,0.144
2022/3/14 18:00,14.7,73,0,9.9,0.11,0.3,0
2022/3/14 19:00,11.7,80,0,8.4,0,0,0
2022/3/14 20:00,10.7,80,0,7.4,0,0,0
2022/3/14 21:00,9.8,82,0,6.9,0,0,0
2022/3/14 22:00,9.2,80,0,5.9,0,0,0
2022/3/14 23:00,8.3,82,0,5.4,0,0,0
2022/3/15 0:00,7.9,85,0,5.6,0,0,0
2022/3/15 1:00,7.8,85,0,5.5,0,0,0
2022/3/15 2:00,7.6,87,0,5.6,0,0,0
2022/3/15 3:00,7.3,90,0,5.8,0,0,0
2022/3/15 4:00,7.4,90,0,5.9,0,0,0
2022/3/15 5:00,7.4,90,0,5.9,0,0,0
2022/3/15 6:00,7.4,94,1,6.5,0,0,0.0186
2022/3/15 7:00,7.6,93,1,6.6,0.02,0,0.282
2022/3/15 8:00,9.1,88,1,7.2,0.3,0,1.141
2022/3/15 9:00,10.5,80,1,7.2,0.67,0,2.009
2022/3/15 10:00,11.8,72,1,6.9,1.18,0.1,2.732
2022/3/15 11:00,13.9,68,1,8.1,2.52,0.8,6.667
2022/3/15 12:00,15.7,61,1,8.2,2.95,1,7.425
2022/3/15 13:00,17.4,55,1,8.3,2.88,1,6.114
2022/3/15 14:00,17.5,54,1,8.1,2.58,1,4.252
2022/3/15 15:00,19.7,51,1,9.3,2.08,1,2.1
2022/3/15 16:00,19.8,47,1,8.2,1.43,1,0.496
2022/3/15 17:00,18.6,46,1,6.8,0.72,1,0.119
2022/3/15 18:00,17.6,50,0,7.1,0.12,0.5,0
2022/3/15 19:00,16.9,37,0,2.1,0,0,0
2022/3/15 20:00,15.3,35,0,0,0,0,0
2022/3/15 21:00,13.4,43,0,1.1,0,0,0
2022/3/15 22:00,12.1,47,0,1.1,0,0,0
2022/3/15 23:00,12.2,47,0,1.2,0,0,0
2022/3/16 0:00,11.6,50,0,1.5,0,0,0
2022/3/16 1:00,11.3,48,0,0.7,0,0,0
2022/3/16 2:00,9.8,55,0,1.2,0,0,0
2022/3/16 3:00,11.4,48,0,0.8,0,0,0
2022/3/16 4:00,12.1,58,0,4.1,0,0,0
2022/3/16 5:00,11.9,68,0,6.2,0,0,0
2022/3/16 6:00,11.9,62,1,4.9,0,0,0.347
2022/3/16 7:00,11.8,53,1,2.5,0.08,0,0.964
2022/3/16 8:00,12,55,1,3.3,0.25,0,1.676
2022/3/16 9:00,12.4,56,1,3.9,0.61,0,4.367
2022/3/16 10:00,14.5,58,1,6.4,1.51,0.4,7.787
2022/3/16 11:00,16.2,60,1,8.4,2.58,0.9,7.271
2022/3/16 12:00,17.9,57,1,9.3,2.78,1,7.154
2022/3/16 13:00,19.1,57,1,10.4,2.55,0.8,5.953
2022/3/16 14:00,19.5,58,1,11,2.53,1,4.195
2022/3/16 15:00,18.6,61,1,10.9,1.29,0.4,1.481
2022/3/16 16:00,18.2,67,1,12,0.81,0.3,0.636
2022/3/16 17:00,17.3,70,1,11.8,0.65,1,0.137
2022/3/16 18:00,16,80,0,12.6,0.1,0,0
2022/3/16 19:00,16,78,0,12.2,0,0,0
2022/3/16 20:00,13,77,0,9.1,0,0,0
2022/3/16 21:00,12.2,77,0,8.3,0,0,0
2022/3/16 22:00,11.6,78,0,7.9,0,0,0
2022/3/16 23:00,11.4,76,0,7.3,0,0,0
2022/3/17 0:00,11.3,74,0,6.9,0,0,0
2022/3/17 1:00,10.8,72,0,6,0,0,0
2022/3/17 2:00,10,77,0,6.2,0,0,0
2022/3/17 3:00,10.3,74,0,5.9,0,0,0
2022/3/17 4:00,9.6,76,0,5.6,0,0,0
2022/3/17 5:00,9.5,69,0,4.1,0,0,0
2022/3/17 6:00,8.6,75,1,4.4,0,0,0.681
2022/3/17 7:00,10.8,67,1,4.9,0.27,0.5,3.71
2022/3/17 8:00,13.3,58,1,5.2,0.89,1,5.97
2022/3/17 9:00,14.9,58,1,6.7,1.65,1,7.535
2022/3/17 10:00,15.7,53,1,6.2,2.22,1,4.686
2022/3/17 11:00,15.7,57,1,7.2,1.72,0.5,7.31
2022/3/17 12:00,18.2,50,1,7.6,2.72,1,6.233
2022/3/17 13:00,18.6,46,1,6.8,2.39,0.9,4.909
2022/3/17 14:00,20,38,1,5.3,2.55,1,3.031
2022/3/17 15:00,19.4,43,1,6.5,1.95,0.7,1.647
2022/3/17 16:00,18,43,1,5.3,0.68,0.1,0.724
2022/3/17 17:00,17.2,52,1,7.3,0.37,0,0.152
2022/3/17 18:00,16.7,59,0,8.7,0.05,0,0
2022/3/17 19:00,16.2,67,0,10.1,0,0,0
2022/3/17 20:00,15.9,69,0,10.2,0,0,0
2022/3/17 21:00,14.2,77,0,10.2,0,0,0
2022/3/17 22:00,12.2,74,0,7.7,0,0,0
2022/3/17 23:00,11.6,68,0,5.9,0,0,0
2022/3/18 0:00,10.3,77,0,6.5,0,0,0
2022/3/18 1:00,8.2,91,0,6.8,0,0,0
2022/3/18 2:00,7.2,92,0,6,0,0,0
2022/3/18 3:00,6.2,92,0,5,0,0,0
2022/3/18 4:00,5.8,92,0,4.6,0,0,0
2022/3/18 5:00,5.6,88,0,3.8,0,0,0
2022/3/18 6:00,5.7,87,1,3.7,0,0,0.114
2022/3/18 7:00,5.6,84,1,3.1,0.03,0,0.379
2022/3/18 8:00,5.7,84,1,3.2,0.14,0,0.708
2022/3/18 9:00,6.2,84,1,3.7,0.25,0,0.737
2022/3/18 10:00,6,81,1,3,0.22,0,0.702
2022/3/18 11:00,5.5,82,1,2.7,0.29,0,0.55
2022/3/18 12:00,5,84,1,2.5,0.18,0,0.589
2022/3/18 13:00,5,93,1,4,0.22,0,0.562
2022/3/18 14:00,4.5,88,1,2.7,0.23,0,0.403
2022/3/18 15:00,4.3,92,1,3.1,0.19,0,0.152
2022/3/18 16:00,4.1,93,1,3.1,0.09,0,0.0373
2022/3/18 17:00,4,94,1,3.1,0.05,0,0.0194
2022/3/18 18:00,4.2,97,0,3.8,0.01,0,0
2022/3/18 19:00,4.1,97,0,3.7,0,0,0
2022/3/18 20:00,4.4,98,0,4.1,0,0,0
2022/3/18 21:00,4.2,97,0,3.8,0,0,0
2022/3/18 22:00,3.9,98,0,3.6,0,0,0
2022/3/18 23:00,4,98,0,3.7,0,0,0
2022/3/19 0:00,4.4,98,0,4.1,0,0,0
2022/3/19 1:00,4.7,98,0,4.4,0,0,0
2022/3/19 2:00,5.1,99,0,5,0,0,0
2022/3/19 3:00,5.2,99,0,5.1,0,0,0
2022/3/19 4:00,5.4,99,0,5.3,0,0,0
2022/3/19 5:00,5.8,98,0,5.5,0,0,0
2022/3/19 6:00,5.8,98,1,5.5,0.01,0,0.494
2022/3/19 7:00,6.7,98,1,6.4,0.33,0.6,4.926
2022/3/19 8:00,9,88,1,7.1,1.08,1,7.041
2022/3/19 9:00,12.4,73,1,7.7,1.81,1,6.876
2022/3/19 10:00,15.1,52,1,5.3,2.35,1,6.722
2022/3/19 11:00,16.3,49,1,5.6,2.31,1,5.965
2022/3/19 12:00,16.9,53,1,7.3,2.71,1,5.229
2022/3/19 13:00,16.2,61,1,8.7,1.78,0.4,5.566
2022/3/19 14:00,16,57,1,7.5,2.03,0.8,2.298
2022/3/19 15:00,15.6,60,1,7.9,1.03,0.2,1.488
2022/3/19 16:00,15.4,55,1,6.4,0.49,0,0.216
2022/3/19 17:00,13.2,79,1,9.7,0.09,0,0.0167
2022/3/19 18:00,10.7,93,0,9.6,0,0,0
2022/3/19 19:00,8.9,92,0,7.7,0,0,0
2022/3/19 20:00,7.7,95,0,7,0,0,0
2022/3/19 21:00,7.4,95,0,6.7,0,0,0
2022/3/19 22:00,7.9,94,0,7,0,0,0
2022/3/19 23:00,7,95,0,6.3,0,0,0
2022/3/20 0:00,6.8,90,0,5.3,0,0,0
2022/3/20 1:00,6.3,91,0,5,0,0,0
2022/3/20 2:00,6,93,0,5,0,0,0
2022/3/20 3:00,5,96,0,4.4,0,0,0
2022/3/20 4:00,4.6,94,0,3.7,0,0,0
2022/3/20 5:00,5.4,79,0,2.1,0,0,0
2022/3/20 6:00,4.3,85,1,2,0.01,0,0.65
2022/3/20 7:00,7.1,74,1,2.8,0.37,1,5.163
2022/3/20 8:00,9.1,57,1,1,1.11,1,7.356
2022/3/20 9:00,10.7,51,1,1,1.87,1,8.454
2022/3/20 10:00,11.7,43,1,-0.4,2.46,1,8.052
2022/3/20 11:00,12.1,41,1,-0.7,2.53,0.8,8.818
2022/3/20 12:00,14.6,41,1,1.5,3.24,1,7.919
2022/3/20 13:00,14,37,1,-0.4,1.83,0.4,5.549
2022/3/20 14:00,13.6,33,1,-2.4,2.27,0.7,2.483
2022/3/20 15:00,13.3,36,1,-1.4,0.75,0,0.907
2022/3/20 16:00,13,34,1,-2.5,0.23,0,0.0543
2022/3/20 17:00,12.1,39,1,-1.4,0.07,0,0.022
2022/3/20 18:00,12.5,36,0,-2.1,0.01,0,0
2022/3/20 19:00,11.9,44,0,0.1,0,0,0
2022/3/20 20:00,11.7,60,0,4.2,0,0,0
2022/3/20 21:00,10.7,58,0,2.8,0,0,0
2022/3/20 22:00,9.9,62,0,3,0,0,0
2022/3/20 23:00,9,66,0,3,0,0,0
2022/3/21 0:00,8.6,66,0,2.6,0,0,0
2022/3/21 1:00,7.7,65,0,1.6,0,0,0
2022/3/21 2:00,7,72,0,2.3,0,0,0
2022/3/21 3:00,6.4,80,0,3.2,0,0,0
2022/3/21 4:00,6.5,76,0,2.6,0,0,0
2022/3/21 5:00,6.5,69,0,1.2,0,0,0
2022/3/21 6:00,6.6,68,1,1.1,0,0,0.138
2022/3/21 7:00,6.7,70,1,1.6,0.08,0,0.608
2022/3/21 8:00,7.4,70,1,2.3,0.44,0,1.912
2022/3/21 9:00,8.5,67,1,2.7,0.91,0,3.1
2022/3/21 10:00,9.1,61,1,2,1.26,0.1,3.774
2022/3/21 11:00,9.4,56,1,1.1,1.39,0.2,3.476
2022/3/21 12:00,11.5,52,1,2,1.93,0.4,6.474
2022/3/21 13:00,13.1,57,1,4.8,2.9,1,6.396
2022/3/21 14:00,12.6,50,1,2.5,2.71,1,4.531
2022/3/21 15:00,13.2,46,1,1.8,1.73,0.6,2.205
2022/3/21 16:00,12.7,45,1,1.1,1.23,0.5,0.724
2022/3/21 17:00,11.8,45,1,0.3,0.42,0.2,0.279
2022/3/21 18:00,11.1,46,0,-0.1,0.12,0,0
2022/3/21 19:00,11,61,0,3.8,0,0,0
2022/3/21 20:00,9.8,68,0,4.2,0,0,0
2022/3/21 21:00,10.2,67,0,4.4,0,0,0
2022/3/21 22:00,10.5,67,0,4.7,0,0,0
2022/3/21 23:00,10.5,67,0,4.7,0,0,0
2022/3/22 0:00,10,65,0,3.7,0,0,0
2022/3/22 1:00,8.8,76,0,4.8,0,0,0
2022/3/22 2:00,8.1,78,0,4.5,0,0,0
2022/3/22 3:00,6.9,86,0,4.7,0,0,0
2022/3/22 4:00,5.6,95,0,4.9,0,0,0
2022/3/22 5:00,5.3,95,0,4.6,0,0,0
2022/3/22 6:00,4.9,94,1,4,0,0,0.0267
2022/3/22 7:00,4.6,95,1,3.9,0.04,0,0.077
2022/3/22 8:00,4,94,1,3.1,0.07,0,0.432
2022/3/22 9:00,3.9,94,1,3,0.19,0,1.031
2022/3/22 10:00,3.3,93,1,2.3,0.34,0,0.965
2022/3/22 11:00,3.4,96,1,2.8,0.32,0,0.936
2022/3/22 12:00,1.9,95,1,1.2,0.33,0,1.219
2022/3/22 13:00,1.9,95,1,1.2,0.41,0,1.142
2022/3/22 14:00,2.5,96,1,1.9,0.48,0,0.999
2022/3/22 15:00,2.2,96,1,1.6,0.33,0,0.671
2022/3/22 16:00,2.1,95,1,1.4,0.21,0,0.289
2022/3/22 17:00,2.3,95,1,1.6,0.12,0,0.064
2022/3/22 18:00,2.2,94,0,1.3,0.03,0,0
2022/3/22 19:00,2.4,93,0,1.4,0,0,0
2022/3/22 20:00,2.7,91,0,1.4,0,0,0
2022/3/22 21:00,2.7,90,0,1.2,0,0,0
2022/3/22 22:00,3,89,0,1.4,0,0,0
2022/3/22 23:00,2.1,88,0,0.3,0,0,0
2022/3/23 0:00,1.3,93,0,0.3,0,0,0
2022/3/23 1:00,1.9,93,0,0.9,0,0,0
2022/3/23 2:00,2,89,0,0.4,0,0,0
2022/3/23 3:00,1.3,90,0,-0.1,0,0,0
2022/3/23 4:00,1.2,89,0,-0.4,0,0,0
2022/3/23 5:00,0.9,93,0,-0.1,0,0,0
2022/3/23 6:00,1.2,94,1,0.4,0.01,0,0.922
2022/3/23 7:00,2.2,89,1,0.6,0.29,0,3.746
2022/3/23 8:00,3.6,78,1,0.1,0.93,0.7,6.379
2022/3/23 9:00,5.5,70,1,0.5,1.72,1,7.873
2022/3/23 10:00,6.4,49,1,-3.5,2.29,1,7.736
2022/3/23 11:00,7.8,43,1,-4,2.39,1,7.125
2022/3/23 12:00,9,42,1,-3.2,2.43,0.9,5.003
2022/3/23 13:00,8.9,38,1,-4.6,1.94,0.4,5.243
2022/3/23 14:00,9.9,40,1,-3,2.14,0.8,3.541
2022/3/23 15:00,9.2,41,1,-3.3,1.49,0.5,1.354
2022/3/23 16:00,9.1,43,1,-2.8,0.59,0,0.454
2022/3/23 17:00,8.8,50,1,-1,0.14,0,0.0206
2022/3/23 18:00,8.4,47,0,-2.2,0.01,0,0
2022/3/23 19:00,7.7,44,0,-3.8,0,0,0
2022/3/23 20:00,6.9,33,0,-8.3,0,0,0
2022/3/23 21:00,5,63,0,-1.4,0,0,0
2022/3/23 22:00,2.3,90,0,0.8,0,0,0
2022/3/23 23:00,2.6,88,0,0.8,0,0,0
2022/3/24 0:00,3,90,0,1.5,0,0,0
2022/3/24 1:00,3.2,90,0,1.7,0,0,0
2022/3/24 2:00,3,95,0,2.3,0,0,0
2022/3/24 3:00,3.3,95,0,2.6,0,0,0
2022/3/24 4:00,3.2,95,0,2.5,0,0,0
2022/3/24 5:00,3.2,90,0,1.7,0,0,0
2022/3/24 6:00,2.7,92,1,1.5,0.02,0,1.087
2022/3/24 7:00,4,87,1,2,0.41,0.9,5.419
2022/3/24 8:00,6,77,1,2.3,1.16,1,7.582
2022/3/24 9:00,8.5,65,1,2.3,1.92,1,8.52
2022/3/24 10:00,9.4,60,1,2,2.53,1,8.848
2022/3/24 11:00,10.5,52,1,1.1,2.94,1,8.65
2022/3/24 12:00,12.5,48,1,1.8,3.14,1,7.861
2022/3/24 13:00,12.2,58,1,4.2,3.04,1,6.576
2022/3/24 14:00,12.5,58,1,4.5,2.73,1,4.62
2022/3/24 15:00,13.2,57,1,4.9,2.21,1,2.145
2022/3/24 16:00,12.8,53,1,3.5,0.84,0.2,0.735
2022/3/24 17:00,12.8,53,1,3.5,0.34,0.1,0.252
2022/3/24 18:00,11.5,54,0,2.5,0.16,0.3,0
2022/3/24 19:00,9.9,63,0,3.2,0,0,0
2022/3/24 20:00,10.6,69,0,5.2,0,0,0
2022/3/24 21:00,9.2,74,0,4.8,0,0,0
2022/3/24 22:00,8.1,81,0,5.1,0,0,0
2022/3/24 23:00,7.7,91,0,6.3,0,0,0
2022/3/25 0:00,7.9,92,0,6.7,0,0,0
2022/3/25 1:00,7.4,85,0,5.1,0,0,0
2022/3/25 2:00,6.6,84,0,4.1,0,0,0
2022/3/25 3:00,7.4,69,0,2.1,0,0,0
2022/3/25 4:00,6.5,67,0,0.8,0,0,0
2022/3/25 5:00,6.4,64,0,0.1,0,0,0
2022/3/25 6:00,5.5,70,1,0.5,0.02,0,1.23
2022/3/25 7:00,8,67,1,2.3,0.4,0.8,4.779
2022/3/25 8:00,10.9,50,1,0.9,1.11,1,6.606
2022/3/25 9:00,12.2,41,1,-0.6,1.81,1,7.492
2022/3/25 10:00,14.1,40,1,0.7,2.33,1,8.216
2022/3/25 11:00,15.3,32,1,-1.3,2.82,1,8.172
2022/3/25 12:00,15.9,30,1,-1.6,3.01,1,7.303
2022/3/25 13:00,16.3,38,1,2,2.79,1,6.29
2022/3/25 14:00,16.4,33,1,0.1,2.6,1,4.426
2022/3/25 15:00,17.4,37,1,2.6,2.11,1,2.252
2022/3/25 16:00,16.2,40,1,2.6,1.47,1,0.767
2022/3/25 17:00,15.2,41,1,2.1,0.72,1,0.219
2022/3/25 18:00,14.4,41,0,1.3,0.15,0.1,0
2022/3/25 19:00,14.1,52,0,4.4,0,0,0
2022/3/25 20:00,13.6,59,0,5.8,0,0,0
2022/3/25 21:00,13,64,0,6.4,0,0,0
2022/3/25 22:00,13.1,65,0,6.7,0,0,0
2022/3/25 23:00,13.6,65,0,7.2,0,0,0
2022/3/26 0:00,13.8,67,0,7.8,0,0,0
2022/3/26 1:00,13.5,70,0,8.1,0,0,0
2022/3/26 2:00,13.7,73,0,9,0,0,0
2022/3/26 3:00,14,78,0,10.2,0,0,0
2022/3/26 4:00,14.2,85,0,11.7,0,0,0
2022/3/26 5:00,14.2,82,0,11.2,0,0,0
2022/3/26 6:00,14.2,76,1,10.1,0,0,0.357
2022/3/26 7:00,14.7,74,1,10.1,0.14,0,0.906
2022/3/26 8:00,15.6,68,1,9.7,0.35,0,1.263
2022/3/26 9:00,16.4,68,1,10.5,0.46,0,0.899
2022/3/26 10:00,16.7,70,1,11.2,0.44,0,0.866
2022/3/26 11:00,17.3,71,1,12,0.65,0,1.455
2022/3/26 12:00,17.3,77,1,13.2,0.47,0,0.815
2022/3/26 13:00,18.8,68,1,12.8,0.94,0,0.887
2022/3/26 14:00,18.5,66,1,12,0.62,0,0.741
2022/3/26 15:00,18.3,66,1,11.9,0.35,0,0.281
2022/3/26 16:00,17.9,76,1,13.6,0.35,0,0.19
2022/3/26 17:00,17.5,81,1,14.2,0.12,0,0.169
2022/3/26 18:00,16.4,92,0,15.1,0.02,0,0
2022/3/26 19:00,16.6,87,0,14.4,0,0,0
2022/3/26 20:00,15.9,95,0,15.1,0,0,0
2022/3/26 21:00,15.8,98,0,15.5,0,0,0
2022/3/26 22:00,16.5,98,0,16.2,0,0,0
2022/3/26 23:00,16.5,98,0,16.2,0,0,0
2022/3/27 0:00,16.6,99,0,16.5,0,0,0
2022/3/27 1:00,16.8,99,0,16.7,0,0,0
2022/3/27 2:00,17.1,99,0,17,0,0,0
2022/3/27 3:00,13.7,93,0,12.6,0,0,0
2022/3/27 4:00,13.8,95,0,13,0,0,0
2022/3/27 5:00,14.3,91,0,12.9,0,0,0
2022/3/27 6:00,13.8,96,1,13.2,0.02,0,0.842
2022/3/27 7:00,15.2,85,1,12.7,0.27,0.2,4.372
2022/3/27 8:00,17,70,1,11.5,0.97,0.7,6.456
2022/3/27 9:00,19.6,55,1,10.3,1.73,0.8,4.731
2022/3/27 10:00,20.1,48,1,8.8,1.63,0.4,4.16
2022/3/27 11:00,19.8,45,1,7.5,1.31,0,3.696
2022/3/27 12:00,20.2,43,1,7.2,1.57,0,3.929
2022/3/27 13:00,20.9,45,1,8.5,1.5,0,2.093
2022/3/27 14:00,20.8,40,1,6.7,1.27,0,1.881
2022/3/27 15:00,17.3,64,1,10.4,1.02,0,1.175
2022/3/27 16:00,16.9,63,1,9.8,0.53,0,0.816
2022/3/27 17:00,15.9,67,1,9.8,0.35,0,0.0431
2022/3/27 18:00,15.2,70,0,9.8,0.08,0,0
2022/3/27 19:00,14.3,72,0,9.3,0,0,0
2022/3/27 20:00,14.2,76,0,10.1,0,0,0
2022/3/27 21:00,14.3,75,0,10,0,0,0
2022/3/27 22:00,13.6,79,0,10,0,0,0
2022/3/27 23:00,12.9,80,0,9.5,0,0,0
2022/3/28 0:00,11.5,69,0,6,0,0,0
2022/3/28 1:00,11.4,66,0,5.3,0,0,0
2022/3/28 2:00,11.3,68,0,5.6,0,0,0
2022/3/28 3:00,11.5,69,0,6,0,0,0
2022/3/28 4:00,11.2,78,0,7.5,0,0,0
2022/3/28 5:00,11.1,76,0,7,0,0,0.157
2022/3/28 6:00,10.9,70,1,5.7,0.03,0,1.169
2022/3/28 7:00,11.8,71,1,6.7,0.31,0,4.649
2022/3/28 8:00,13.6,66,1,7.4,0.76,0.3,6.976
2022/3/28 9:00,15,47,1,3.8,1.91,1,8.098
2022/3/28 10:00,16.3,41,1,3,2.59,1,8.901
2022/3/28 11:00,16.2,33,1,-0.1,3,1,8.433
2022/3/28 12:00,17.2,32,1,0.4,2.71,0.9,6.933
2022/3/28 13:00,17.9,31,1,0.6,2.8,1,3.823
2022/3/28 14:00,17.1,31,1,-0.1,2.78,0.9,2.263
2022/3/28 15:00,16.3,32,1,-0.4,1.22,0,1.489
2022/3/28 16:00,15,31,1,-2,0.52,0,0.642
2022/3/28 17:00,14.5,32,1,-2,0.21,0,0.184
2022/3/28 18:00,13.8,33,0,-2.2,0.05,0,0
2022/3/28 19:00,13.5,50,0,3.3,0,0,0
2022/3/28 20:00,12.8,38,0,-1.1,0,0,0
2022/3/28 21:00,12.3,39,0,-1.2,0,0,0
2022/3/28 22:00,11.9,43,0,-0.3,0,0,0
2022/3/28 23:00,11.1,48,0,0.5,0,0,0
2022/3/29 0:00,10.8,47,0,0,0,0,0
2022/3/29 1:00,10.5,48,0,0,0,0,0
2022/3/29 2:00,10.3,47,0,-0.5,0,0,0
2022/3/29 3:00,10,48,0,-0.5,0,0,0
2022/3/29 4:00,9.8,45,0,-1.6,0,0,0
2022/3/29 5:00,9.6,49,0,-0.6,0,0,0
2022/3/29 6:00,9.3,47,1,-1.4,0,0,0.0473
2022/3/29 7:00,9.3,51,1,-0.3,0.05,0,0.253
2022/3/29 8:00,9.6,48,1,-0.9,0.15,0,0.607
2022/3/29 9:00,10.1,51,1,0.4,0.24,0,0.788
2022/3/29 10:00,9.9,52,1,0.5,0.31,0,1.545
2022/3/29 11:00,10.5,53,1,1.3,0.38,0,1.802
2022/3/29 12:00,10.8,56,1,2.4,0.43,0,0.816
2022/3/29 13:00,10.9,55,1,2.2,0.31,0,1.316
2022/3/29 14:00,10.7,54,1,1.8,0.49,0,1.363
2022/3/29 15:00,10.6,56,1,2.2,0.33,0,0.51
2022/3/29 16:00,10.4,53,1,1.2,0.18,0,0.124
2022/3/29 17:00,10.2,60,1,2.8,0.08,0,0.0124
2022/3/29 18:00,10.2,57,0,2.1,0.02,0,0
2022/3/29 19:00,10.5,60,0,3.1,0,0,0
2022/3/29 20:00,10.4,61,0,3.2,0,0,0
2022/3/29 21:00,10.3,65,0,4,0,0,0
2022/3/29 22:00,10.2,67,0,4.4,0,0,0
2022/3/29 23:00,9.9,72,0,5.1,0,0,0
2022/3/30 0:00,9.9,72,0,5.1,0,0,0
2022/3/30 1:00,9.4,79,0,6,0,0,0
2022/3/30 2:00,9.9,75,0,5.7,0,0,0
2022/3/30 3:00,10,73,0,5.4,0,0,0
2022/3/30 4:00,9.7,77,0,5.9,0,0,0
2022/3/30 5:00,10.1,76,0,6.1,0,0,0
2022/3/30 6:00,10.3,76,1,6.3,0.02,0,0.388
2022/3/30 7:00,10.8,74,1,6.4,0.14,0,1.006
2022/3/30 8:00,12.2,72,1,7.3,0.47,0,4.487
2022/3/30 9:00,14.3,69,1,8.7,1.44,0.5,6.257
2022/3/30 10:00,15.7,67,1,9.6,1.93,0.4,6.526
2022/3/30 11:00,17.3,66,1,10.9,2.68,0.8,6.568
2022/3/30 12:00,18.4,65,1,11.7,2.99,0.9,7.019
2022/3/30 13:00,19,65,1,12.3,2.43,0.6,5.317
2022/3/30 14:00,18.8,68,1,12.8,1.85,0.5,4.581
2022/3/30 15:00,18.2,72,1,13.1,1.14,0.1,2.38
2022/3/30 16:00,17.6,77,1,13.5,0.68,0.1,1.059
2022/3/30 17:00,16.9,81,1,13.6,0.42,0,0.169
2022/3/30 18:00,16.4,84,0,13.7,0.12,0,0
2022/3/30 19:00,16.4,85,0,13.9,0,0,0
2022/3/30 20:00,16.2,86,0,13.9,0,0,0
2022/3/30 21:00,15.6,87,0,13.5,0,0,0
2022/3/30 22:00,14.9,90,0,13.3,0,0,0
2022/3/30 23:00,14.8,90,0,13.2,0,0,0
2022/3/31 0:00,14.6,89,0,12.8,0,0,0
2022/3/31 1:00,14.6,86,0,12.3,0,0,0
2022/3/31 2:00,14.1,86,0,11.8,0,0,0
2022/3/31 3:00,14.1,83,0,11.3,0,0,0
2022/3/31 4:00,13,87,0,10.9,0,0,0
2022/3/31 5:00,13,86,0,10.7,0,0,0.332
2022/3/31 6:00,12.9,87,1,10.8,0.04,0,1.663
2022/3/31 7:00,15.7,79,1,12.1,0.47,0.7,3.272
2022/3/31 8:00,16.5,72,1,11.4,0.92,0.5,6.428
2022/3/31 9:00,17.1,64,1,10.3,1.8,1,7.032
2022/3/31 10:00,18.8,59,1,10.6,2.24,1,6.953
2022/3/31 11:00,20.2,63,1,12.9,2.3,0.9,6.951
2022/3/31 12:00,20.9,56,1,11.8,2.56,1,5.069
2022/3/31 13:00,21.6,54,1,11.9,2.35,0.8,3.881
2022/3/31 14:00,20.6,55,1,11.3,1.19,0.1,2.273
2022/3/31 15:00,16.5,67,1,10.4,0.66,0,2.098
2022/3/31 16:00,14.9,69,1,9.3,0.53,0,0.833
2022/3/31 17:00,15.1,68,1,9.3,0.23,0,0.0858
2022/3/31 18:00,14.5,71,0,9.3,0.04,0,0
2022/3/31 19:00,13.9,75,0,9.6,0,0,0
2022/3/31 20:00,13,81,0,9.8,0,0,0
2022/3/31 21:00,11.4,95,0,10.6,0,0,0
2022/3/31 22:00,10.6,95,0,9.8,0,0,0
2022/3/31 23:00,9.6,93,0,8.5,0,0,0
2022/4/1 0:00,9,95,0,8.2,0,0,0
2022/4/1 1:00,8.2,95,0,7.5,0,0,0
2022/4/1 2:00,7.4,95,0,6.7,0,0,0
2022/4/1 3:00,6.5,95,0,5.8,0,0,0
2022/4/1 4:00,5.7,96,0,5.1,0,0,0
2022/4/1 5:00,5.1,94,0,4.2,0,0,0
2022/4/1 6:00,4.2,94,1,3.3,0,0,0.0376
2022/4/1 7:00,5.1,93,1,4.1,0.04,0,0.123
2022/4/1 8:00,4.7,94,1,3.8,0.12,0,0.674
2022/4/1 9:00,5,91,1,3.7,0.27,0,1.163
2022/4/1 10:00,6.4,79,1,3,0.5,0,2.552
2022/4/1 11:00,8.1,66,1,2.1,1.01,0,3.872
2022/4/1 12:00,10.2,61,1,3,1.65,0.2,5.697
2022/4/1 13:00,9.9,52,1,0.5,2.45,0.8,6.474
2022/4/1 14:00,11.5,39,1,-2,2.16,0.5,5.387
2022/4/1 15:00,11.7,30,1,-5.3,2.13,1,2.785
2022/4/1 16:00,11.3,25,1,-8,1.74,1,1.072
2022/4/1 17:00,10.6,32,1,-5.4,0.99,1,0.25
2022/4/1 18:00,9.4,28,1,-8.2,0.26,0.7,0.0172
2022/4/1 19:00,8.1,35,0,-6.4,0,0,0
2022/4/1 20:00,7.3,39,0,-5.7,0,0,0
2022/4/1 21:00,7.1,38,0,-6.2,0,0,0
2022/4/1 22:00,7,41,0,-5.3,0,0,0
2022/4/1 23:00,6.6,43,0,-5.1,0,0,0
2022/4/2 0:00,6.1,47,0,-4.3,0,0,0
2022/4/2 1:00,6,51,0,-3.4,0,0,0
2022/4/2 2:00,5.4,53,0,-3.4,0,0,0
2022/4/2 3:00,5.4,49,0,-4.4,0,0,0
2022/4/2 4:00,4.9,52,0,-4.1,0,0,0
2022/4/2 5:00,4.5,55,0,-3.7,0,0,0.297
2022/4/2 6:00,4.6,58,1,-2.9,0.05,0.2,2.335
2022/4/2 7:00,5.7,51,1,-3.6,0.58,1,5.937
2022/4/2 8:00,6.7,44,1,-4.7,1.3,1,7.792
2022/4/2 9:00,8.6,39,1,-4.6,2.11,1,7.521
2022/4/2 10:00,8.8,36,1,-5.4,2.38,1,8.494
2022/4/2 11:00,10.8,42,1,-1.6,2.89,1,7.254
2022/4/2 12:00,10.6,37,1,-3.5,2.84,1,6.78
2022/4/2 13:00,11.9,38,1,-2,2.67,1,5.888
2022/4/2 14:00,11.9,42,1,-0.6,2.52,1,4.222
2022/4/2 15:00,12,40,1,-1.2,1.97,1,2.492
2022/4/2 16:00,11.9,42,1,-0.6,1.58,1,1.225
2022/4/2 17:00,11,52,1,1.5,0.89,1,0.368
2022/4/2 18:00,9.6,59,1,2,0.28,0.4,0.0255
2022/4/2 19:00,9.3,60,0,1.9,0,0,0
2022/4/2 20:00,9.1,62,0,2.2,0,0,0
2022/4/2 21:00,9.2,64,0,2.8,0,0,0
2022/4/2 22:00,9.2,63,0,2.5,0,0,0
2022/4/2 23:00,9.1,64,0,2.7,0,0,0
2022/4/3 0:00,8.7,65,0,2.5,0,0,0
2022/4/3 1:00,9,62,0,2.1,0,0,0
2022/4/3 2:00,8.7,65,0,2.5,0,0,0
2022/4/3 3:00,7.9,71,0,3,0,0,0
2022/4/3 4:00,7.3,70,0,2.2,0,0,0
2022/4/3 5:00,7.1,72,0,2.4,0,0,0.243
2022/4/3 6:00,7.3,71,1,2.4,0.03,0,0.387
2022/4/3 7:00,7.8,70,1,2.7,0.22,0,0.544
2022/4/3 8:00,7.6,76,1,3.7,0.27,0,1.003
2022/4/3 9:00,7.5,83,1,4.8,0.31,0,2.24
2022/4/3 10:00,8.5,84,1,6,0.76,0,4.096
2022/4/3 11:00,9.3,76,1,5.3,1.26,0,2.097
2022/4/3 12:00,9,88,1,7.1,0.76,0,1.686
2022/4/3 13:00,8.9,92,1,7.7,0.57,0,1.763
2022/4/3 14:00,9,93,1,7.9,0.49,0,1.7
2022/4/3 15:00,9.2,88,1,7.3,0.63,0,0.692
2022/4/3 16:00,9.2,91,1,7.8,0.26,0,0.347
2022/4/3 17:00,8.8,94,1,7.9,0.13,0,0.0463
2022/4/3 18:00,8.5,97,1,8.1,0.02,0,0
2022/4/3 19:00,8.2,97,0,7.8,0,0,0
2022/4/3 20:00,8.1,97,0,7.7,0,0,0
2022/4/3 21:00,7.9,97,0,7.5,0,0,0
2022/4/3 22:00,7.8,98,0,7.5,0,0,0
2022/4/3 23:00,7.6,97,0,7.2,0,0,0
2022/4/4 0:00,7.5,98,0,7.2,0,0,0
2022/4/4 1:00,7.5,97,0,7.1,0,0,0
2022/4/4 2:00,7.2,97,0,6.8,0,0,0
2022/4/4 3:00,6.9,98,0,6.6,0,0,0
2022/4/4 4:00,6.7,98,0,6.4,0,0,0
2022/4/4 5:00,7.1,98,0,6.8,0,0,0
2022/4/4 6:00,7.3,98,1,7,0,0,0.0786
2022/4/4 7:00,7.7,98,1,7.4,0.05,0,0.31
2022/4/4 8:00,8.1,98,1,7.8,0.11,0,0.415
2022/4/4 9:00,8.3,98,1,8,0.13,0,0.669
2022/4/4 10:00,8.7,98,1,8.4,0.15,0,1.143
2022/4/4 11:00,9.1,98,1,8.8,0.24,0,0.748
2022/4/4 12:00,9.2,98,1,8.9,0.25,0,1.241
2022/4/4 13:00,9.7,98,1,9.4,0.45,0,1.442
2022/4/4 14:00,9.6,96,1,9,0.31,0,0.662
2022/4/4 15:00,9.5,97,1,9.1,0.23,0,0.771
2022/4/4 16:00,9.5,97,1,9.1,0.25,0,0.206
2022/4/4 17:00,9.2,96,1,8.6,0.1,0,0.0211
2022/4/4 18:00,9.3,97,1,8.9,0.01,0,0
2022/4/4 19:00,9.2,97,0,8.8,0,0,0
2022/4/4 20:00,9.3,96,0,8.7,0,0,0
2022/4/4 21:00,8.9,95,0,8.1,0,0,0
2022/4/4 22:00,8.5,95,0,7.8,0,0,0
2022/4/4 23:00,8.4,93,0,7.3,0,0,0
2022/4/5 0:00,8.2,95,0,7.5,0,0,0
2022/4/5 1:00,8.4,93,0,7.3,0,0,0
2022/4/5 2:00,8.6,90,0,7.1,0,0,0
2022/4/5 3:00,9,88,0,7.1,0,0,0
2022/4/5 4:00,9.3,85,0,6.9,0,0,0
2022/4/5 5:00,9.8,81,0,6.7,0,0,0.211
2022/4/5 6:00,10.1,80,1,6.8,0.05,0,1.038
2022/4/5 7:00,10.8,78,1,7.1,0.34,0,2.058
2022/4/5 8:00,11,80,1,7.7,0.37,0,2.118
2022/4/5 9:00,11.1,82,1,8.2,0.59,0,3.457
2022/4/5 10:00,11.5,86,1,9.3,0.8,0,3.609
2022/4/5 11:00,12.5,83,1,9.7,1.04,0,4.556
2022/4/5 12:00,15.2,71,1,10,2.42,0.5,5.288
2022/4/5 13:00,16.2,67,1,10.1,2.19,0.4,2.016
2022/4/5 14:00,16.8,61,1,9.3,1.52,0.1,1.559
2022/4/5 15:00,17.6,63,1,10.5,1.22,0.1,2.204
2022/4/5 16:00,16.9,64,1,10.1,1.71,0.9,0.556
2022/4/5 17:00,15.4,68,1,9.5,0.87,1,0.168
2022/4/5 18:00,14.4,71,1,9.2,0.19,0.1,0.0182
2022/4/5 19:00,14.2,74,0,9.7,0,0,0
2022/4/5 20:00,13.7,77,0,9.8,0,0,0
2022/4/5 21:00,13.2,79,0,9.7,0,0,0
2022/4/5 22:00,12.5,86,0,10.2,0,0,0
2022/4/5 23:00,12.3,87,0,10.2,0,0,0
2022/4/6 0:00,12.2,88,0,10.3,0,0,0
2022/4/6 1:00,11.7,90,0,10.1,0,0,0
2022/4/6 2:00,11.3,93,0,10.2,0,0,0
2022/4/6 3:00,11.2,94,0,10.3,0,0,0
2022/4/6 4:00,10.8,97,0,10.4,0,0,0
2022/4/6 5:00,11.4,96,0,10.8,0,0,0.152
2022/4/6 6:00,12.1,94,1,11.2,0.02,0,1.175
2022/4/6 7:00,12.8,90,1,11.2,0.23,0,1.92
2022/4/6 8:00,13.6,82,1,10.6,0.72,0.1,3.358
2022/4/6 9:00,14.6,80,1,11.2,0.94,0,5.545
2022/4/6 10:00,17.4,75,1,12.9,1.67,0.4,8.289
2022/4/6 11:00,18,59,1,9.9,2.56,0.8,8.122
2022/4/6 12:00,20.1,40,1,6.1,3.21,1,7.272
2022/4/6 13:00,21.1,43,1,8.1,3.16,1,6.491
2022/4/6 14:00,20.3,50,1,9.6,2.77,1,4.689
2022/4/6 15:00,20.5,52,1,10.3,2.36,1,2.207
2022/4/6 16:00,20.5,51,1,10,1.68,1,0.635
2022/4/6 17:00,19,57,1,10.3,0.92,1,0.217
2022/4/6 18:00,18,58,1,9.6,0.24,0.6,0.0239
2022/4/6 19:00,16.1,60,0,8.3,0,0,0
2022/4/6 20:00,14.9,67,0,8.8,0,0,0
2022/4/6 21:00,14.1,78,0,10.3,0,0,0
2022/4/6 22:00,13.7,77,0,9.8,0,0,0
2022/4/6 23:00,14.5,76,0,10.3,0,0,0
2022/4/7 0:00,13.4,83,0,10.6,0,0,0
2022/4/7 1:00,13.3,83,0,10.5,0,0,0
2022/4/7 2:00,12.7,79,0,9.2,0,0,0
2022/4/7 3:00,11.8,85,0,9.4,0,0,0
2022/4/7 4:00,11.5,81,0,8.4,0,0,0
2022/4/7 5:00,11.5,73,0,6.8,0,0,0.417
2022/4/7 6:00,11.8,75,1,7.5,0.07,0,1.831
2022/4/7 7:00,11.9,74,1,7.4,0.49,0.6,4.504
2022/4/7 8:00,13.3,66,1,7.1,1.17,1,6.832
2022/4/7 9:00,13.9,62,1,6.8,1.98,1,8.036
2022/4/7 10:00,15.5,58,1,7.3,2.53,1,7.48
2022/4/7 11:00,16.5,58,1,8.2,2.71,0.8,7.933
2022/4/7 12:00,17.2,57,1,8.6,2.55,0.6,6.933
2022/4/7 13:00,16.8,54,1,7.5,1.94,0.4,3.74
2022/4/7 14:00,17.3,56,1,8.5,1.44,0.1,2.733
2022/4/7 15:00,16.8,58,1,8.5,1.18,0.1,1.597
2022/4/7 16:00,16.5,64,1,9.7,0.83,0.2,1.219
2022/4/7 17:00,16.2,65,1,9.6,0.72,0.4,0.472
2022/4/7 18:00,15.4,74,1,10.8,0.23,0,0.0278
2022/4/7 19:00,15.2,77,0,11.2,0,0,0
2022/4/7 20:00,15.2,79,0,11.6,0,0,0
2022/4/7 21:00,14.6,85,0,12.1,0,0,0
2022/4/7 22:00,14.4,86,0,12.1,0,0,0
2022/4/7 23:00,12.1,84,0,9.5,0,0,0
2022/4/8 0:00,11.7,84,0,9.1,0,0,0
2022/4/8 1:00,11.5,84,0,8.9,0,0,0
2022/4/8 2:00,11.2,87,0,9.1,0,0,0
2022/4/8 3:00,11.8,78,0,8.1,0,0,0
2022/4/8 4:00,11.3,70,0,6,0,0,0
2022/4/8 5:00,11.2,63,0,4.4,0,0,0.249
2022/4/8 6:00,10.9,63,1,4.2,0.08,0.2,2.863
2022/4/8 7:00,14.1,46,1,2.7,0.68,1,6.038
2022/4/8 8:00,15.7,42,1,2.8,1.44,1,7.624
2022/4/8 9:00,16.6,39,1,2.6,2.15,1,8.549
2022/4/8 10:00,16.6,35,1,1.1,2.74,1,8.66
2022/4/8 11:00,19,35,1,3.2,3.13,1,8.314
2022/4/8 12:00,19.1,28,1,0.2,3.29,1,7.762
2022/4/8 13:00,20.8,31,1,3.1,3.2,1,6.376
2022/4/8 14:00,20.3,34,1,4,2.86,1,4.578
2022/4/8 15:00,20.3,38,1,5.5,2.32,1,2.309
2022/4/8 16:00,20.2,44,1,7.6,1.62,1,0.854
2022/4/8 17:00,18.5,55,1,9.3,0.89,1,0.224
2022/4/8 18:00,16.6,61,1,9.1,0.24,0.6,0.0074
2022/4/8 19:00,15.5,63,0,8.5,0,0,0
2022/4/8 20:00,15,68,0,9.2,0,0,0
2022/4/8 21:00,14.8,70,0,9.4,0,0,0
2022/4/8 22:00,14.2,73,0,9.4,0,0,0
2022/4/8 23:00,12.6,81,0,9.4,0,0,0
2022/4/9 0:00,12,86,0,9.7,0,0,0
2022/4/9 1:00,12.2,86,0,9.9,0,0,0
2022/4/9 2:00,12.1,79,0,8.6,0,0,0
2022/4/9 3:00,12.3,83,0,9.5,0,0,0
2022/4/9 4:00,11,80,0,7.7,0,0,0
2022/4/9 5:00,10.4,83,0,7.6,0,0,0.383
2022/4/9 6:00,10.9,78,1,7.2,0.08,0.2,2.14
2022/4/9 7:00,13.1,67,1,7.1,0.64,1,4.988
2022/4/9 8:00,15.2,61,1,7.7,1.4,1,6.493
2022/4/9 9:00,17.5,55,1,8.4,2.1,1,8.171
2022/4/9 10:00,19,55,1,9.8,2.64,1,8.666
2022/4/9 11:00,22.2,52,1,11.9,2.66,0.7,8.631
2022/4/9 12:00,23,49,1,11.7,3.27,1,7.862
2022/4/9 13:00,22.9,47,1,11,3.11,1,6.577
2022/4/9 14:00,23.3,46,1,11.1,2.9,1,4.671
2022/4/9 15:00,22.5,48,1,11,2.36,1,2.317
2022/4/9 16:00,20.7,60,1,12.7,1.67,1,0.659
2022/4/9 17:00,19.2,68,1,13.2,0.91,1,0.19
2022/4/9 18:00,18.6,70,1,13,0.25,0.6,0.0213
2022/4/9 19:00,18.9,60,0,11,0,0,0
2022/4/9 20:00,18.2,64,0,11.3,0,0,0
2022/4/9 21:00,17.7,66,0,11.3,0,0,0
2022/4/9 22:00,17.3,69,0,11.6,0,0,0
2022/4/9 23:00,17,68,0,11.1,0,0,0
2022/4/10 0:00,16.5,71,0,11.2,0,0,0
2022/4/10 1:00,15.6,75,0,11.2,0,0,0
2022/4/10 2:00,14.7,86,0,12.4,0,0,0
2022/4/10 3:00,14.5,87,0,12.4,0,0,0
2022/4/10 4:00,14,89,0,12.2,0,0,0
2022/4/10 5:00,13.3,93,0,12.2,0,0,0.363
2022/4/10 6:00,13.5,93,1,12.4,0.08,0.2,2.497
2022/4/10 7:00,16,77,1,12,0.61,1,5.438
2022/4/10 8:00,18.4,63,1,11.2,1.36,1,7.054
2022/4/10 9:00,21,54,1,11.4,2.08,1,7.902
2022/4/10 10:00,22.4,41,1,8.5,2.68,1,8.254
2022/4/10 11:00,23.2,35,1,6.9,3.1,1,8.076
2022/4/10 12:00,25.6,30,1,6.8,3.27,1,7.388
2022/4/10 13:00,25.9,38,1,10.5,3.19,1,6.192
2022/4/10 14:00,25.9,36,1,9.7,2.87,1,4.42
2022/4/10 15:00,25.9,33,1,8.4,2.34,1,2.259
2022/4/10 16:00,25.2,30,1,6.4,1.67,1,0.679
2022/4/10 17:00,24,34,1,7.2,0.92,1,0.21
2022/4/10 18:00,22,46,1,9.9,0.26,0.6,0.0336
2022/4/10 19:00,19.9,53,0,10.1,0,0,0
2022/4/10 20:00,19.2,58,0,10.8,0,0,0
2022/4/10 21:00,18.3,63,0,11.2,0,0,0
2022/4/10 22:00,17.8,79,0,14.1,0,0,0
2022/4/10 23:00,17.5,73,0,12.6,0,0,0
2022/4/11 0:00,17,77,0,13,0,0,0
2022/4/11 1:00,16.7,82,0,13.6,0,0,0
2022/4/11 2:00,15.8,87,0,13.7,0,0,0
2022/4/11 3:00,15.6,87,0,13.5,0,0,0
2022/4/11 4:00,14.6,91,0,13.2,0,0,0
2022/4/11 5:00,14.4,90,0,12.8,0,0,0.484
2022/4/11 6:00,14.6,90,1,13,0.1,0,2.04
2022/4/11 7:00,17.6,79,1,13.9,0.6,0.8,4.668
2022/4/11 8:00,19.1,65,1,12.4,1.2,1,5.817
2022/4/11 9:00,20.1,62,1,12.6,1.56,0.6,6.03
2022/4/11 10:00,21.5,54,1,11.8,2.28,0.9,7.874
2022/4/11 11:00,22.9,56,1,13.7,3.02,1,6.733
2022/4/11 12:00,22.9,55,1,13.4,2.49,0.9,6.461
2022/4/11 13:00,23.1,56,1,13.9,3,1,6.657
2022/4/11 14:00,23.3,57,1,14.3,2.98,1,4.58
2022/4/11 15:00,22.1,58,1,13.5,2.34,1,2.338
2022/4/11 16:00,21.5,66,1,14.9,1.49,1,0.98
2022/4/11 17:00,19.9,73,1,14.9,0.6,0.3,0.287
2022/4/11 18:00,19.1,75,1,14.6,0.17,0,0.0263
2022/4/11 19:00,18.6,77,0,14.5,0,0,0
2022/4/11 20:00,18.2,80,0,14.7,0,0,0
2022/4/11 21:00,18.2,79,0,14.5,0,0,0
2022/4/11 22:00,18.1,78,0,14.2,0,0,0
2022/4/11 23:00,18,77,0,13.9,0,0,0
2022/4/12 0:00,17.9,74,0,13.2,0,0,0
2022/4/12 1:00,18.2,71,0,12.9,0,0,0
2022/4/12 2:00,17.9,73,0,13,0,0,0
2022/4/12 3:00,17.6,74,0,12.9,0,0,0
2022/4/12 4:00,17,76,0,12.8,0,0,0
2022/4/12 5:00,16,82,0,12.9,0,0,0.201
2022/4/12 6:00,16.3,84,1,13.6,0.08,0.2,2.574
2022/4/12 7:00,18.1,74,1,13.4,0.64,1,5.563
2022/4/12 8:00,20.2,70,1,14.6,1.34,1,7.153
2022/4/12 9:00,21.1,63,1,13.8,2.07,1,8.051
2022/4/12 10:00,22.2,54,1,12.5,2.63,1,8.34
2022/4/12 11:00,23.3,54,1,13.5,3.03,1,8.125
2022/4/12 12:00,24.4,50,1,13.3,3.2,1,7.499
2022/4/12 13:00,24.8,53,1,14.6,3.14,1,6.444
2022/4/12 14:00,24.4,52,1,13.9,2.86,1,4.618
2022/4/12 15:00,24.6,53,1,14.4,2.34,1,2.294
2022/4/12 16:00,23.7,53,1,13.6,1.66,1,0.666
2022/4/12 17:00,22.1,59,1,13.7,0.93,1,0.193
2022/4/12 18:00,20.6,68,1,14.5,0.26,0.6,0.0236
2022/4/12 19:00,19.8,73,0,14.8,0.01,0,0
2022/4/12 20:00,18.7,79,0,15,0,0,0
2022/4/12 21:00,18,85,0,15.5,0,0,0
2022/4/12 22:00,17.8,88,0,15.8,0,0,0
2022/4/12 23:00,17.3,90,0,15.7,0,0,0
2022/4/13 0:00,17,90,0,15.4,0,0,0
2022/4/13 1:00,17.1,89,0,15.3,0,0,0
2022/4/13 2:00,16.7,90,0,15.1,0,0,0
2022/4/13 3:00,16.3,92,0,15,0,0,0
2022/4/13 4:00,15.9,91,0,14.4,0,0,0
2022/4/13 5:00,15.5,90,0,13.9,0,0,0.495
2022/4/13 6:00,15.7,91,1,14.2,0.12,0.2,2.502
2022/4/13 7:00,18.2,74,1,13.5,0.65,1,5.034
2022/4/13 8:00,20.1,66,1,13.6,1.36,1,6.281
2022/4/13 9:00,21.9,57,1,13,1.87,1,7.37
2022/4/13 10:00,23,52,1,12.6,2.37,1,7.648
2022/4/13 11:00,25,52,1,14.5,2.75,1,7.604
2022/4/13 12:00,25.3,49,1,13.8,3,1,6.761
2022/4/13 13:00,25.6,46,1,13.1,2.92,1,5.586
2022/4/13 14:00,25.8,53,1,15.5,2.54,1,4.044
2022/4/13 15:00,25.3,61,1,17.3,1.97,1,2.597
2022/4/13 16:00,23.9,69,1,17.9,1.57,1,1.005
2022/4/13 17:00,22.7,77,1,18.5,0.75,0.6,0.356
2022/4/13 18:00,22,81,1,18.6,0.35,0.5,0.0158
2022/4/13 19:00,21.5,82,0,18.3,0.01,0,0
2022/4/13 20:00,20.7,85,0,18.1,0,0,0
2022/4/13 21:00,20.6,87,0,18.4,0,0,0
2022/4/13 22:00,20,91,0,18.5,0,0,0
2022/4/13 23:00,19.4,93,0,18.2,0,0,0
2022/4/14 0:00,19.8,91,0,18.3,0,0,0
2022/4/14 1:00,17.6,86,0,15.2,0,0,0
2022/4/14 2:00,16.4,77,0,12.4,0,0,0
2022/4/14 3:00,15.8,76,0,11.6,0,0,0
2022/4/14 4:00,15.2,76,0,11,0,0,0
2022/4/14 5:00,14.5,81,0,11.3,0,0,0
2022/4/14 6:00,13.2,90,1,11.6,0.01,0,0.0559
2022/4/14 7:00,13,82,1,10,0.08,0,0.239
2022/4/14 8:00,12.6,89,1,10.8,0.17,0,0.706
2022/4/14 9:00,12.4,81,1,9.2,0.33,0,0.586
2022/4/14 10:00,11.9,90,1,10.3,0.3,0,0.605
2022/4/14 11:00,11.3,95,1,10.5,0.27,0,0.786
2022/4/14 12:00,11.2,93,1,10.1,0.32,0,0.711
2022/4/14 13:00,11.7,98,1,11.4,0.29,0,0.83
2022/4/14 14:00,11.3,95,1,10.5,0.26,0,0.477
2022/4/14 15:00,11.6,96,1,11,0.22,0,0.342
2022/4/14 16:00,11.7,93,1,10.6,0.15,0,0.228
2022/4/14 17:00,11.4,95,1,10.6,0.09,0,0.0303
2022/4/14 18:00,10.7,95,1,10,0.02,0,0
2022/4/14 19:00,10.5,95,0,9.7,0,0,0
2022/4/14 20:00,10.5,97,0,10.1,0,0,0
2022/4/14 21:00,10.4,98,0,10.1,0,0,0
2022/4/14 22:00,10.2,97,0,9.8,0,0,0
2022/4/14 23:00,10.2,97,0,9.8,0,0,0
2022/4/15 0:00,10.2,98,0,9.9,0,0,0
2022/4/15 1:00,9.7,98,0,9.4,0,0,0
2022/4/15 2:00,9.7,98,0,9.4,0,0,0
2022/4/15 3:00,9.7,98,0,9.4,0,0,0
2022/4/15 4:00,9.4,99,0,9.3,0,0,0
2022/4/15 5:00,9.7,99,0,9.6,0,0,0.0125
2022/4/15 6:00,9.7,99,1,9.6,0.02,0,0.0593
2022/4/15 7:00,9.9,98,1,9.6,0.09,0,0.203
2022/4/15 8:00,10.1,96,1,9.5,0.12,0,0.476
2022/4/15 9:00,10.5,97,1,10.1,0.24,0,0.959
2022/4/15 10:00,10.5,96,1,9.9,0.35,0,1.117
2022/4/15 11:00,11.3,97,1,10.9,0.39,0,1.51
2022/4/15 12:00,10.9,96,1,10.3,0.52,0,1.125
2022/4/15 13:00,11.3,97,1,10.9,0.6,0,1.917
2022/4/15 14:00,11.3,96,1,10.7,0.53,0,1.267
2022/4/15 15:00,11.8,97,1,11.3,0.48,0,0.71
2022/4/15 16:00,11.4,97,1,11,0.25,0,0.534
2022/4/15 17:00,10.9,96,1,10.3,0.18,0,0.0394
2022/4/15 18:00,10.3,94,1,9.4,0.08,0,0.015
2022/4/15 19:00,9.9,97,0,9.5,0,0,0
2022/4/15 20:00,9.5,98,0,9.2,0,0,0
2022/4/15 21:00,9.2,97,0,8.8,0,0,0
2022/4/15 22:00,8.8,98,0,8.5,0,0,0
2022/4/15 23:00,8.4,97,0,8,0,0,0
2022/4/16 0:00,8.4,97,0,8,0,0,0
2022/4/16 1:00,8.5,97,0,8.1,0,0,0
2022/4/16 2:00,8.6,96,0,8,0,0,0
2022/4/16 3:00,8.4,93,0,7.3,0,0,0
2022/4/16 4:00,8.3,92,0,7.1,0,0,0
2022/4/16 5:00,8.1,93,0,7,0,0,0.0995
2022/4/16 6:00,8.2,94,1,7.3,0.04,0,0.667
2022/4/16 7:00,8.8,94,1,7.9,0.29,0,1.351
2022/4/16 8:00,9.7,83,1,7,0.79,0.1,2.062
2022/4/16 9:00,10.5,81,1,7.4,0.82,0,3.209
2022/4/16 10:00,12.1,75,1,7.8,1.35,0.1,6.789
2022/4/16 11:00,13.2,67,1,7.2,2.62,0.5,7.435
2022/4/16 12:00,15.2,67,1,9.1,1.95,0.2,6.732
2022/4/16 13:00,16.6,54,1,7.3,2.87,0.8,5.598
2022/4/16 14:00,19.1,49,1,8.2,2.57,0.9,3.387
2022/4/16 15:00,18.9,47,1,7.4,2.41,0.8,2.138
2022/4/16 16:00,18.1,41,1,4.7,1.87,1,1.014
2022/4/16 17:00,16.9,56,1,8.1,0.7,0.4,0.412
2022/4/16 18:00,15.3,69,1,9.7,0.36,0.7,0.0167
2022/4/16 19:00,13.8,79,0,10.2,0.02,0,0
2022/4/16 20:00,13.4,82,0,10.4,0,0,0
2022/4/16 21:00,12.7,79,0,9.2,0,0,0
2022/4/16 22:00,11.8,81,0,8.7,0,0,0
2022/4/16 23:00,11.5,82,0,8.5,0,0,0
2022/4/17 0:00,11.3,84,0,8.7,0,0,0
2022/4/17 1:00,11.4,81,0,8.3,0,0,0
2022/4/17 2:00,11.4,74,0,6.9,0,0,0
2022/4/17 3:00,11.3,75,0,7,0,0,0
2022/4/17 4:00,10.9,69,0,5.5,0,0,0
2022/4/17 5:00,10.5,72,0,5.7,0,0,0.437
2022/4/17 6:00,10.2,70,1,5,0.11,0,2.148
2022/4/17 7:00,10.9,65,1,4.6,0.59,0.6,5.575
2022/4/17 8:00,12.3,65,1,5.9,1.45,0.8,6.057
2022/4/17 9:00,12.7,61,1,5.4,1.44,0.4,5.816
2022/4/17 10:00,14.9,54,1,5.7,2.17,0.8,5.141
2022/4/17 11:00,16.8,51,1,6.6,2.52,0.6,5.883
2022/4/17 12:00,15.8,49,1,5.1,2.73,0.7,6.843
2022/4/17 13:00,16.7,49,1,6,2.54,0.5,4.573
2022/4/17 14:00,16.2,52,1,6.4,1.67,0.2,3.043
2022/4/17 15:00,16.2,54,1,6.9,1.15,0,2.095
2022/4/17 16:00,16.3,64,1,9.5,0.69,0,0.726
2022/4/17 17:00,15.7,65,1,9.2,0.37,0,0.193
2022/4/17 18:00,14.7,74,1,10.1,0.17,0,0.0179
2022/4/17 19:00,14.1,78,0,10.3,0,0,0
2022/4/17 20:00,14.1,79,0,10.5,0,0,0
2022/4/17 21:00,14.2,78,0,10.4,0,0,0
2022/4/17 22:00,13.8,79,0,10.2,0,0,0
2022/4/17 23:00,13.8,83,0,11,0,0,0
2022/4/18 0:00,13.5,85,0,11,0,0,0
2022/4/18 1:00,13.5,85,0,11,0,0,0
2022/4/18 2:00,13.6,84,0,11,0,0,0
2022/4/18 3:00,13.5,83,0,10.7,0,0,0
2022/4/18 4:00,12.3,89,0,10.6,0,0,0
2022/4/18 5:00,12.9,86,0,10.6,0,0,0.376
2022/4/18 6:00,14.1,80,1,10.7,0.1,0,2.593
2022/4/18 7:00,14.9,74,1,10.3,0.74,0.8,2.58
2022/4/18 8:00,15.8,70,1,10.4,0.94,0.1,3.875
2022/4/18 9:00,16.3,68,1,10.4,0.99,0,3.384
2022/4/18 10:00,17.8,66,1,11.4,1.16,0,2.981
2022/4/18 11:00,17.6,63,1,10.5,0.95,0,1.964
2022/4/18 12:00,17.5,68,1,11.5,0.4,0,1.571
2022/4/18 13:00,17.1,76,1,12.8,0.56,0,1.582
2022/4/18 14:00,16.1,81,1,12.9,0.64,0,1.166
2022/4/18 15:00,15.2,83,1,12.3,0.6,0,0.736
2022/4/18 16:00,15.1,85,1,12.6,0.34,0,0.24
2022/4/18 17:00,13.8,93,1,12.7,0.1,0,0.0324
2022/4/18 18:00,13.2,97,1,12.7,0.02,0,0
2022/4/18 19:00,12.8,98,0,12.5,0,0,0
2022/4/18 20:00,12.7,99,0,12.6,0,0,0
2022/4/18 21:00,12.6,99,0,12.5,0,0,0
2022/4/18 22:00,12.1,98,0,11.8,0,0,0
2022/4/18 23:00,12,98,0,11.7,0,0,0
2022/4/19 0:00,11.7,99,0,11.6,0,0,0
2022/4/19 1:00,11.6,99,0,11.5,0,0,0
2022/4/19 2:00,11.7,99,0,11.6,0,0,0
2022/4/19 3:00,11.2,100,0,11.2,0,0,0
2022/4/19 4:00,10.8,100,0,10.8,0,0,0
2022/4/19 5:00,10.9,100,0,10.9,0,0,0.769
2022/4/19 6:00,11.1,100,1,11.1,0.11,0.1,2.992
2022/4/19 7:00,13.1,96,1,12.5,0.74,0.8,5.862
2022/4/19 8:00,14.4,82,1,11.4,1.52,1,7.353
2022/4/19 9:00,16.4,66,1,10.1,2.07,0.9,8.07
2022/4/19 10:00,17.4,56,1,8.5,2.72,1,7.686
2022/4/19 11:00,18.5,46,1,6.7,2.76,1,7.65
2022/4/19 12:00,19.1,57,1,10.4,3,1,6.07
2022/4/19 13:00,19.3,52,1,9.2,2.81,0.8,3.741
2022/4/19 14:00,20.1,47,1,8.5,2.11,0.4,2.41
2022/4/19 15:00,19.2,54,1,9.7,1.24,0.1,1.763
2022/4/19 16:00,19.2,46,1,7.3,1.21,0.5,1.036
2022/4/19 17:00,18.1,60,1,10.2,0.44,0,0.377
2022/4/19 18:00,17.4,68,1,11.4,0.12,0,0.0278
2022/4/19 19:00,16.7,65,0,10.1,0,0,0
2022/4/19 20:00,16.1,62,0,8.8,0,0,0
2022/4/19 21:00,15.3,72,0,10.3,0,0,0
2022/4/19 22:00,13.8,85,0,11.3,0,0,0
2022/4/19 23:00,13.1,90,0,11.5,0,0,0
2022/4/20 0:00,12.9,89,0,11.1,0,0,0
2022/4/20 1:00,12.7,82,0,9.7,0,0,0
2022/4/20 2:00,11.4,89,0,9.7,0,0,0
2022/4/20 3:00,10.4,89,0,8.7,0,0,0
2022/4/20 4:00,9.7,93,0,8.6,0,0,0
2022/4/20 5:00,9.8,95,0,9,0,0,0.177
2022/4/20 6:00,9.9,95,1,9.1,0.03,0,0.486
2022/4/20 7:00,10.4,89,1,8.7,0.15,0,0.553
2022/4/20 8:00,10.9,89,1,9.2,0.27,0,0.623
2022/4/20 9:00,11,87,1,8.9,0.31,0,1.798
2022/4/20 10:00,11.3,84,1,8.7,0.39,0,1.958
2022/4/20 11:00,11.6,83,1,8.8,0.36,0,1.86
2022/4/20 12:00,12.1,78,1,8.4,0.4,0,1.826
2022/4/20 13:00,12.6,80,1,9.3,0.57,0,1.497
2022/4/20 14:00,13,78,1,9.3,0.37,0,1.8
2022/4/20 15:00,13.9,79,1,10.3,0.56,0,0.997
2022/4/20 16:00,13.6,81,1,10.4,0.25,0,0.616
2022/4/20 17:00,13.7,80,1,10.3,0.22,0,0.16
2022/4/20 18:00,13.6,82,1,10.6,0.04,0,0.0107
2022/4/20 19:00,13.6,83,0,10.8,0,0,0
2022/4/20 20:00,13.8,79,0,10.2,0,0,0
2022/4/20 21:00,13.7,79,0,10.1,0,0,0
2022/4/20 22:00,13.6,79,0,10,0,0,0
2022/4/20 23:00,13.4,81,0,10.2,0,0,0
2022/4/21 0:00,13.5,78,0,9.8,0,0,0
2022/4/21 1:00,13.5,76,0,9.4,0,0,0
2022/4/21 2:00,12.8,78,0,9.1,0,0,0
2022/4/21 3:00,12.8,79,0,9.3,0,0,0
2022/4/21 4:00,13,79,0,9.5,0,0,0
2022/4/21 5:00,12.4,82,0,9.4,0,0,0.208
2022/4/21 6:00,12.4,83,1,9.6,0.08,0,1.046
2022/4/21 7:00,13.3,80,1,9.9,0.53,0.2,2.586
2022/4/21 8:00,15.1,72,1,10.1,1.1,0.5,4.462
2022/4/21 9:00,16.7,68,1,10.8,1.56,0.6,7.094
2022/4/21 10:00,18.4,67,1,12.2,2.58,1,7.814
2022/4/21 11:00,19.4,57,1,10.7,2.89,0.9,5.925
2022/4/21 12:00,21,59,1,12.7,2,0.3,4.844
2022/4/21 13:00,19.3,65,1,12.6,1.67,0.1,3.088
2022/4/21 14:00,20,58,1,11.5,1.29,0,2.333
2022/4/21 15:00,20.1,56,1,11.1,0.91,0,1.364
2022/4/21 16:00,19.3,61,1,11.6,0.52,0,0.428
2022/4/21 17:00,18.8,56,1,9.9,0.18,0,0.106
2022/4/21 18:00,18.2,69,1,12.4,0.07,0,0.0137
2022/4/21 19:00,16.7,89,0,14.9,0,0,0
2022/4/21 20:00,16.2,96,0,15.6,0,0,0
2022/4/21 21:00,16.2,96,0,15.6,0,0,0
2022/4/21 22:00,15.5,100,0,15.5,0,0,0
2022/4/21 23:00,15.6,100,0,15.6,0,0,0
2022/4/22 0:00,16,100,0,16,0,0,0
2022/4/22 1:00,15.4,100,0,15.4,0,0,0
2022/4/22 2:00,13.6,100,0,13.6,0,0,0
2022/4/22 3:00,14.2,100,0,14.2,0,0,0
2022/4/22 4:00,14.4,100,0,14.4,0,0,0
2022/4/22 5:00,13.8,100,0,13.8,0,0,0.329
2022/4/22 6:00,14.2,100,1,14.2,0.08,0,1.527
2022/4/22 7:00,15.5,99,1,15.4,0.39,0,2.181
2022/4/22 8:00,17.1,83,1,14.2,0.85,0,3.869
2022/4/22 9:00,18.9,79,1,15.2,1.32,0,7.461
2022/4/22 10:00,21.4,77,1,17.2,2.05,0.4,8.424
2022/4/22 11:00,22.8,67,1,16.4,3.18,1,8.104
2022/4/22 12:00,24.5,62,1,16.8,3.31,1,7.432
2022/4/22 13:00,24.6,61,1,16.6,3.2,1,6.246
2022/4/22 14:00,25.7,57,1,16.6,2.87,1,4.488
2022/4/22 15:00,25,55,1,15.4,2.38,1,2.328
2022/4/22 16:00,24.3,60,1,16.1,1.77,1,0.693
2022/4/22 17:00,23.1,67,1,16.7,1.03,1,0.231
2022/4/22 18:00,21.8,74,1,17,0.34,0.7,0.0137
2022/4/22 19:00,20.8,79,0,17,0.01,0,0
2022/4/22 20:00,19.3,85,0,16.7,0,0,0
2022/4/22 21:00,18.2,90,0,16.5,0,0,0
2022/4/22 22:00,17.7,92,0,16.4,0,0,0
2022/4/22 23:00,17.2,94,0,16.2,0,0,0
2022/4/23 0:00,16.8,97,0,16.3,0,0,0
2022/4/23 1:00,16.8,98,0,16.5,0,0,0
2022/4/23 2:00,17,97,0,16.5,0,0,0
2022/4/23 3:00,16.7,97,0,16.2,0,0,0
2022/4/23 4:00,16.9,95,0,16.1,0,0,0
2022/4/23 5:00,16.8,96,0,16.2,0,0,0.0283
2022/4/23 6:00,17.4,94,1,16.4,0.08,0,0.773
2022/4/23 7:00,18.6,86,1,16.2,0.71,0.8,2.114
2022/4/23 8:00,19.3,82,1,16.2,0.95,0.1,1.805
2022/4/23 9:00,19.9,81,1,16.6,0.73,0,3.685
2022/4/23 10:00,21.5,76,1,17.1,1.44,0,7.085
2022/4/23 11:00,22.1,69,1,16.2,2.42,0.4,7.077
2022/4/23 12:00,23.9,63,1,16.4,2.86,0.8,7.624
2022/4/23 13:00,25.6,56,1,16.2,3.22,0.9,6.18
2022/4/23 14:00,26,61,1,17.9,2.92,1,4.203
2022/4/23 15:00,24.7,58,1,15.9,2.35,1,2.141
2022/4/23 16:00,25.3,49,1,13.8,1.38,0.6,0.81
2022/4/23 17:00,24.5,51,1,13.7,0.73,0.4,0.313
2022/4/23 18:00,22.7,61,1,14.8,0.24,0.1,0.0151
2022/4/23 19:00,20.9,70,0,15.2,0.01,0,0
2022/4/23 20:00,20.6,74,0,15.8,0,0,0
2022/4/23 21:00,21.4,51,0,10.9,0,0,0
2022/4/23 22:00,21.5,75,0,16.9,0,0,0
2022/4/23 23:00,20.4,67,0,14.1,0,0,0
2022/4/24 0:00,19.6,68,0,13.5,0,0,0
2022/4/24 1:00,19.1,68,0,13.1,0,0,0
2022/4/24 2:00,18.2,73,0,13.3,0,0,0
2022/4/24 3:00,18.2,72,0,13.1,0,0,0
2022/4/24 4:00,18,67,0,11.8,0,0,0
2022/4/24 5:00,17.5,70,1,12,0,0,0.0697
2022/4/24 6:00,17.8,72,1,12.7,0.08,0,1
2022/4/24 7:00,18,68,1,12,0.29,0,2.64
2022/4/24 8:00,18,65,1,11.3,0.46,0,2.439
2022/4/24 9:00,18.1,67,1,11.9,0.56,0,3.407
2022/4/24 10:00,19.4,62,1,11.9,1.38,0,4.534
2022/4/24 11:00,19.8,65,1,13,1.49,0,2.196
2022/4/24 12:00,19.3,64,1,12.3,1.09,0,1.841
2022/4/24 13:00,19.3,64,1,12.3,0.88,0,1.442
2022/4/24 14:00,17.5,93,1,16.4,0.58,0,1.297
2022/4/24 15:00,16.9,93,1,15.8,0.46,0,0.726
2022/4/24 16:00,16.5,95,1,15.7,0.33,0,0.314
2022/4/24 17:00,15.9,98,1,15.6,0.17,0,0.0329
2022/4/24 18:00,15.8,100,1,15.8,0.05,0,0.021
2022/4/24 19:00,15.8,100,0,15.8,0,0,0
2022/4/24 20:00,15.7,98,0,15.4,0,0,0
2022/4/24 21:00,15.3,98,0,15,0,0,0
2022/4/24 22:00,15.2,97,0,14.7,0,0,0
2022/4/24 23:00,14.6,96,0,14,0,0,0
2022/4/25 0:00,14.4,96,0,13.8,0,0,0
2022/4/25 1:00,13.5,97,0,13,0,0,0
2022/4/25 2:00,13.4,100,0,13.4,0,0,0
2022/4/25 3:00,13.5,100,0,13.5,0,0,0
2022/4/25 4:00,13.2,100,0,13.2,0,0,0
2022/4/25 5:00,13.1,100,1,13.1,0,0,0.754
2022/4/25 6:00,14.3,100,1,14.3,0.19,0.1,3.04
2022/4/25 7:00,16.7,89,1,14.9,0.8,1,5.58
2022/4/25 8:00,19.1,79,1,15.4,1.58,1,7.192
2022/4/25 9:00,21,73,1,16,2.26,1,8.017
2022/4/25 10:00,22.8,65,1,15.9,2.83,1,8.344
2022/4/25 11:00,24.2,61,1,16.2,3.2,1,8.129
2022/4/25 12:00,25.6,49,1,14.1,3.38,1,7.365
2022/4/25 13:00,26.2,47,1,14,3.27,1,6.132
2022/4/25 14:00,25.4,47,1,13.3,3.01,1,4.38
2022/4/25 15:00,26.4,53,1,16.1,2.45,1,2.36
2022/4/25 16:00,25.2,55,1,15.5,1.78,1,0.843
2022/4/25 17:00,24.2,64,1,17,1,1,0.318
2022/4/25 18:00,22.8,61,1,14.9,0.35,0.7,0.0205
2022/4/25 19:00,21.2,71,0,15.7,0.02,0,0
2022/4/25 20:00,20.4,76,0,16,0,0,0
2022/4/25 21:00,18.9,84,0,16.2,0,0,0
2022/4/25 22:00,18.4,93,0,17.3,0,0,0
2022/4/25 23:00,18.7,91,0,17.2,0,0,0
2022/4/26 0:00,18.4,92,0,17.1,0,0,0
2022/4/26 1:00,19.2,91,0,17.7,0,0,0
2022/4/26 2:00,19.4,90,0,17.7,0,0,0
2022/4/26 3:00,19.1,92,0,17.8,0,0,0
2022/4/26 4:00,18.3,95,0,17.5,0,0,0
2022/4/26 5:00,18.3,97,1,17.8,0,0,0.222
2022/4/26 6:00,18.8,94,1,17.8,0.12,0,1.074
2022/4/26 7:00,19.5,92,1,18.2,0.24,0,1.486
2022/4/26 8:00,20.7,88,1,18.7,0.63,0,2.032
2022/4/26 9:00,21.6,85,1,19,0.88,0,3.261
2022/4/26 10:00,21.6,87,1,19.4,0.89,0,2.049
2022/4/26 11:00,22.2,81,1,18.8,0.54,0,0.958
2022/4/26 12:00,21.5,91,1,20,0.44,0,2.79
2022/4/26 13:00,22.5,85,1,19.9,0.95,0,2.873
2022/4/26 14:00,23.3,83,1,20.3,0.85,0,0.891
2022/4/26 15:00,22.7,86,1,20.2,0.74,0,0.696
2022/4/26 16:00,22.8,86,1,20.3,0.27,0,0.238
2022/4/26 17:00,21.8,97,1,21.3,0.1,0,0.16
2022/4/26 18:00,22,92,1,20.6,0.1,0,0.0207
2022/4/26 19:00,22.3,90,0,20.6,0,0,0
2022/4/26 20:00,22.5,87,0,20.2,0,0,0
2022/4/26 21:00,22.5,86,0,20.1,0,0,0
2022/4/26 22:00,22.4,87,0,20.1,0,0,0
2022/4/26 23:00,22.5,89,0,20.6,0,0,0
2022/4/27 0:00,22.7,89,0,20.8,0,0,0
2022/4/27 1:00,22.7,89,0,20.8,0,0,0
2022/4/27 2:00,22.5,91,0,21,0,0,0
2022/4/27 3:00,22.1,90,0,20.4,0,0,0
2022/4/27 4:00,22.2,82,0,19,0,0,0
2022/4/27 5:00,22.7,80,1,19.1,0,0,0.0396
2022/4/27 6:00,22.8,81,1,19.4,0.02,0,0.0304
2022/4/27 7:00,22.5,82,1,19.3,0.06,0,0.173
2022/4/27 8:00,21.8,90,1,20.1,0.15,0,1.627
2022/4/27 9:00,22.2,86,1,19.8,0.62,0,5.705
2022/4/27 10:00,24.9,75,1,20.2,1.92,0.5,6.544
2022/4/27 11:00,25.7,71,1,20.1,2.24,0.4,3.189
2022/4/27 12:00,26.9,71,1,21.2,1.58,0.1,4.757
2022/4/27 13:00,27.3,68,1,20.9,1.87,0.4,3.286
2022/4/27 14:00,25.6,70,1,19.7,1.61,0.2,2.005
2022/4/27 15:00,24.9,72,1,19.5,0.79,0,1.543
2022/4/27 16:00,24.5,75,1,19.8,0.59,0,0.968
2022/4/27 17:00,24,76,1,19.5,0.35,0,0.247
2022/4/27 18:00,23.3,80,1,19.7,0.12,0,0.0232
2022/4/27 19:00,22.2,82,0,19,0.01,0,0
2022/4/27 20:00,21.4,88,0,19.3,0,0,0
2022/4/27 21:00,21.7,81,0,18.3,0,0,0
2022/4/27 22:00,20.3,76,0,15.9,0,0,0
2022/4/27 23:00,19.4,72,0,14.2,0,0,0
2022/4/28 0:00,18.9,64,0,12,0,0,0
2022/4/28 1:00,18.3,68,0,12.3,0,0,0
2022/4/28 2:00,17.8,64,0,10.9,0,0,0
2022/4/28 3:00,17,66,0,10.6,0,0,0
2022/4/28 4:00,16.6,68,0,10.7,0,0,0
2022/4/28 5:00,15.7,66,1,9.4,0,0,0.336
2022/4/28 6:00,15.3,69,1,9.7,0.1,0,0.619
2022/4/28 7:00,15.3,64,1,8.5,0.31,0,1.234
2022/4/28 8:00,15.4,62,1,8.2,0.34,0,2.461
2022/4/28 9:00,15.8,60,1,8.1,0.83,0,3.984
2022/4/28 10:00,16.4,54,1,7.1,1.48,0,3.759
2022/4/28 11:00,17.3,52,1,7.4,1.56,0,4.262
2022/4/28 12:00,17.7,33,1,1.2,1.61,0,6.009
2022/4/28 13:00,19.5,34,1,3.2,3.35,0.9,5.663
2022/4/28 14:00,20.2,37,1,5.1,2.93,1,4.758
2022/4/28 15:00,20,41,1,6.4,2.4,1,1.924
2022/4/28 16:00,19.8,52,1,9.7,1.9,1,1.251
2022/4/28 17:00,18.1,52,1,8.1,1.06,0.8,0.316
2022/4/28 18:00,17.3,52,1,7.4,0.38,0.8,0.0268
2022/4/28 19:00,16.5,52,0,6.6,0.02,0,0
2022/4/28 20:00,16.4,54,0,7.1,0,0,0
2022/4/28 21:00,15.6,63,0,8.6,0,0,0
2022/4/28 22:00,14.7,68,0,8.9,0,0,0
2022/4/28 23:00,14.6,71,0,9.4,0,0,0
2022/4/29 0:00,14.7,67,0,8.6,0,0,0
2022/4/29 1:00,14.3,70,0,8.9,0,0,0
2022/4/29 2:00,13.8,74,0,9.3,0,0,0
2022/4/29 3:00,13.9,74,0,9.4,0,0,0
2022/4/29 4:00,13.2,76,0,9.1,0,0,0
2022/4/29 5:00,13.5,71,1,8.4,0,0,0.177
2022/4/29 6:00,14.1,74,1,9.6,0.13,0,0.881
2022/4/29 7:00,14.6,71,1,9.4,0.31,0,1.234
2022/4/29 8:00,15.3,73,1,10.5,0.82,0.2,1.337
2022/4/29 9:00,16.1,74,1,11.5,0.7,0,1.005
2022/4/29 10:00,15.7,83,1,12.8,0.44,0,1.575
2022/4/29 11:00,14.5,92,1,13.2,0.5,0,1.616
2022/4/29 12:00,15,90,1,13.4,0.42,0,1.086
2022/4/29 13:00,14.5,95,1,13.7,0.45,0,0.882
2022/4/29 14:00,13.9,97,1,13.4,0.29,0,0.795
2022/4/29 15:00,12.8,96,1,12.2,0.27,0,0.226
2022/4/29 16:00,13,99,1,12.9,0.13,0,0.15
2022/4/29 17:00,12.4,98,1,12.1,0.07,0,0.0265
2022/4/29 18:00,12.5,99,1,12.4,0.02,0,0
2022/4/29 19:00,10.3,97,0,9.9,0,0,0
2022/4/29 20:00,9.7,97,0,9.3,0,0,0
2022/4/29 21:00,9.2,97,0,8.8,0,0,0
2022/4/29 22:00,9.1,96,0,8.5,0,0,0
2022/4/29 23:00,9.3,95,0,8.5,0,0,0
2022/4/30 0:00,9.2,87,0,7.2,0,0,0
2022/4/30 1:00,9.1,86,0,6.9,0,0,0
2022/4/30 2:00,8.7,88,0,6.8,0,0,0
2022/4/30 3:00,8.4,89,0,6.7,0,0,0
2022/4/30 4:00,8.2,89,0,6.5,0,0,0
2022/4/30 5:00,7.6,82,1,4.7,0,0,1.435
2022/4/30 6:00,8.1,80,1,4.9,0.25,0.4,4.516
2022/4/30 7:00,9.8,74,1,5.4,1,1,6.82
2022/4/30 8:00,11.5,63,1,4.7,1.77,1,8.278
2022/4/30 9:00,13.3,55,1,4.5,2.47,1,8.919
2022/4/30 10:00,15.1,50,1,4.8,3.03,1,7.443
2022/4/30 11:00,15.8,44,1,3.6,3.42,1,7.646
2022/4/30 12:00,16.3,45,1,4.4,3.57,1,7.92
2022/4/30 13:00,17.7,53,1,8,3.45,1,6.582
2022/4/30 14:00,17.6,48,1,6.5,3.03,1,4.797
2022/4/30 15:00,17.7,46,1,6,2.53,1,2.529
2022/4/30 16:00,15.8,52,1,6,1.94,1,0.767
2022/4/30 17:00,14,58,1,5.9,1.14,1,0.296
2022/4/30 18:00,12.8,59,1,5,0.43,1,0.0281
2022/4/30 19:00,12.2,59,0,4.4,0.02,0,0
2022/4/30 20:00,12,59,0,4.3,0,0,0
2022/4/30 21:00,12.3,61,0,5,0,0,0
2022/4/30 22:00,12.4,61,0,5.1,0,0,0
2022/4/30 23:00,12.5,64,0,5.9,0,0,0
2022/5/1 0:00,12.4,65,0,6,0,0,0
2022/5/1 1:00,12.6,60,0,5.1,0,0,0
2022/5/1 2:00,11.9,67,0,6,0,0,0
2022/5/1 3:00,12,69,0,6.5,0,0,0
2022/5/1 4:00,10.9,80,0,7.6,0,0,0
2022/5/1 5:00,11.4,74,1,6.9,0,0,0.294
2022/5/1 6:00,12,68,1,6.3,0.1,0,0.869
2022/5/1 7:00,12.5,68,1,6.8,0.35,0,1.65
2022/5/1 8:00,13.4,68,1,7.6,0.62,0,2.385
2022/5/1 9:00,14,65,1,7.5,0.75,0,3.786
2022/5/1 10:00,15.4,60,1,7.7,1.28,0,5.173
2022/5/1 11:00,16.5,62,1,9.2,1.3,0,1.353
2022/5/1 12:00,15.3,79,1,11.7,0.73,0,3.306
2022/5/1 13:00,14.9,92,1,13.6,0.95,0,3.357
2022/5/1 14:00,14.3,96,1,13.7,0.73,0,0.916
2022/5/1 15:00,13.5,98,1,13.2,0.38,0,0.467
2022/5/1 16:00,12,98,1,11.7,0.2,0,0.313
2022/5/1 17:00,11.8,98,1,11.5,0.12,0,0.113
2022/5/1 18:00,11.3,98,1,11,0.05,0,0.018
2022/5/1 19:00,11.4,99,0,11.3,0,0,0
2022/5/1 20:00,11.3,99,0,11.2,0,0,0
2022/5/1 21:00,11.5,98,0,11.2,0,0,0
2022/5/1 22:00,11.5,96,0,10.9,0,0,0
2022/5/1 23:00,11.3,95,0,10.5,0,0,0
2022/5/2 0:00,10.9,94,0,10,0,0,0
2022/5/2 1:00,11.3,87,0,9.2,0,0,0
2022/5/2 2:00,11,92,0,9.8,0,0,0
2022/5/2 3:00,10.5,94,0,9.6,0,0,0
2022/5/2 4:00,10,92,0,8.8,0,0,0
2022/5/2 5:00,9.8,83,1,7.1,0,0,0.566
2022/5/2 6:00,10.7,70,1,5.5,0.16,0,1.408
2022/5/2 7:00,11.1,80,1,7.8,0.47,0.1,4.732
2022/5/2 8:00,13.2,69,1,7.7,1.18,0.5,3.754
2022/5/2 9:00,13.9,59,1,6,1.18,0.1,4.397
2022/5/2 10:00,14.6,63,1,7.7,1.7,0.3,5.193
2022/5/2 11:00,14.7,59,1,6.8,1.21,0,4.778
2022/5/2 12:00,16.3,50,1,5.9,2.22,0.2,5.505
2022/5/2 13:00,18.2,48,1,7,3.47,0.9,3.872
2022/5/2 14:00,18.5,37,1,3.6,3.26,1,2.157
2022/5/2 15:00,18,51,1,7.7,2.16,0.7,0.984
2022/5/2 16:00,17,49,1,6.2,0.97,0.3,0.368
2022/5/2 17:00,16.3,61,1,8.8,0.25,0,0.0231
2022/5/2 18:00,14.1,79,1,10.5,0.06,0,0.019
2022/5/2 19:00,12.5,93,0,11.4,0,0,0
2022/5/2 20:00,11.5,98,0,11.2,0,0,0
2022/5/2 21:00,11.6,96,0,11,0,0,0
2022/5/2 22:00,12.3,88,0,10.4,0,0,0
2022/5/2 23:00,11.2,94,0,10.3,0,0,0
2022/5/3 0:00,11,90,0,9.4,0,0,0
2022/5/3 1:00,11.5,89,0,9.8,0,0,0
2022/5/3 2:00,10.6,92,0,9.4,0,0,0
2022/5/3 3:00,9.7,96,0,9.1,0,0,0
2022/5/3 4:00,10.2,92,0,9,0,0,0
2022/5/3 5:00,9.7,91,1,8.3,0,0,1.37
2022/5/3 6:00,10.8,85,1,8.4,0.25,0.4,4.216
2022/5/3 7:00,13,80,1,9.6,0.99,1,6.378
2022/5/3 8:00,14.4,72,1,9.4,1.75,1,5.966
2022/5/3 9:00,16.1,51,1,6,2.5,1,8.486
2022/5/3 10:00,17,44,1,4.7,3.05,1,8.648
2022/5/3 11:00,19.7,44,1,7.1,3.42,1,8.111
2022/5/3 12:00,18.5,35,1,2.8,3.5,1,7.708
2022/5/3 13:00,19.1,36,1,3.7,3.47,1,6.49
2022/5/3 14:00,19.8,41,1,6.2,2.91,0.9,4.771
2022/5/3 15:00,19.7,40,1,5.7,2.41,0.9,2.481
2022/5/3 16:00,19.3,38,1,4.7,1.9,1,0.725
2022/5/3 17:00,18.1,36,1,2.8,1.14,1,0.276
2022/5/3 18:00,17,49,1,6.2,0.41,1,0.0347
2022/5/3 19:00,15.8,64,0,9,0.03,0.1,0
2022/5/3 20:00,15.3,60,0,7.6,0,0,0
2022/5/3 21:00,15.1,67,0,9,0,0,0
2022/5/3 22:00,15.3,69,0,9.7,0,0,0
2022/5/3 23:00,14.6,73,0,9.8,0,0,0
2022/5/4 0:00,13.7,78,0,10,0,0,0
2022/5/4 1:00,12.9,83,0,10.1,0,0,0
2022/5/4 2:00,13.2,82,0,10.2,0,0,0
2022/5/4 3:00,13.1,78,0,9.4,0,0,0
2022/5/4 4:00,11.6,78,0,7.9,0,0,0
2022/5/4 5:00,11.2,85,1,8.8,0.01,0,1.169
2022/5/4 6:00,12.3,82,1,9.3,0.25,0.4,3.806
2022/5/4 7:00,14.1,70,1,8.7,0.94,1,5.999
2022/5/4 8:00,15.9,60,1,8.2,1.68,1,7.349
2022/5/4 9:00,18,57,1,9.4,2.36,1,8.293
2022/5/4 10:00,19.7,50,1,9,2.92,1,8.617
2022/5/4 11:00,22.2,48,1,10.7,3.26,1,8.453
2022/5/4 12:00,23.2,40,1,8.9,3.43,1,7.687
2022/5/4 13:00,23.7,35,1,7.4,3.35,1,6.37
2022/5/4 14:00,24,39,1,9.2,3.02,1,4.618
2022/5/4 15:00,24.2,41,1,10.1,2.53,1,2.447
2022/5/4 16:00,23.4,42,1,9.8,1.88,1,0.745
2022/5/4 17:00,22,45,1,9.5,1.13,1,0.309
2022/5/4 18:00,21,43,1,8,0.44,1,0.0604
2022/5/4 19:00,19.1,49,0,8.2,0.04,0,0
2022/5/4 20:00,19,51,0,8.7,0,0,0
2022/5/4 21:00,18.3,56,0,9.4,0,0,0
2022/5/4 22:00,16.4,67,0,10.3,0,0,0
2022/5/4 23:00,16,73,0,11.2,0,0,0
2022/5/5 0:00,16.1,75,0,11.7,0,0,0
2022/5/5 1:00,15.3,82,0,12.3,0,0,0
2022/5/5 2:00,15.3,82,0,12.3,0,0,0
2022/5/5 3:00,15.1,83,0,12.2,0,0,0
2022/5/5 4:00,14.6,83,0,11.8,0,0,0
2022/5/5 5:00,14.8,85,1,12.3,0.01,0,0.74
2022/5/5 6:00,15.5,84,1,12.8,0.23,0.4,3.573
2022/5/5 7:00,17.2,74,1,12.5,0.93,1,5.986
2022/5/5 8:00,19.5,65,1,12.8,1.68,1,7.193
2022/5/5 9:00,21.3,55,1,11.9,2.33,1,7.612
2022/5/5 10:00,22.9,50,1,11.9,2.74,1,7.573
2022/5/5 11:00,23.9,49,1,12.6,3.09,1,7.574
2022/5/5 12:00,24.3,43,1,10.9,3.23,1,7.134
2022/5/5 13:00,24.9,38,1,9.6,3.33,1,6.131
2022/5/5 14:00,25.5,50,1,14.3,3.04,1,4.651
2022/5/5 15:00,25.2,54,1,15.3,2.51,1,2.443
2022/5/5 16:00,24.5,50,1,13.4,1.83,1,0.952
2022/5/5 17:00,22.8,53,1,12.7,1.05,0.9,0.423
2022/5/5 18:00,21.1,56,1,12,0.38,0.5,0.0415
2022/5/5 19:00,20.2,69,0,14.3,0.03,0,0
2022/5/5 20:00,19.5,75,0,15,0,0,0
2022/5/5 21:00,18.3,78,0,14.4,0,0,0
2022/5/5 22:00,18.9,71,0,13.5,0,0,0
2022/5/5 23:00,17.9,60,0,10.1,0,0,0
2022/5/6 0:00,16.7,66,0,10.3,0,0,0
2022/5/6 1:00,16.5,73,0,11.7,0,0,0
2022/5/6 2:00,15.5,81,0,12.3,0,0,0
2022/5/6 3:00,15.3,83,0,12.4,0,0,0
2022/5/6 4:00,16.4,86,0,14.1,0,0,0
2022/5/6 5:00,16.6,90,1,15,0.01,0,0.993
2022/5/6 6:00,17.8,88,1,15.8,0.27,0.2,2.376
2022/5/6 7:00,19.2,78,1,15.3,0.75,0.4,3.942
2022/5/6 8:00,20.5,74,1,15.7,1.31,1,5.956
2022/5/6 9:00,20.9,67,1,14.6,1.94,0.9,6.521
2022/5/6 10:00,22.3,65,1,15.4,2.21,0.8,6.329
2022/5/6 11:00,22.9,58,1,14.2,2.29,0.9,6.333
2022/5/6 12:00,23.3,49,1,12,2.49,1,5.482
2022/5/6 13:00,23.5,55,1,14,2.31,0.9,5.048
2022/5/6 14:00,23.9,56,1,14.6,2.3,1,3.985
2022/5/6 15:00,23.4,56,1,14.1,1.85,0.7,2.465
2022/5/6 16:00,22.3,58,1,13.7,1.2,0,1.434
2022/5/6 17:00,21.3,64,1,14.2,0.76,0.1,0.494
2022/5/6 18:00,19.9,69,1,14.1,0.27,0,0.0323
2022/5/6 19:00,18.8,71,0,13.4,0.03,0,0
2022/5/6 20:00,18.9,70,0,13.3,0,0,0
2022/5/6 21:00,18.1,73,0,13.2,0,0,0
2022/5/6 22:00,17.3,78,0,13.4,0,0,0
2022/5/6 23:00,17.3,80,0,13.8,0,0,0
2022/5/7 0:00,16.5,83,0,13.6,0,0,0
2022/5/7 1:00,16.2,87,0,14,0,0,0
2022/5/7 2:00,16.1,88,0,14.1,0,0,0
2022/5/7 3:00,17.1,81,0,13.8,0,0,0
2022/5/7 4:00,17.8,82,0,14.7,0,0,0
2022/5/7 5:00,16,98,1,15.7,0,0,0.152
2022/5/7 6:00,15.9,98,1,15.6,0.19,0,0.521
2022/5/7 7:00,16.1,97,1,15.6,0.4,0,1.174
2022/5/7 8:00,17.4,92,1,16.1,0.88,0.2,4.343
2022/5/7 9:00,19.8,89,1,17.9,1.23,0.1,3.427
2022/5/7 10:00,20.6,83,1,17.6,1.67,0.1,2.568
2022/5/7 11:00,20,81,1,16.7,1.19,0,2.987
2022/5/7 12:00,21.7,80,1,18.1,1.69,0.1,3.767
2022/5/7 13:00,19,94,1,18,1.19,0.2,4.195
2022/5/7 14:00,20.7,87,1,18.5,1.04,0,2.379
2022/5/7 15:00,20.5,83,1,17.5,1.02,0,2.215
2022/5/7 16:00,20.7,77,1,16.5,0.8,0,1.136
2022/5/7 17:00,20.3,76,1,15.9,0.44,0,0.459
2022/5/7 18:00,19.4,84,1,16.6,0.28,0.1,0.0185
2022/5/7 19:00,18.8,86,0,16.4,0.01,0,0
2022/5/7 20:00,18.8,84,0,16.1,0,0,0
2022/5/7 21:00,17.9,88,0,15.9,0,0,0
2022/5/7 22:00,17.7,92,0,16.4,0,0,0
2022/5/7 23:00,18,91,0,16.5,0,0,0
2022/5/8 0:00,17.5,91,0,16,0,0,0
2022/5/8 1:00,16.6,96,0,16,0,0,0
2022/5/8 2:00,17.3,93,0,16.2,0,0,0
2022/5/8 3:00,16.4,97,0,15.9,0,0,0
2022/5/8 4:00,16.7,98,0,16.4,0,0,0
2022/5/8 5:00,16.7,74,1,12.1,0.01,0,0.57
2022/5/8 6:00,16.8,61,1,9.3,0.23,0.3,3.223
2022/5/8 7:00,18.6,54,1,9.1,1.02,1,5.57
2022/5/8 8:00,19.3,43,1,6.4,1.68,0.9,7.611
2022/5/8 9:00,21.1,36,1,5.5,2.45,1,8.076
2022/5/8 10:00,21,26,1,0.8,3.04,1,7.747
2022/5/8 11:00,20.8,28,1,1.6,2.85,0.7,6.023
2022/5/8 12:00,22,35,1,5.9,2.02,0.2,4.215
2022/5/8 13:00,20.9,35,1,4.9,1.12,0,3.562
2022/5/8 14:00,20.3,59,1,12,1.19,0,2.252
2022/5/8 15:00,20.8,60,1,12.8,1.02,0,1.662
2022/5/8 16:00,18.5,57,1,9.8,0.95,0,0.514
2022/5/8 17:00,17.3,57,1,8.7,0.32,0,0.0488
2022/5/8 18:00,16.7,59,1,8.7,0.05,0,0.0423
2022/5/8 19:00,16.8,56,0,8,0,0,0
2022/5/8 20:00,16.8,58,0,8.5,0,0,0
2022/5/8 21:00,16.7,59,0,8.7,0,0,0
2022/5/8 22:00,16.8,55,0,7.7,0,0,0
2022/5/8 23:00,16.5,58,0,8.2,0,0,0
2022/5/9 0:00,16.6,54,0,7.3,0,0,0
2022/5/9 1:00,16.3,57,0,7.8,0,0,0
2022/5/9 2:00,16.3,57,0,7.8,0,0,0
2022/5/9 3:00,14.4,69,0,8.8,0,0,0
2022/5/9 4:00,14.9,70,0,9.5,0,0,0
2022/5/9 5:00,13.8,85,1,11.3,0,0,0
2022/5/9 6:00,14,84,1,11.4,0.02,0,0.0477
2022/5/9 7:00,14.5,85,1,12,0.13,0,0.303
2022/5/9 8:00,14.6,79,1,11,0.19,0,1.269
2022/5/9 9:00,15,77,1,11,0.43,0,1.383
2022/5/9 10:00,15.2,71,1,10,0.66,0,1.688
2022/5/9 11:00,16.5,71,1,11.2,1.25,0,2.858
2022/5/9 12:00,16,67,1,9.9,0.95,0,2.51
2022/5/9 13:00,15.6,69,1,10,0.58,0,2.646
2022/5/9 14:00,15.9,70,1,10.5,0.81,0,1.773
2022/5/9 15:00,14.8,67,1,8.7,0.36,0,0.56
2022/5/9 16:00,14.5,67,1,8.5,0.16,0,0.0691
2022/5/9 17:00,12.5,94,1,11.6,0.05,0,0.0238
2022/5/9 18:00,12.2,94,1,11.3,0.03,0,0
2022/5/9 19:00,12,97,0,11.5,0,0,0
2022/5/9 20:00,12.1,96,0,11.5,0,0,0
2022/5/9 21:00,11.8,95,0,11,0,0,0
2022/5/9 22:00,11.8,98,0,11.5,0,0,0
2022/5/9 23:00,11.6,98,0,11.3,0,0,0
2022/5/10 0:00,11.3,98,0,11,0,0,0
2022/5/10 1:00,11.5,98,0,11.2,0,0,0
2022/5/10 2:00,11.6,98,0,11.3,0,0,0
2022/5/10 3:00,11.5,98,0,11.2,0,0,0
2022/5/10 4:00,11.9,95,0,11.1,0,0,0
2022/5/10 5:00,11.7,95,1,10.9,0.01,0,0.712
2022/5/10 6:00,12,95,1,11.2,0.25,0.2,3.096
2022/5/10 7:00,13.1,85,1,10.6,0.94,0.8,4.045
2022/5/10 8:00,13.5,80,1,10.1,1.26,0.8,6.579
2022/5/10 9:00,15.5,67,1,9.4,2.03,1,8.022
2022/5/10 10:00,18.6,60,1,10.7,2.88,1,8.732
2022/5/10 11:00,20.2,51,1,9.8,3.39,1,8.223
2022/5/10 12:00,20.7,47,1,9,3.45,1,7.6
2022/5/10 13:00,21.7,47,1,9.9,3.41,1,6.245
2022/5/10 14:00,21.5,45,1,9.1,3,1,4.556
2022/5/10 15:00,22.1,37,1,6.8,2.65,1,2.609
2022/5/10 16:00,21.9,31,1,4,1.95,1,0.829
2022/5/10 17:00,20.7,29,1,2,1.27,1,0.312
2022/5/10 18:00,18.6,33,1,2,0.41,0.6,0.0442
2022/5/10 19:00,17.9,40,0,4.1,0.04,0,0
2022/5/10 20:00,17.5,44,0,5.1,0,0,0
2022/5/10 21:00,16.4,57,0,7.9,0,0,0
2022/5/10 22:00,15.8,66,0,9.5,0,0,0
2022/5/10 23:00,15.4,70,0,10,0,0,0
2022/5/11 0:00,15.2,70,0,9.8,0,0,0
2022/5/11 1:00,14.3,76,0,10.1,0,0,0
2022/5/11 2:00,13.6,77,0,9.7,0,0,0
2022/5/11 3:00,14.3,70,0,8.9,0,0,0
2022/5/11 4:00,14.1,71,0,8.9,0,0,0
2022/5/11 5:00,13.1,78,1,9.4,0.01,0,0.866
2022/5/11 6:00,14,71,1,8.8,0.27,0,3.103
2022/5/11 7:00,15.7,62,1,8.5,0.95,0.9,5.172
2022/5/11 8:00,16.7,55,1,7.6,1.57,1,6.248
2022/5/11 9:00,18.8,47,1,7.3,2.21,1,7.583
2022/5/11 10:00,20.7,43,1,7.7,2.92,1,8.127
2022/5/11 11:00,22.3,36,1,6.5,3.31,1,7.84
2022/5/11 12:00,23.3,32,1,5.7,3.4,1,6.119
2022/5/11 13:00,22.5,40,1,8.2,2.66,0.7,5.465
2022/5/11 14:00,23.8,48,1,12.1,2.81,1,4.515
2022/5/11 15:00,22.3,53,1,12.3,2.05,0.6,2.061
2022/5/11 16:00,22.9,53,1,12.8,1.1,0.3,0.845
2022/5/11 17:00,22,58,1,13.4,1.13,1,0.279
2022/5/11 18:00,20.8,63,1,13.5,0.32,0.4,0.0285
2022/5/11 19:00,20.6,68,0,14.5,0.02,0,0
2022/5/11 20:00,19.8,71,0,14.4,0,0,0
2022/5/11 21:00,19.2,79,0,15.5,0,0,0
2022/5/11 22:00,18.2,85,0,15.7,0,0,0
2022/5/11 23:00,18,87,0,15.8,0,0,0
2022/5/12 0:00,17,92,0,15.7,0,0,0
2022/5/12 1:00,16.6,94,0,15.6,0,0,0
2022/5/12 2:00,16.6,95,0,15.8,0,0,0
2022/5/12 3:00,16.7,94,0,15.7,0,0,0
2022/5/12 4:00,17.6,91,0,16.1,0,0,0
2022/5/12 5:00,17.2,95,1,16.4,0.01,0,0.242
2022/5/12 6:00,18.3,87,1,16.1,0.14,0,1.662
2022/5/12 7:00,18.5,78,1,14.6,0.34,0,1.815
2022/5/12 8:00,19.6,78,1,15.7,0.69,0.1,3.002
2022/5/12 9:00,21.4,77,1,17.2,1.33,0.1,6.283
2022/5/12 10:00,22.1,72,1,16.8,2.07,0.3,5.612
2022/5/12 11:00,23.8,66,1,17.1,1.34,0.2,3.325
2022/5/12 12:00,24.3,64,1,17.1,2.99,0.6,4.692
2022/5/12 13:00,22.8,72,1,17.5,1.17,0,2.172
2022/5/12 14:00,21.1,79,1,17.3,0.65,0,0.877
2022/5/12 15:00,20.8,84,1,18,0.45,0,0.931
2022/5/12 16:00,20.7,86,1,18.3,0.49,0,0.424
2022/5/12 17:00,19.7,91,1,18.2,0.24,0,0.0268
2022/5/12 18:00,19.3,90,1,17.6,0.07,0,0.0253
2022/5/12 19:00,18.5,96,0,17.9,0,0,0
2022/5/12 20:00,18.4,96,0,17.8,0,0,0
2022/5/12 21:00,18.1,97,0,17.6,0,0,0
2022/5/12 22:00,17.9,99,0,17.7,0,0,0
2022/5/12 23:00,18,100,0,18,0,0,0
2022/5/13 0:00,18,100,0,18,0,0,0
2022/5/13 1:00,17.8,100,0,17.8,0,0,0
2022/5/13 2:00,17.8,100,0,17.8,0,0,0
2022/5/13 3:00,18,100,0,18,0,0,0
2022/5/13 4:00,17.7,100,0,17.7,0,0,0
2022/5/13 5:00,17.4,100,1,17.4,0,0,0.0196
2022/5/13 6:00,17.5,100,1,17.5,0.03,0,0.0496
2022/5/13 7:00,18,100,1,18,0.13,0,0.326
2022/5/13 8:00,17.8,100,1,17.8,0.17,0,0.516
2022/5/13 9:00,18.4,100,1,18.4,0.42,0,2.202
2022/5/13 10:00,18.4,99,1,18.2,0.53,0,2.684
2022/5/13 11:00,18.7,99,1,18.5,0.56,0,1.526
2022/5/13 12:00,19.5,100,1,19.5,0.51,0,2.156
2022/5/13 13:00,19.4,99,1,19.3,0.48,0,1.035
2022/5/13 14:00,19.6,100,1,19.6,0.31,0,0.625
2022/5/13 15:00,19.7,100,1,19.7,0.4,0,0.641
2022/5/13 16:00,19.8,100,1,19.8,0.28,0,0.49
2022/5/13 17:00,19.8,100,1,19.8,0.13,0,0.0925
2022/5/13 18:00,19.6,100,1,19.6,0.08,0,0.0258
2022/5/13 19:00,19.3,100,0,19.3,0.01,0,0
2022/5/13 20:00,19.2,100,0,19.2,0,0,0
2022/5/13 21:00,19.4,100,0,19.4,0,0,0
2022/5/13 22:00,19.2,100,0,19.2,0,0,0
2022/5/13 23:00,19.3,100,0,19.3,0,0,0
2022/5/14 0:00,20.6,100,0,20.6,0,0,0
2022/5/14 1:00,20.3,99,0,20.1,0,0,0
2022/5/14 2:00,20.8,98,0,20.5,0,0,0
2022/5/14 3:00,21.2,94,0,20.2,0,0,0
2022/5/14 4:00,20.8,95,0,20,0,0,0
2022/5/14 5:00,20,96,1,19.4,0,0,0.0316
2022/5/14 6:00,20.1,98,1,19.8,0.03,0,0.0744
2022/5/14 7:00,20.3,100,1,20.3,0.11,0,0.584
2022/5/14 8:00,20.7,99,1,20.5,0.27,0,0.734
2022/5/14 9:00,21.1,100,1,21.1,0.32,0,1.249
2022/5/14 10:00,21.4,99,1,21.2,0.43,0,1.086
2022/5/14 11:00,20.3,100,1,20.3,0.38,0,2.912
2022/5/14 12:00,21.9,95,1,21.1,1.17,0,4.246
2022/5/14 13:00,23.5,86,1,21,1.76,0,4.488
2022/5/14 14:00,24.7,76,1,20.2,2.02,0.6,3.081
2022/5/14 15:00,25,80,1,21.3,1.35,0.1,2.382
2022/5/14 16:00,24.8,82,1,21.5,1.25,0.3,1.228
2022/5/14 17:00,24.2,85,1,21.5,0.91,0.5,0.598
2022/5/14 18:00,23.7,84,1,20.8,0.43,0.3,0.141
2022/5/14 19:00,22.4,91,0,20.9,0.07,0,0
2022/5/14 20:00,22.1,72,0,16.8,0,0,0
2022/5/14 21:00,21.6,58,0,13,0,0,0
2022/5/14 22:00,21.2,60,0,13.1,0,0,0
2022/5/14 23:00,21.4,68,0,15.3,0,0,0
2022/5/15 0:00,19.9,68,0,13.8,0,0,0
2022/5/15 1:00,19,67,0,12.7,0,0,0
2022/5/15 2:00,18.7,67,0,12.5,0,0,0
2022/5/15 3:00,17.9,64,0,11,0,0,0
2022/5/15 4:00,17.3,69,0,11.6,0,0,0
2022/5/15 5:00,16.8,66,1,10.4,0,0,0.0835
2022/5/15 6:00,16.4,74,1,11.8,0.04,0,0.456
2022/5/15 7:00,16.7,68,1,10.8,0.22,0,1.234
2022/5/15 8:00,16.8,72,1,11.7,0.38,0,1.361
2022/5/15 9:00,17.5,68,1,11.5,0.74,0,2.29
2022/5/15 10:00,17.7,61,1,10.1,0.84,0,2.262
2022/5/15 11:00,18.2,57,1,9.6,0.85,0,3.289
2022/5/15 12:00,18.5,57,1,9.8,1.05,0,3.061
2022/5/15 13:00,19.1,54,1,9.6,1.15,0,2.453
2022/5/15 14:00,18.7,51,1,8.4,0.73,0,2.174
2022/5/15 15:00,18.4,56,1,9.5,0.62,0,0.908
2022/5/15 16:00,18,64,1,11.1,0.53,0,0.485
2022/5/15 17:00,18.2,61,1,10.6,0.27,0,0.0367
2022/5/15 18:00,17.9,63,1,10.8,0.08,0,0.0171
2022/5/15 19:00,17.2,69,0,11.5,0.01,0,0
2022/5/15 20:00,17.5,68,0,11.5,0,0,0
2022/5/15 21:00,16.1,81,0,12.9,0,0,0
2022/5/15 22:00,16.1,80,0,12.7,0,0,0
2022/5/15 23:00,16.5,80,0,13.1,0,0,0
2022/5/16 0:00,14.8,97,0,14.3,0,0,0
2022/5/16 1:00,14.4,98,0,14.1,0,0,0
2022/5/16 2:00,13.6,94,0,12.7,0,0,0
2022/5/16 3:00,13.5,95,0,12.7,0,0,0
2022/5/16 4:00,13.9,95,0,13.1,0,0,0
2022/5/16 5:00,14,95,1,13.2,0,0,0.228
2022/5/16 6:00,14.1,94,1,13.2,0.03,0,0.358
2022/5/16 7:00,14.5,91,1,13.1,0.17,0,0.397
2022/5/16 8:00,14.5,93,1,13.4,0.11,0,0.839
2022/5/16 9:00,14.8,90,1,13.2,0.23,0,0.737
2022/5/16 10:00,14.7,92,1,13.4,0.26,0,1.039
2022/5/16 11:00,14.6,96,1,14,0.23,0,1.323
2022/5/16 12:00,14.8,98,1,14.5,0.45,0,2.605
2022/5/16 13:00,15.2,96,1,14.6,0.65,0,2.051
2022/5/16 14:00,14.9,97,1,14.4,0.44,0,0.705
2022/5/16 15:00,14.7,97,1,14.2,0.21,0,0.377
2022/5/16 16:00,14.5,97,1,14,0.19,0,0.4
2022/5/16 17:00,14.7,97,1,14.2,0.27,0,0.264
2022/5/16 18:00,14.9,96,1,14.3,0.14,0,0.0555
2022/5/16 19:00,14.8,95,0,14,0.02,0,0
2022/5/16 20:00,14.9,94,0,14,0,0,0
2022/5/16 21:00,14.9,94,0,14,0,0,0
2022/5/16 22:00,14.8,94,0,13.9,0,0,0
2022/5/16 23:00,14.8,92,0,13.5,0,0,0
2022/5/17 0:00,14.4,91,0,13,0,0,0
2022/5/17 1:00,14.5,91,0,13.1,0,0,0
2022/5/17 2:00,14.3,93,0,13.2,0,0,0
2022/5/17 3:00,14.7,92,0,13.4,0,0,0
2022/5/17 4:00,14.2,95,0,13.4,0,0,0
2022/5/17 5:00,14,94,1,13.1,0,0,0.402
2022/5/17 6:00,14.8,92,1,13.5,0.12,0,0.777
2022/5/17 7:00,15.5,85,1,13,0.38,0,1.3
2022/5/17 8:00,15.8,82,1,12.7,0.6,0,0.878
2022/5/17 9:00,16.4,83,1,13.5,0.49,0,1.403
2022/5/17 10:00,17.3,84,1,14.6,0.66,0,2.067
2022/5/17 11:00,17.3,79,1,13.6,0.82,0,2.166
2022/5/17 12:00,17.2,82,1,14.1,0.62,0,1.84
2022/5/17 13:00,17.1,88,1,15.1,0.56,0,1.003
2022/5/17 14:00,17.9,82,1,14.8,0.54,0,1.27
2022/5/17 15:00,16.6,93,1,15.5,0.37,0,0.532
2022/5/17 16:00,16.2,97,1,15.7,0.16,0,0.566
2022/5/17 17:00,16.1,93,1,15,0.24,0,0.215
2022/5/17 18:00,15.5,92,1,14.2,0.16,0,0.038
2022/5/17 19:00,15.3,93,0,14.2,0.02,0,0
2022/5/17 20:00,15.2,92,0,13.9,0,0,0
2022/5/17 21:00,15.8,94,0,14.9,0,0,0
2022/5/17 22:00,15.5,93,0,14.4,0,0,0
2022/5/17 23:00,15,97,0,14.5,0,0,0
2022/5/18 0:00,14.9,96,0,14.3,0,0,0
2022/5/18 1:00,14.6,98,0,14.3,0,0,0
2022/5/18 2:00,14.2,99,0,14.1,0,0,0
2022/5/18 3:00,13.7,100,0,13.7,0,0,0
2022/5/18 4:00,13.6,100,0,13.6,0,0,0.156
2022/5/18 5:00,13.9,100,1,13.9,0.03,0,0.98
2022/5/18 6:00,14.4,97,1,13.9,0.26,0.1,2.135
2022/5/18 7:00,16.4,87,1,14.2,0.99,0.8,5.332
2022/5/18 8:00,17.9,76,1,13.6,1.61,1,6.738
2022/5/18 9:00,19.5,67,1,13.2,2.37,1,7.768
2022/5/18 10:00,21.1,64,1,14,2.96,1,8.147
2022/5/18 11:00,22.1,58,1,13.5,3.19,1,8.179
2022/5/18 12:00,22.8,61,1,14.9,3.26,1,7.179
2022/5/18 13:00,23.7,47,1,11.7,3.43,1,6.303
2022/5/18 14:00,24.4,47,1,12.4,3.11,1,4.673
2022/5/18 15:00,24,40,1,9.6,2.63,1,2.681
2022/5/18 16:00,23.3,50,1,12.3,1.94,1,0.962
2022/5/18 17:00,22.5,48,1,11,1.27,1,0.403
2022/5/18 18:00,21.3,56,1,12.2,0.5,0.9,0.0966
2022/5/18 19:00,19.9,70,0,14.3,0.09,0,0
2022/5/18 20:00,18.4,73,0,13.5,0,0,0
2022/5/18 21:00,17.9,73,0,13,0,0,0
2022/5/18 22:00,17.2,76,0,12.9,0,0,0
2022/5/18 23:00,17,81,0,13.7,0,0,0
2022/5/19 0:00,16.4,88,0,14.4,0,0,0
2022/5/19 1:00,16.2,90,0,14.6,0,0,0
2022/5/19 2:00,15.5,96,0,14.9,0,0,0
2022/5/19 3:00,15.8,97,0,15.3,0,0,0
2022/5/19 4:00,15.1,98,0,14.8,0,0,0.185
2022/5/19 5:00,14.6,87,1,12.5,0.02,0,1.383
2022/5/19 6:00,15.9,84,1,13.2,0.38,1,3.914
2022/5/19 7:00,18.2,63,1,11.1,1.04,1,5.885
2022/5/19 8:00,20.2,56,1,11.2,1.75,1,7.126
2022/5/19 9:00,21.1,49,1,10,2.43,1,7.914
2022/5/19 10:00,23.3,47,1,11.4,2.96,1,8.176
2022/5/19 11:00,25.3,43,1,11.8,3.28,1,7.808
2022/5/19 12:00,25.3,44,1,12.2,3.23,1,6.92
2022/5/19 13:00,25.4,32,1,7.5,2.84,1,5.495
2022/5/19 14:00,25.2,35,1,8.7,2.44,1,3.669
2022/5/19 15:00,24.5,43,1,11.1,1.58,0.2,2.579
2022/5/19 16:00,23.5,50,1,12.5,1.02,0,1.469
2022/5/19 17:00,22.9,38,1,7.9,0.62,0,0.561
2022/5/19 18:00,22.3,35,1,6.1,0.25,0,0.0818
2022/5/19 19:00,21.2,41,0,7.4,0.04,0,0
2022/5/19 20:00,20.4,56,0,11.3,0,0,0
2022/5/19 21:00,20.5,61,0,12.7,0,0,0
2022/5/19 22:00,20.4,61,0,12.6,0,0,0
2022/5/19 23:00,20.1,66,0,13.6,0,0,0
2022/5/20 0:00,19.5,70,0,13.9,0,0,0
2022/5/20 1:00,19.3,75,0,14.8,0,0,0
2022/5/20 2:00,18.5,82,0,15.4,0,0,0
2022/5/20 3:00,18,85,0,15.5,0,0,0
2022/5/20 4:00,17.2,85,0,14.7,0,0,0.112
2022/5/20 5:00,16.7,77,1,12.7,0.02,0,0.872
2022/5/20 6:00,17.7,77,1,13.6,0.29,0.2,2.772
2022/5/20 7:00,20,68,1,13.9,0.89,0.9,4.823
2022/5/20 8:00,21.4,58,1,12.8,1.55,1,5.266
2022/5/20 9:00,22.4,54,1,12.7,1.86,0.8,5.798
2022/5/20 10:00,24.3,53,1,14.1,2.26,0.9,4.307
2022/5/20 11:00,24.9,55,1,15.3,1.84,0.1,4.606
2022/5/20 12:00,24.9,46,1,12.5,1.92,0,4.427
2022/5/20 13:00,24.9,58,1,16.1,1.63,0,4.411
2022/5/20 14:00,24.8,59,1,16.3,1.76,0.2,3.849
2022/5/20 15:00,24.3,58,1,15.5,1.76,0.7,2.399
2022/5/20 16:00,23.7,65,1,16.7,1.26,0.2,1.351
2022/5/20 17:00,22.7,63,1,15.3,0.74,0.1,0.459
2022/5/20 18:00,22.1,73,1,17,0.24,0,0.0502
2022/5/20 19:00,20.9,85,0,18.3,0.04,0,0
2022/5/20 20:00,20.5,87,0,18.3,0,0,0
2022/5/20 21:00,20.4,88,0,18.4,0,0,0
2022/5/20 22:00,20,89,0,18.1,0,0,0
2022/5/20 23:00,20.1,88,0,18.1,0,0,0
2022/5/21 0:00,19.7,89,0,17.8,0,0,0
2022/5/21 1:00,19.6,87,0,17.4,0,0,0
2022/5/21 2:00,19.4,89,0,17.6,0,0,0
2022/5/21 3:00,19.2,89,0,17.4,0,0,0
2022/5/21 4:00,19.6,89,0,17.7,0,0,0
2022/5/21 5:00,19.4,88,1,17.4,0,0,0.0262
2022/5/21 6:00,19.4,84,1,16.6,0.04,0,0.855
2022/5/21 7:00,20,78,1,16.1,0.23,0,1.346
2022/5/21 8:00,20.2,80,1,16.7,0.46,0,0.995
2022/5/21 9:00,19.4,87,1,17.2,0.18,0,0.267
2022/5/21 10:00,19.6,84,1,16.8,0.22,0,0.481
2022/5/21 11:00,17.4,99,1,17.3,0.05,0,1.391
2022/5/21 12:00,17.5,100,1,17.5,0.08,0,2.519
2022/5/21 13:00,18.2,100,1,18.2,0.35,0,2.593
2022/5/21 14:00,19.1,99,1,18.9,0.58,0,2.098
2022/5/21 15:00,18,93,1,16.9,0.72,0,1.514
2022/5/21 16:00,17.6,94,1,16.6,0.63,0,0.742
2022/5/21 17:00,16.9,90,1,15.3,0.43,0,0.222
2022/5/21 18:00,17.5,85,1,15,0.21,0,0.0179
2022/5/21 19:00,18.2,85,0,15.7,0.02,0,0
2022/5/21 20:00,17.4,93,0,16.3,0,0,0
2022/5/21 21:00,16.5,98,0,16.2,0,0,0
2022/5/21 22:00,16,100,0,16,0,0,0
2022/5/21 23:00,15.5,99,0,15.4,0,0,0
2022/5/22 0:00,15.1,99,0,15,0,0,0
2022/5/22 1:00,14.4,99,0,14.3,0,0,0
2022/5/22 2:00,14.3,99,0,14.2,0,0,0
2022/5/22 3:00,14.6,96,0,14,0,0,0
2022/5/22 4:00,14.2,100,0,14.2,0,0,0
2022/5/22 5:00,14.6,98,1,14.3,0.01,0,0.197
2022/5/22 6:00,15,93,1,13.9,0.06,0,0.415
2022/5/22 7:00,16.4,92,1,15.1,0.42,0,1.671
2022/5/22 8:00,17.8,87,1,15.6,0.91,0,4.485
2022/5/22 9:00,18,77,1,13.9,0.94,0,4.511
2022/5/22 10:00,19.7,70,1,14.1,1.38,0.2,8.068
2022/5/22 11:00,22.2,68,1,16,3.05,0.8,5.956
2022/5/22 12:00,23.6,62,1,15.9,3.03,0.7,5.901
2022/5/22 13:00,22.4,58,1,13.7,2.33,0.5,5.15
2022/5/22 14:00,24.6,52,1,14.1,3.15,0.9,3.07
2022/5/22 15:00,24.8,52,1,14.3,2.76,0.9,1.889
2022/5/22 16:00,24.2,52,1,13.7,1.72,0.7,0.807
2022/5/22 17:00,22.4,67,1,16,1.05,0.7,0.246
2022/5/22 18:00,20.9,72,1,15.7,0.13,0,0.0895
2022/5/22 19:00,19.6,77,0,15.5,0.03,0,0
2022/5/22 20:00,19.4,77,0,15.3,0,0,0
2022/5/22 21:00,18.6,86,0,16.2,0,0,0
2022/5/22 22:00,18.1,89,0,16.3,0,0,0
2022/5/22 23:00,18.1,85,0,15.6,0,0,0
2022/5/23 0:00,18,85,0,15.5,0,0,0
2022/5/23 1:00,17.6,87,0,15.4,0,0,0
2022/5/23 2:00,17.5,89,0,15.7,0,0,0
2022/5/23 3:00,17.1,88,0,15.1,0,0,0
2022/5/23 4:00,16.5,87,0,14.3,0,0,0
2022/5/23 5:00,16.3,84,1,13.6,0,0,0.378
2022/5/23 6:00,16.2,82,1,13.1,0.1,0,1.511
2022/5/23 7:00,16.9,84,1,14.2,0.68,0.2,3.489
2022/5/23 8:00,17.7,80,1,14.2,1,0.1,4.877
2022/5/23 9:00,19.2,76,1,14.9,1.56,0.2,5.394
2022/5/23 10:00,21,66,1,14.4,2.42,0.6,7.195
2022/5/23 11:00,22,64,1,14.9,3.32,1,7.086
2022/5/23 12:00,23.8,58,1,15.1,3.55,1,7.342
2022/5/23 13:00,24.7,49,1,13.3,3.35,1,5.465
2022/5/23 14:00,23.9,49,1,12.6,2.88,0.9,2.628
2022/5/23 15:00,24.6,48,1,12.9,2.46,0.8,1.084
2022/5/23 16:00,23.1,55,1,13.6,1.84,0.7,0.846
2022/5/23 17:00,21.5,62,1,13.9,0.6,0.1,0.37
2022/5/23 18:00,20.4,67,1,14.1,0.27,0.1,0.115
2022/5/23 19:00,19.3,70,0,13.7,0.04,0,0
2022/5/23 20:00,18.7,72,0,13.6,0,0,0
2022/5/23 21:00,18.4,75,0,13.9,0,0,0
2022/5/23 22:00,17.8,81,0,14.5,0,0,0
2022/5/23 23:00,17.5,84,0,14.8,0,0,0
2022/5/24 0:00,17.7,80,0,14.2,0,0,0
2022/5/24 1:00,17.4,84,0,14.7,0,0,0
2022/5/24 2:00,17.1,85,0,14.6,0,0,0
2022/5/24 3:00,17.4,81,0,14.1,0,0,0
2022/5/24 4:00,17.2,79,0,13.5,0,0,0
2022/5/24 5:00,16.7,82,1,13.6,0.02,0,1.023
2022/5/24 6:00,18.2,80,1,14.7,0.38,0.6,2.095
2022/5/24 7:00,19.6,67,1,13.3,0.65,0.1,5.812
2022/5/24 8:00,21,63,1,13.7,1.44,0.6,7.223
2022/5/24 9:00,21.9,62,1,14.3,1.94,0.7,8.21
2022/5/24 10:00,23.5,57,1,14.5,2.79,0.9,8.403
2022/5/24 11:00,23.6,62,1,15.9,3.03,0.8,8.321
2022/5/24 12:00,24.9,56,1,15.5,3.07,0.8,7.675
2022/5/24 13:00,25.4,54,1,15.4,3.43,1,6.502
2022/5/24 14:00,25.2,56,1,15.8,3.13,1,4.774
2022/5/24 15:00,24.2,62,1,16.5,2.59,1,2.575
2022/5/24 16:00,23.7,63,1,16.3,1.99,1,0.761
2022/5/24 17:00,23,67,1,16.6,1.27,1,0.303
2022/5/24 18:00,21.8,72,1,16.5,0.56,1,0.0596
2022/5/24 19:00,20.8,77,0,16.6,0.08,0.3,0
2022/5/24 20:00,20.5,78,0,16.5,0,0,0
2022/5/24 21:00,20.3,80,0,16.8,0,0,0
2022/5/24 22:00,20,85,0,17.4,0,0,0
2022/5/24 23:00,19.6,87,0,17.4,0,0,0
2022/5/25 0:00,19.3,87,0,17.1,0,0,0
2022/5/25 1:00,19.1,89,0,17.3,0,0,0
2022/5/25 2:00,19,89,0,17.2,0,0,0
2022/5/25 3:00,18.5,90,0,16.8,0,0,0
2022/5/25 4:00,18.5,90,0,16.8,0,0,0.194
2022/5/25 5:00,18.6,91,1,17.1,0.03,0,1.563
2022/5/25 6:00,19.6,84,1,16.8,0.4,0.9,3.81
2022/5/25 7:00,20.5,77,1,16.3,0.91,0.6,4.361
2022/5/25 8:00,21.5,76,1,17.1,0.76,0,7.032
2022/5/25 9:00,22.8,67,1,16.4,1.94,0.6,8.021
2022/5/25 10:00,23.8,58,1,15.1,1.99,0.5,8.465
2022/5/25 11:00,25.5,56,1,16.1,3.2,0.9,7.379
2022/5/25 12:00,26.5,45,1,13.6,3.37,1,7.258
2022/5/25 13:00,26.5,49,1,14.9,3.43,1,6.418
2022/5/25 14:00,25.4,51,1,14.5,2.28,0.7,4.182
2022/5/25 15:00,26.2,45,1,13.3,2.59,1,2.623
2022/5/25 16:00,25.4,51,1,14.5,1.65,0.8,0.929
2022/5/25 17:00,23.2,56,1,14,0.96,0.8,0.313
2022/5/25 18:00,22.4,63,1,15,0.22,0,0.0641
2022/5/25 19:00,21.5,69,0,15.6,0.05,0,0
2022/5/25 20:00,21,73,0,16,0,0,0
2022/5/25 21:00,20.3,78,0,16.4,0,0,0
2022/5/25 22:00,19.9,80,0,16.4,0,0,0
2022/5/25 23:00,19.6,81,0,16.3,0,0,0
2022/5/26 0:00,18.9,85,0,16.3,0,0,0
2022/5/26 1:00,18.2,89,0,16.4,0,0,0
2022/5/26 2:00,18.2,88,0,16.2,0,0,0
2022/5/26 3:00,17.7,92,0,16.4,0,0,0
2022/5/26 4:00,17.5,93,0,16.4,0,0,0.225
2022/5/26 5:00,17.4,94,1,16.4,0.03,0,1.602
2022/5/26 6:00,19.2,86,1,16.8,0.43,1,3.921
2022/5/26 7:00,20.5,77,1,16.3,0.83,0.7,5.465
2022/5/26 8:00,21.6,73,1,16.6,1.31,0.6,6.464
2022/5/26 9:00,22.8,67,1,16.4,1.83,0.7,6.574
2022/5/26 10:00,23.7,57,1,14.7,2.39,1,6.865
2022/5/26 11:00,24.2,55,1,14.6,2.77,1,6.507
2022/5/26 12:00,25.7,53,1,15.4,2.55,0.7,6.541
2022/5/26 13:00,25.3,50,1,14.2,2.82,1,5.398
2022/5/26 14:00,24.9,57,1,15.8,2.24,0.7,4.006
2022/5/26 15:00,24.6,55,1,15,1.7,0.5,2.537
2022/5/26 16:00,24.1,60,1,15.9,1.33,0.4,1.217
2022/5/26 17:00,23,60,1,14.8,0.61,0,0.532
2022/5/26 18:00,22.2,66,1,15.6,0.23,0,0.075
2022/5/26 19:00,21.7,70,0,16,0.04,0,0
2022/5/26 20:00,21.4,69,0,15.5,0,0,0
2022/5/26 21:00,21.3,76,0,16.9,0,0,0
2022/5/26 22:00,21.1,79,0,17.3,0,0,0
2022/5/26 23:00,21.1,79,0,17.3,0,0,0
2022/5/27 0:00,21,80,0,17.4,0,0,0
2022/5/27 1:00,20.8,81,0,17.4,0,0,0
2022/5/27 2:00,20.8,80,0,17.2,0,0,0
2022/5/27 3:00,20.7,82,0,17.5,0,0,0
2022/5/27 4:00,20.7,81,0,17.3,0,0,0
2022/5/27 5:00,20.9,82,1,17.7,0,0,0.0206
2022/5/27 6:00,19.4,95,1,18.6,0.02,0,0.471
2022/5/27 7:00,19.6,95,1,18.8,0.17,0,0.713
2022/5/27 8:00,19.6,96,1,19,0.25,0,0.771
2022/5/27 9:00,19.6,97,1,19.1,0.26,0,0.861
2022/5/27 10:00,19.8,98,1,19.5,0.27,0,1.497
2022/5/27 11:00,20.3,98,1,20,0.27,0,1.46
2022/5/27 12:00,20.2,99,1,20.1,0.51,0,1.684
2022/5/27 13:00,21.8,99,1,21.6,0.48,0,3.833
2022/5/27 14:00,22.8,89,1,20.9,1.29,0.1,3.091
2022/5/27 15:00,23.5,89,1,21.6,1.61,0.2,2.461
2022/5/27 16:00,24.4,84,1,21.5,1.61,0.6,1.256
2022/5/27 17:00,23.4,87,1,21.1,0.93,0.3,0.738
2022/5/27 18:00,22.6,90,1,20.9,0.28,0,0.165
2022/5/27 19:00,21.7,93,0,20.5,0.09,0,0
2022/5/27 20:00,20.8,98,0,20.5,0,0,0
2022/5/27 21:00,21.1,96,0,20.4,0,0,0
2022/5/27 22:00,20.3,99,0,20.1,0,0,0
2022/5/27 23:00,21,90,0,19.3,0,0,0
2022/5/28 0:00,19.2,91,0,17.7,0,0,0
2022/5/28 1:00,18.6,92,0,17.3,0,0,0
2022/5/28 2:00,18.2,93,0,17.1,0,0,0
2022/5/28 3:00,17.5,94,0,16.5,0,0,0
2022/5/28 4:00,16.9,97,0,16.4,0,0,0.0895
2022/5/28 5:00,17.3,98,1,17,0.02,0,1.104
2022/5/28 6:00,18.6,95,1,17.8,0.27,0.1,2.595
2022/5/28 7:00,20.7,70,1,15.1,0.75,0.3,6.253
2022/5/28 8:00,22.9,63,1,15.5,1.86,1,7.376
2022/5/28 9:00,24.1,50,1,13,2.52,1,8.027
2022/5/28 10:00,25.8,47,1,13.7,3.05,1,8.143
2022/5/28 11:00,26.3,49,1,14.8,3.51,1,7.962
2022/5/28 12:00,26.2,52,1,15.6,3.57,1,7.313
2022/5/28 13:00,26.4,49,1,14.8,3.31,0.9,4.737
2022/5/28 14:00,24.7,58,1,15.9,1.67,0.3,3.315
2022/5/28 15:00,26.6,52,1,16,1.76,0.5,2.712
2022/5/28 16:00,26.2,48,1,14.3,1.59,0.8,0.88
2022/5/28 17:00,25.4,46,1,13,1.27,1,0.401
2022/5/28 18:00,23.9,52,1,13.5,0.57,1,0.148
2022/5/28 19:00,21.8,58,0,13.2,0.11,0.2,0
2022/5/28 20:00,22.7,44,0,9.8,0,0,0
2022/5/28 21:00,22,44,0,9.2,0,0,0
2022/5/28 22:00,21.2,48,0,9.8,0,0,0
2022/5/28 23:00,21,49,0,9.9,0,0,0
2022/5/29 0:00,21.7,43,0,8.6,0,0,0
2022/5/29 1:00,19.5,52,0,9.4,0,0,0
2022/5/29 2:00,18.7,56,0,9.8,0,0,0
2022/5/29 3:00,17,70,0,11.5,0,0,0
2022/5/29 4:00,16.7,75,0,12.3,0,0,0.281
2022/5/29 5:00,16.9,66,1,10.5,0.03,0,1.766
2022/5/29 6:00,19.8,61,1,12.1,0.46,1,4.302
2022/5/29 7:00,22.4,55,1,12.9,1.14,1,6.156
2022/5/29 8:00,24.4,50,1,13.3,1.85,1,7.357
2022/5/29 9:00,26.6,40,1,11.9,2.5,1,8.223
2022/5/29 10:00,28.3,40,1,13.4,3.03,1,8.531
2022/5/29 11:00,29.2,39,1,13.8,3.37,1,8.296
2022/5/29 12:00,29.9,34,1,12.4,3.51,1,7.565
2022/5/29 13:00,30.7,31,1,11.7,3.44,1,6.476
2022/5/29 14:00,30.1,29,1,10.1,3.17,1,4.745
2022/5/29 15:00,30.4,33,1,12.3,2.69,1,2.589
2022/5/29 16:00,29.8,39,1,14.4,2.04,1,0.792
2022/5/29 17:00,28.1,40,1,13.3,1.32,1,0.332
2022/5/29 18:00,26.6,44,1,13.4,0.61,1,0.0894
2022/5/29 19:00,24.9,51,0,14.1,0.1,0.3,0
2022/5/29 20:00,23.9,60,0,15.7,0,0,0
2022/5/29 21:00,22.3,70,0,16.6,0,0,0
2022/5/29 22:00,21.6,71,0,16.1,0,0,0
2022/5/29 23:00,20.4,76,0,16,0,0,0
2022/5/30 0:00,20.2,83,0,17.2,0,0,0
2022/5/30 1:00,19.6,88,0,17.6,0,0,0
2022/5/30 2:00,19.2,89,0,17.4,0,0,0
2022/5/30 3:00,19.1,88,0,17.1,0,0,0
2022/5/30 4:00,19.4,85,0,16.8,0,0,0.18
2022/5/30 5:00,20.6,62,1,13.1,0.03,0,1.549
2022/5/30 6:00,20.7,68,1,14.6,0.41,0.7,3.726
2022/5/30 7:00,22.4,66,1,15.8,0.93,1,5.852
2022/5/30 8:00,24.4,62,1,16.7,1.78,1,7.276
2022/5/30 9:00,25.3,58,1,16.5,2.45,1,7.869
2022/5/30 10:00,26.3,60,1,17.9,2.91,1,7.724
2022/5/30 11:00,25.6,59,1,17,3.07,1,7.849
2022/5/30 12:00,25.8,56,1,16.4,3.4,1,7.343
2022/5/30 13:00,26.8,57,1,17.6,3.42,1,6.213
2022/5/30 14:00,25.9,55,1,16.2,2.95,1,4.623
2022/5/30 15:00,26.1,58,1,17.2,2.6,1,2.331
2022/5/30 16:00,24.2,64,1,17,1.6,0.9,1.316
2022/5/30 17:00,22.9,69,1,16.9,1.17,0.8,0.321
2022/5/30 18:00,21.7,71,1,16.2,0.19,0,0.0259
2022/5/30 19:00,21.1,74,0,16.3,0.02,0,0
2022/5/30 20:00,20.1,76,0,15.8,0,0,0
2022/5/30 21:00,19.5,78,0,15.6,0,0,0
2022/5/30 22:00,19.3,79,0,15.6,0,0,0
2022/5/30 23:00,19.2,81,0,15.9,0,0,0
2022/5/31 0:00,18.9,83,0,16,0,0,0
2022/5/31 1:00,18.5,87,0,16.3,0,0,0
2022/5/31 2:00,17.7,96,0,17.1,0,0,0
2022/5/31 3:00,17.3,96,0,16.7,0,0,0
2022/5/31 4:00,17.2,97,0,16.7,0,0,0
2022/5/31 5:00,17.1,98,1,16.8,0,0,0.0197
2022/5/31 6:00,17,99,1,16.9,0.03,0,0.356
2022/5/31 7:00,16.8,100,1,16.8,0.07,0,0.738
2022/5/31 8:00,17.4,100,1,17.4,0.33,0,2.063
2022/5/31 9:00,18.2,99,1,18,0.74,0,1.542
2022/5/31 10:00,18.3,98,1,18,0.71,0,2.3
2022/5/31 11:00,17.9,94,1,16.9,0.47,0,2.899
2022/5/31 12:00,19,96,1,18.4,0.74,0,1.241
2022/5/31 13:00,19.2,92,1,17.9,0.67,0,1.211
2022/5/31 14:00,19.3,88,1,17.3,0.54,0,0.712
2022/5/31 15:00,20,83,1,17,0.44,0,0.84
2022/5/31 16:00,19.5,87,1,17.3,0.3,0,0.481
2022/5/31 17:00,20.1,82,1,16.9,0.19,0,0.206
2022/5/31 18:00,20.3,79,1,16.6,0.21,0,0.032
2022/5/31 19:00,19.8,84,0,17,0.1,0.2,0
2022/5/31 20:00,19.8,86,0,17.4,0,0,0
2022/5/31 21:00,19.8,86,0,17.4,0,0,0
2022/5/31 22:00,19.7,86,0,17.3,0,0,0
2022/5/31 23:00,19.4,88,0,17.4,0,0,0
2022/6/1 0:00,18.6,93,0,17.5,0,0,0
2022/6/1 1:00,19.2,91,0,17.7,0,0,0
2022/6/1 2:00,18.4,93,0,17.3,0,0,0
2022/6/1 3:00,18.8,92,0,17.5,0,0,0
2022/6/1 4:00,19.2,89,0,17.4,0,0,0
2022/6/1 5:00,17.9,93,1,16.8,0.03,0,1.563
2022/6/1 6:00,18.2,73,1,13.3,0.41,0.8,3.568
2022/6/1 7:00,20,54,1,10.4,1.09,1,6.453
2022/6/1 8:00,21.9,45,1,9.5,1.95,1,6.551
2022/6/1 9:00,22.6,41,1,8.7,2.24,1,7.193
2022/6/1 10:00,24.2,34,1,7.4,2.62,1,7.753
2022/6/1 11:00,26,34,1,8.9,3.24,1,7.77
2022/6/1 12:00,25.7,24,1,3.6,3.31,1,6.49
2022/6/1 13:00,26.2,28,1,6.3,2.89,1,4.132
2022/6/1 14:00,25.8,35,1,9.2,2.01,0.4,3.617
2022/6/1 15:00,25.2,43,1,11.8,1.64,0,2.469
2022/6/1 16:00,24.5,39,1,9.7,1.01,0,1.24
2022/6/1 17:00,24,43,1,10.7,0.5,0,0.546
2022/6/1 18:00,23.2,50,1,12.2,0.33,0,0.156
2022/6/1 19:00,21.9,62,0,14.3,0.06,0,0
2022/6/1 20:00,21.4,64,0,14.3,0,0,0
2022/6/1 21:00,20.8,71,0,15.4,0,0,0
2022/6/1 22:00,19.7,73,0,14.7,0,0,0
2022/6/1 23:00,19.5,77,0,15.4,0,0,0
2022/6/2 0:00,19,82,0,15.9,0,0,0
2022/6/2 1:00,18.3,83,0,15.4,0,0,0
2022/6/2 2:00,18.3,85,0,15.8,0,0,0
2022/6/2 3:00,17.9,89,0,16.1,0,0,0
2022/6/2 4:00,18,89,0,16.2,0,0,0.281
2022/6/2 5:00,18.2,78,1,14.3,0.03,0,1.587
2022/6/2 6:00,18.9,79,1,15.2,0.3,0.4,2.49
2022/6/2 7:00,20.4,64,1,13.4,1.06,0.6,2.554
2022/6/2 8:00,22.4,64,1,15.3,1.47,0.7,5.035
2022/6/2 9:00,24.4,63,1,16.9,2.15,0.8,8.169
2022/6/2 10:00,25.5,63,1,18,2.41,0.6,8.411
2022/6/2 11:00,25.8,65,1,18.7,2.36,0.6,8.196
2022/6/2 12:00,26.3,62,1,18.5,2.4,0.5,7.617
2022/6/2 13:00,26.9,56,1,17.4,2.89,0.8,6.508
2022/6/2 14:00,27.3,55,1,17.5,3.16,1,4.757
2022/6/2 15:00,26.3,55,1,16.6,2.59,1,2.623
2022/6/2 16:00,25.4,60,1,17.1,2,1,0.804
2022/6/2 17:00,24.3,64,1,17.1,1.26,0.9,0.336
2022/6/2 18:00,23.3,71,1,17.8,0.6,1,0.0815
2022/6/2 19:00,22.5,77,0,18.3,0.1,0.3,0
2022/6/2 20:00,22.1,75,0,17.5,0,0,0
2022/6/2 21:00,22,74,0,17.2,0,0,0
2022/6/2 22:00,22,73,0,17,0,0,0
2022/6/2 23:00,21.7,72,0,16.4,0,0,0
2022/6/3 0:00,21.4,75,0,16.8,0,0,0
2022/6/3 1:00,20.5,80,0,16.9,0,0,0
2022/6/3 2:00,19.7,87,0,17.5,0,0,0
2022/6/3 3:00,19.2,88,0,17.2,0,0,0
2022/6/3 4:00,19.2,88,0,17.2,0,0,0.207
2022/6/3 5:00,19.3,90,1,17.6,0.03,0,1.144
2022/6/3 6:00,20.1,85,1,17.5,0.34,0.4,2.226
2022/6/3 7:00,20.8,81,1,17.4,0.59,0,4.315
2022/6/3 8:00,22.6,73,1,17.5,1.47,0.9,4.545
2022/6/3 9:00,23.6,69,1,17.6,2.11,0.8,5.613
2022/6/3 10:00,24.8,63,1,17.3,2.52,0.9,6.904
2022/6/3 11:00,24.4,67,1,17.9,1.5,0.2,7.654
2022/6/3 12:00,27,63,1,19.4,2.79,0.7,5.482
2022/6/3 13:00,21.5,88,1,19.4,0.97,0.2,0.623
2022/6/3 14:00,20.7,86,1,18.3,0.48,0,3.293
2022/6/3 15:00,23.4,70,1,17.6,1.58,0.4,1.867
2022/6/3 16:00,22.6,68,1,16.4,1.56,0.6,0.101
2022/6/3 17:00,18.4,92,1,17.1,0.18,0,0.272
2022/6/3 18:00,18.4,95,1,17.6,0.18,0,0.0191
2022/6/3 19:00,18.4,95,0,17.6,0.06,0,0
2022/6/3 20:00,18.2,92,0,16.9,0,0,0
2022/6/3 21:00,17.5,95,0,16.7,0,0,0
2022/6/3 22:00,18.3,90,0,16.6,0,0,0
2022/6/3 23:00,18.2,90,0,16.5,0,0,0
2022/6/4 0:00,18,88,0,16,0,0,0
2022/6/4 1:00,17.7,88,0,15.7,0,0,0
2022/6/4 2:00,17.7,86,0,15.3,0,0,0
2022/6/4 3:00,17,92,0,15.7,0,0,0
2022/6/4 4:00,16.5,88,0,14.5,0,0,0.347
2022/6/4 5:00,15.9,92,1,14.6,0.04,0,1.328
2022/6/4 6:00,17.6,85,1,15.1,0.46,1,4.213
2022/6/4 7:00,19,74,1,14.3,1.16,0.9,4.781
2022/6/4 8:00,19.7,71,1,14.3,1.42,0.8,6.066
2022/6/4 9:00,21.4,61,1,13.6,2.39,0.9,5.262
2022/6/4 10:00,22.6,53,1,12.6,2.44,0.7,6.858
2022/6/4 11:00,23.8,42,1,10.1,3.18,0.9,7.787
2022/6/4 12:00,23.5,46,1,11.2,3.66,1,7.514
2022/6/4 13:00,23.8,52,1,13.4,2.56,0.6,6.497
2022/6/4 14:00,24.4,42,1,10.7,3.07,0.9,4.684
2022/6/4 15:00,23.6,53,1,13.5,2.68,1,2.661
2022/6/4 16:00,23.6,57,1,14.6,2.02,1,0.95
2022/6/4 17:00,22.1,60,1,14,0.62,0.3,0.498
2022/6/4 18:00,21.5,64,1,14.4,0.33,0.2,0.137
2022/6/4 19:00,20.4,62,0,12.9,0.11,0.3,0
2022/6/4 20:00,19.7,63,0,12.5,0,0,0
2022/6/4 21:00,19.5,69,0,13.7,0,0,0
2022/6/4 22:00,19.1,75,0,14.6,0,0,0
2022/6/4 23:00,19.1,77,0,15,0,0,0
2022/6/5 0:00,18.8,81,0,15.5,0,0,0
2022/6/5 1:00,19.3,81,0,16,0,0,0
2022/6/5 2:00,19.3,82,0,16.2,0,0,0
2022/6/5 3:00,19.5,83,0,16.6,0,0,0
2022/6/5 4:00,19.9,79,0,16.2,0,0,0
2022/6/5 5:00,19.2,81,1,15.9,0.01,0,0.183
2022/6/5 6:00,18.9,83,1,16,0.09,0,0.967
2022/6/5 7:00,19.7,82,1,16.6,0.42,0,2.959
2022/6/5 8:00,21.1,72,1,15.9,1.31,0.6,5.733
2022/6/5 9:00,23,71,1,17.5,2.04,0.7,4.608
2022/6/5 10:00,24.1,61,1,16.1,2.98,0.9,6.874
2022/6/5 11:00,23.7,57,1,14.7,2.84,0.8,7.025
2022/6/5 12:00,24.4,56,1,15.1,2.1,0.4,6.827
2022/6/5 13:00,25.3,64,1,18,1.76,0.2,4.785
2022/6/5 14:00,24.3,67,1,17.8,2.16,0.6,4.148
2022/6/5 15:00,23.8,72,1,18.5,0.87,0,1.828
2022/6/5 16:00,23.6,70,1,17.8,0.29,0,1.075
2022/6/5 17:00,23.2,72,1,17.9,0.33,0,0.4
2022/6/5 18:00,22.7,74,1,17.8,0.14,0,0.0982
2022/6/5 19:00,22.1,80,0,18.5,0.05,0,0
2022/6/5 20:00,20.7,81,0,17.3,0,0,0
2022/6/5 21:00,20.1,85,0,17.5,0,0,0
2022/6/5 22:00,19.7,85,0,17.1,0,0,0
2022/6/5 23:00,19.3,84,0,16.5,0,0,0
2022/6/6 0:00,18.4,91,0,16.9,0,0,0
2022/6/6 1:00,17.9,90,0,16.3,0,0,0
2022/6/6 2:00,17.4,93,0,16.3,0,0,0
2022/6/6 3:00,16.8,95,0,16,0,0,0
2022/6/6 4:00,16.7,96,0,16.1,0,0,0
2022/6/6 5:00,16.7,97,1,16.2,0,0,0.0369
2022/6/6 6:00,16.5,97,1,16,0.02,0,0.251
2022/6/6 7:00,16.2,97,1,15.7,0.07,0,0.0519
2022/6/6 8:00,16,98,1,15.7,0.07,0,0.569
2022/6/6 9:00,16,97,1,15.5,0.21,0,1.114
2022/6/6 10:00,16.3,97,1,15.8,0.32,0,0.791
2022/6/6 11:00,16.4,97,1,15.9,0.38,0,0.784
2022/6/6 12:00,16.7,99,1,16.6,0.26,0,1.277
2022/6/6 13:00,17.8,98,1,17.5,0.38,0,1.005
2022/6/6 14:00,17.1,97,1,16.6,0.42,0,1.251
2022/6/6 15:00,17,98,1,16.7,0.61,0,1.068
2022/6/6 16:00,16.3,97,1,15.8,0.37,0,0.689
2022/6/6 17:00,16.8,98,1,16.5,0.27,0,0.183
2022/6/6 18:00,16.5,98,1,16.2,0.07,0,0.0314
2022/6/6 19:00,16.5,97,0,16,0.02,0,0
2022/6/6 20:00,16.4,99,0,16.3,0,0,0
2022/6/6 21:00,16.5,99,0,16.4,0,0,0
2022/6/6 22:00,16.5,99,0,16.4,0,0,0
2022/6/6 23:00,15.8,100,0,15.8,0,0,0
2022/6/7 0:00,15.8,100,0,15.8,0,0,0
2022/6/7 1:00,15.8,100,0,15.8,0,0,0
2022/6/7 2:00,15.7,100,0,15.7,0,0,0
2022/6/7 3:00,15.8,100,0,15.8,0,0,0
2022/6/7 4:00,15.8,100,0,15.8,0,0,0.0265
2022/6/7 5:00,15.8,99,1,15.7,0.02,0,0.59
2022/6/7 6:00,16.3,98,1,16,0.16,0,1.773
2022/6/7 7:00,16.4,92,1,15.1,0.62,0,2.076
2022/6/7 8:00,17.6,82,1,14.5,0.93,0,3.671
2022/6/7 9:00,19.3,73,1,14.4,1.74,0.2,1.916
2022/6/7 10:00,18.7,77,1,14.6,1.25,0,3.873
2022/6/7 11:00,18.4,79,1,14.7,0.57,0,3.867
2022/6/7 12:00,18.3,82,1,15.2,0.69,0,1.276
2022/6/7 13:00,18.1,89,1,16.3,0.66,0,1.493
2022/6/7 14:00,17.9,91,1,16.4,0.67,0,2.632
2022/6/7 15:00,17.7,90,1,16.1,0.55,0,1.209
2022/6/7 16:00,16.9,94,1,15.9,0.23,0,0.346
2022/6/7 17:00,17.1,88,1,15.1,0.1,0,0.148
2022/6/7 18:00,16.4,92,1,15.1,0.08,0,0.0316
2022/6/7 19:00,16.1,89,0,14.3,0.01,0,0
2022/6/7 20:00,16,90,0,14.4,0,0,0
2022/6/7 21:00,15.8,89,0,14,0,0,0
2022/6/7 22:00,15.6,88,0,13.6,0,0,0
2022/6/7 23:00,15.6,88,0,13.6,0,0,0
2022/6/8 0:00,15.4,91,0,14,0,0,0
2022/6/8 1:00,15.4,90,0,13.8,0,0,0
2022/6/8 2:00,15.5,86,0,13.2,0,0,0
2022/6/8 3:00,15.1,88,0,13.1,0,0,0
2022/6/8 4:00,15,87,0,12.9,0,0,0
2022/6/8 5:00,15.1,89,1,13.3,0,0,0.123
2022/6/8 6:00,14.8,89,1,13,0.1,0,0.531
2022/6/8 7:00,15.4,86,1,13.1,0.26,0,0.696
2022/6/8 8:00,15.9,86,1,13.6,0.33,0,2.434
2022/6/8 9:00,16.9,80,1,13.4,0.87,0,2.055
2022/6/8 10:00,17.3,78,1,13.4,0.9,0,1.828
2022/6/8 11:00,18.5,78,1,14.6,1.08,0,3.827
2022/6/8 12:00,17.9,78,1,14,0.76,0,3.507
2022/6/8 13:00,20.5,74,1,15.7,1.26,0,1.689
2022/6/8 14:00,18.9,77,1,14.8,0.65,0,2.609
2022/6/8 15:00,19.6,75,1,15.1,1.38,0.1,2.387
2022/6/8 16:00,19.6,73,1,14.6,1.1,0.2,1.22
2022/6/8 17:00,19.2,75,1,14.7,0.87,0.2,0.831
2022/6/8 18:00,18.7,78,1,14.8,0.46,0.3,0.209
2022/6/8 19:00,18,79,0,14.3,0.06,0,0
2022/6/8 20:00,17.5,83,0,14.6,0,0,0
2022/6/8 21:00,17.4,86,0,15,0,0,0
2022/6/8 22:00,17.2,87,0,15,0,0,0
2022/6/8 23:00,17.3,87,0,15.1,0,0,0
2022/6/9 0:00,17,88,0,15,0,0,0
2022/6/9 1:00,16.8,90,0,15.2,0,0,0
2022/6/9 2:00,16.9,91,0,15.4,0,0,0
2022/6/9 3:00,16,97,0,15.5,0,0,0
2022/6/9 4:00,16.1,98,0,15.8,0,0,0
2022/6/9 5:00,16,95,1,15.2,0.01,0,0.37
2022/6/9 6:00,16.1,94,1,15.1,0.09,0,0.353
2022/6/9 7:00,16.4,95,1,15.6,0.18,0,0.754
2022/6/9 8:00,17,95,1,16.2,0.33,0,1.315
2022/6/9 9:00,17.5,88,1,15.5,0.52,0,2.717
2022/6/9 10:00,18,90,1,16.3,0.44,0,2.51
2022/6/9 11:00,18.5,86,1,16.1,0.61,0,6.125
2022/6/9 12:00,20,81,1,16.7,1.32,0.1,5.622
2022/6/9 13:00,21.2,70,1,15.5,2.61,0.6,5.507
2022/6/9 14:00,23.2,64,1,16,2.8,0.7,3.787
2022/6/9 15:00,23.4,63,1,16,2.26,0.7,2.619
2022/6/9 16:00,23.9,60,1,15.7,2.12,0.9,1.407
2022/6/9 17:00,22.6,65,1,15.7,1.4,1,0.31
2022/6/9 18:00,21.1,74,1,16.3,0.72,0.8,0.0974
2022/6/9 19:00,20.3,79,0,16.6,0.08,0,0
2022/6/9 20:00,19.9,80,0,16.4,0,0,0
2022/6/9 21:00,19.6,82,0,16.5,0,0,0
2022/6/9 22:00,19.2,84,0,16.4,0,0,0
2022/6/9 23:00,19.1,86,0,16.7,0,0,0
2022/6/10 0:00,18.9,88,0,16.9,0,0,0
2022/6/10 1:00,18.5,89,0,16.7,0,0,0
2022/6/10 2:00,18.5,89,0,16.7,0,0,0
2022/6/10 3:00,18.3,90,0,16.6,0,0,0
2022/6/10 4:00,18.2,91,0,16.7,0,0,0
2022/6/10 5:00,18.1,91,1,16.6,0.01,0,0.105
2022/6/10 6:00,18.2,91,1,16.7,0.05,0,1.256
2022/6/10 7:00,18.5,90,1,16.8,0.21,0,2.915
2022/6/10 8:00,19.6,86,1,17.2,0.39,0,0.902
2022/6/10 9:00,21.1,76,1,16.7,1.21,0.2,5.67
2022/6/10 10:00,21.9,70,1,16.2,1.95,0.4,8.24
2022/6/10 11:00,23.2,69,1,17.2,2.71,0.6,5.742
2022/6/10 12:00,23,65,1,16.1,1.78,0.1,5.148
2022/6/10 13:00,24.2,64,1,17,1.73,0,4.63
2022/6/10 14:00,24.4,63,1,16.9,1.88,0.2,4.022
2022/6/10 15:00,23.8,67,1,17.3,1.1,0.1,2.568
2022/6/10 16:00,24.1,66,1,17.4,0.97,0.1,1.199
2022/6/10 17:00,23.8,67,1,17.3,0.35,0,0.524
2022/6/10 18:00,23.2,67,1,16.7,0.27,0,0.0327
2022/6/10 19:00,22.3,73,0,17.2,0.05,0,0
2022/6/10 20:00,22.1,75,0,17.5,0,0,0
2022/6/10 21:00,21.4,81,0,18,0,0,0
2022/6/10 22:00,21.1,81,0,17.7,0,0,0
2022/6/10 23:00,20.9,82,0,17.7,0,0,0
2022/6/11 0:00,20.9,84,0,18.1,0,0,0
2022/6/11 1:00,20.6,86,0,18.2,0,0,0
2022/6/11 2:00,20.5,86,0,18.1,0,0,0
2022/6/11 3:00,20.5,86,0,18.1,0,0,0
2022/6/11 4:00,20.4,88,0,18.4,0,0,0
2022/6/11 5:00,20.3,89,1,18.4,0.01,0,0.644
2022/6/11 6:00,20.9,88,1,18.8,0.28,0,1.104
2022/6/11 7:00,21.3,84,1,18.5,0.53,0,1.503
2022/6/11 8:00,22.6,81,1,19.2,0.84,0,3.253
2022/6/11 9:00,22.8,74,1,17.9,1.36,0.1,4.127
2022/6/11 10:00,23.4,73,1,18.3,1.55,0,5.263
2022/6/11 11:00,23.5,73,1,18.4,1.89,0,4.684
2022/6/11 12:00,24.3,65,1,17.3,1.72,0,4.387
2022/6/11 13:00,24.5,69,1,18.5,1.9,0.1,2.48
2022/6/11 14:00,23.8,71,1,18.2,0.99,0,1.599
2022/6/11 15:00,23.5,71,1,17.9,0.69,0,0.956
2022/6/11 16:00,22.9,69,1,16.9,0.45,0,0.686
2022/6/11 17:00,22.6,62,1,15,0.3,0,0.298
2022/6/11 18:00,21.9,73,1,16.9,0.15,0,0.0284
2022/6/11 19:00,21.7,74,0,16.9,0.04,0,0
2022/6/11 20:00,21.2,82,0,18,0,0,0
2022/6/11 21:00,21.3,86,0,18.9,0,0,0
2022/6/11 22:00,20.8,92,0,19.5,0,0,0
2022/6/11 23:00,19.8,92,0,18.5,0,0,0
2022/6/12 0:00,19.4,96,0,18.8,0,0,0
2022/6/12 1:00,19.1,98,0,18.8,0,0,0
2022/6/12 2:00,18.3,92,0,17,0,0,0
2022/6/12 3:00,18.9,97,0,18.4,0,0,0
2022/6/12 4:00,18.2,93,0,17.1,0,0,0
2022/6/12 5:00,18.3,93,1,17.2,0.02,0,0.334
2022/6/12 6:00,19.1,94,1,18.1,0.13,0,1.073
2022/6/12 7:00,19.8,88,1,17.8,0.28,0,1.45
2022/6/12 8:00,20.8,84,1,18,0.69,0,3.323
2022/6/12 9:00,22.4,80,1,18.8,1.11,0.1,2.23
2022/6/12 10:00,23.7,68,1,17.5,2.12,0.5,5.861
2022/6/12 11:00,24.5,62,1,16.8,2.85,0.7,6.173
2022/6/12 12:00,25.1,58,1,16.3,2.29,0.4,4.829
2022/6/12 13:00,24.9,58,1,16.1,2.24,0.4,1.496
2022/6/12 14:00,22.6,72,1,17.3,0.36,0,0.928
2022/6/12 15:00,23.5,67,1,17,1.86,0.5,3.414
2022/6/12 16:00,24.1,64,1,16.9,1.9,0.9,0.83
2022/6/12 17:00,23.4,70,1,17.6,1.48,0.9,0.368
2022/6/12 18:00,22.1,79,1,18.3,0.67,1,0.0933
2022/6/12 19:00,20.9,85,0,18.3,0.1,0.2,0
2022/6/12 20:00,21.7,51,0,11.1,0,0,0
2022/6/12 21:00,20.6,49,0,9.5,0,0,0
2022/6/12 22:00,20.7,46,0,8.7,0,0,0
2022/6/12 23:00,20.4,46,0,8.4,0,0,0
2022/6/13 0:00,20.3,44,0,7.7,0,0,0
2022/6/13 1:00,19.7,46,0,7.8,0,0,0
2022/6/13 2:00,18,52,0,8,0,0,0
2022/6/13 3:00,17.9,52,0,7.9,0,0,0
2022/6/13 4:00,17,55,0,7.9,0,0,0.0803
2022/6/13 5:00,18.3,53,1,8.6,0.04,0,0.582
2022/6/13 6:00,18.9,55,1,9.7,0.29,0.1,3.382
2022/6/13 7:00,21.3,45,1,8.9,1.15,1,6.431
2022/6/13 8:00,23.1,42,1,9.5,1.93,1,6.405
2022/6/13 9:00,22.8,41,1,8.9,2.16,0.8,5.781
2022/6/13 10:00,23.8,39,1,9,2.16,0.8,7.477
2022/6/13 11:00,26.1,43,1,12.6,3.01,1,7.74
2022/6/13 12:00,24.9,43,1,11.5,3.51,1,7.53
2022/6/13 13:00,26.3,44,1,13.1,3.58,1,6.317
2022/6/13 14:00,24.7,52,1,14.2,3.1,1,4.303
2022/6/13 15:00,23.9,54,1,14,2.32,1,2.815
2022/6/13 16:00,23,59,1,14.6,1.74,0.8,1.679
2022/6/13 17:00,21.4,62,1,13.8,0.65,0,0.641
2022/6/13 18:00,20.9,60,1,12.9,0.19,0,0.0882
2022/6/13 19:00,20.3,61,0,12.5,0.01,0,0
2022/6/13 20:00,19.8,61,0,12.1,0,0,0
2022/6/13 21:00,19.6,54,0,10.1,0,0,0
2022/6/13 22:00,19.3,58,0,10.8,0,0,0
2022/6/13 23:00,18.9,62,0,11.5,0,0,0
2022/6/14 0:00,18.5,68,0,12.5,0,0,0
2022/6/14 1:00,18.4,72,0,13.3,0,0,0
2022/6/14 2:00,18.3,76,0,14,0,0,0
2022/6/14 3:00,17.7,79,0,14,0,0,0
2022/6/14 4:00,17.3,80,0,13.8,0,0,0
2022/6/14 5:00,17.1,80,1,13.6,0.01,0,0
2022/6/14 6:00,17.1,80,1,13.6,0.07,0,0
2022/6/14 7:00,17.4,78,1,13.5,0.21,0,0
2022/6/14 8:00,17.9,79,1,14.2,0.44,0,0
2022/6/14 9:00,17.7,78,1,13.8,0.36,0,1.505
2022/6/14 10:00,17.8,79,1,14.1,0.34,0,1.324
2022/6/14 11:00,17.8,76,1,13.5,0.31,0,1.348
2022/6/14 12:00,18,77,1,13.9,0.36,0,1.201
2022/6/14 13:00,17.6,79,1,13.9,0.28,0,1.694
2022/6/14 14:00,18.3,75,1,13.8,0.4,0,0.981
2022/6/14 15:00,18,77,1,13.9,0.24,0,0.637
2022/6/14 16:00,17.9,75,1,13.4,0.18,0,0.345
2022/6/14 17:00,17.7,74,1,13,0.12,0,0.22
2022/6/14 18:00,17.2,78,1,13.3,0.09,0,0.0366
2022/6/14 19:00,16.7,83,0,13.8,0.01,0,0
2022/6/14 20:00,16.6,86,0,14.3,0,0,0
2022/6/14 21:00,16.5,86,0,14.2,0,0,0
2022/6/14 22:00,15.9,91,0,14.4,0,0,0
2022/6/14 23:00,15.5,94,0,14.6,0,0,0
2022/6/15 0:00,15.4,95,0,14.6,0,0,0
2022/6/15 1:00,15.2,95,0,14.4,0,0,0
2022/6/15 2:00,15.2,96,0,14.6,0,0,0
2022/6/15 3:00,15.3,96,0,14.7,0,0,0
2022/6/15 4:00,15.4,96,0,14.8,0,0,0
2022/6/15 5:00,15.3,98,1,15,0.01,0,0.263
2022/6/15 6:00,15.4,99,1,15.3,0.07,0,0.809
2022/6/15 7:00,16,99,1,15.9,0.2,0,1.879
2022/6/15 8:00,16.2,97,1,15.7,0.51,0,2.352
2022/6/15 9:00,17.1,88,1,15.1,0.72,0,1.163
2022/6/15 10:00,17,89,1,15.2,0.59,0,1.551
2022/6/15 11:00,17.1,94,1,16.1,0.53,0,2.271
2022/6/15 12:00,17.3,96,1,16.7,0.68,0,1.558
2022/6/15 13:00,17.8,96,1,17.2,0.75,0,1.428
2022/6/15 14:00,18.1,95,1,17.3,0.63,0,1.06
2022/6/15 15:00,18.1,93,1,17,0.33,0,0.787
2022/6/15 16:00,17.7,97,1,17.2,0.25,0,0.351
2022/6/15 17:00,17.6,98,1,17.3,0.15,0,0.162
2022/6/15 18:00,17.4,98,1,17.1,0.09,0,0.0178
2022/6/15 19:00,17.6,95,0,16.8,0.06,0,0
2022/6/15 20:00,17.8,93,0,16.7,0,0,0
2022/6/15 21:00,17.7,93,0,16.6,0,0,0
2022/6/15 22:00,17.3,96,0,16.7,0,0,0
2022/6/15 23:00,17.5,94,0,16.5,0,0,0
2022/6/16 0:00,17.7,92,0,16.4,0,0,0
2022/6/16 1:00,17.8,92,0,16.5,0,0,0
2022/6/16 2:00,17.8,91,0,16.3,0,0,0
2022/6/16 3:00,17.6,94,0,16.6,0,0,0
2022/6/16 4:00,17.4,94,0,16.4,0,0,0
2022/6/16 5:00,17.6,95,1,16.8,0.01,0,0.114
2022/6/16 6:00,18.1,93,1,17,0.08,0,0.421
2022/6/16 7:00,18.6,91,1,17.1,0.16,0,0.698
2022/6/16 8:00,19,89,1,17.2,0.27,0,1.16
2022/6/16 9:00,19.4,87,1,17.2,0.38,0,1.582
2022/6/16 10:00,19.6,88,1,17.6,0.41,0,2.737
2022/6/16 11:00,20.5,82,1,17.3,0.78,0,2.64
2022/6/16 12:00,21.4,79,1,17.6,1.01,0,5.146
2022/6/16 13:00,22.1,75,1,17.5,1.67,0,3.624
2022/6/16 14:00,23,76,1,18.6,1.56,0.1,2.826
2022/6/16 15:00,23,77,1,18.8,1.12,0,1.784
2022/6/16 16:00,23,79,1,19.2,0.76,0,1.198
2022/6/16 17:00,22.8,84,1,20,0.5,0,0.669
2022/6/16 18:00,22.9,82,1,19.7,0.3,0,0.118
2022/6/16 19:00,21.9,86,0,19.5,0.07,0,0
2022/6/16 20:00,21.3,87,0,19.1,0,0,0
2022/6/16 21:00,21.7,85,0,19.1,0,0,0
2022/6/16 22:00,21.2,91,0,19.7,0,0,0
2022/6/16 23:00,20.5,94,0,19.5,0,0,0
2022/6/17 0:00,20.1,96,0,19.5,0,0,0
2022/6/17 1:00,19.7,97,0,19.2,0,0,0
2022/6/17 2:00,19.6,99,0,19.5,0,0,0
2022/6/17 3:00,19.7,98,0,19.4,0,0,0
2022/6/17 4:00,19.8,95,0,19,0,0,0.026
2022/6/17 5:00,19.3,97,1,18.8,0.02,0,0.261
2022/6/17 6:00,20.6,93,1,19.4,0.19,0,1.094
2022/6/17 7:00,21.2,85,1,18.6,0.39,0,1.847
2022/6/17 8:00,22.4,82,1,19.2,0.89,0.1,2.325
2022/6/17 9:00,23,80,1,19.4,0.92,0,2.451
2022/6/17 10:00,23.3,78,1,19.3,0.89,0,2.515
2022/6/17 11:00,24.2,75,1,19.5,1.09,0,3.478
2022/6/17 12:00,25.1,71,1,19.5,1.59,0,3.544
2022/6/17 13:00,25.8,70,1,19.9,1.53,0,3.53
2022/6/17 14:00,26.2,67,1,19.6,1.59,0,4.027
2022/6/17 15:00,27.1,65,1,20,2.15,0.7,2.736
2022/6/17 16:00,26.8,65,1,19.7,2.03,1,1.135
2022/6/17 17:00,26.6,66,1,19.7,1.4,1,0.748
2022/6/17 18:00,25.7,70,1,19.8,0.65,0.9,0.197
2022/6/17 19:00,24.2,77,0,19.9,0.2,0.3,0.018
2022/6/17 20:00,22.2,87,0,20,0,0,0
2022/6/17 21:00,22.2,88,0,20.1,0,0,0
2022/6/17 22:00,21.2,92,0,19.9,0,0,0
2022/6/17 23:00,21.1,95,0,20.3,0,0,0
2022/6/18 0:00,20.9,95,0,20.1,0,0,0
2022/6/18 1:00,20.3,97,0,19.8,0,0,0
2022/6/18 2:00,20.2,98,0,19.9,0,0,0
2022/6/18 3:00,20.7,94,0,19.7,0,0,0
2022/6/18 4:00,20.1,98,0,19.8,0,0,0.152
2022/6/18 5:00,20.1,99,1,20,0.03,0,0.507
2022/6/18 6:00,21.4,95,1,20.6,0.22,0,1.257
2022/6/18 7:00,22.5,90,1,20.8,0.53,0,1.725
2022/6/18 8:00,23.4,84,1,20.6,0.7,0,1.959
2022/6/18 9:00,24.1,79,1,20.2,0.81,0,2.431
2022/6/18 10:00,24.6,80,1,20.9,0.88,0,3.054
2022/6/18 11:00,25.5,78,1,21.4,1.16,0,2.676
2022/6/18 12:00,24.8,76,1,20.3,1.1,0,2.151
2022/6/18 13:00,25.1,79,1,21.2,0.81,0,2.056
2022/6/18 14:00,25.5,78,1,21.4,0.86,0,1.851
2022/6/18 15:00,25.3,78,1,21.2,0.64,0,0.878
2022/6/18 16:00,24.8,82,1,21.5,0.39,0,0.426
2022/6/18 17:00,24.2,84,1,21.3,0.2,0,0.12
2022/6/18 18:00,23.3,90,1,21.6,0.07,0,0.0263
2022/6/18 19:00,22.4,96,0,21.7,0.01,0,0
2022/6/18 20:00,21.6,99,0,21.4,0,0,0
2022/6/18 21:00,21.5,100,0,21.5,0,0,0
2022/6/18 22:00,21.4,100,0,21.4,0,0,0
2022/6/18 23:00,21.2,100,0,21.2,0,0,0
2022/6/19 0:00,20.6,100,0,20.6,0,0,0
2022/6/19 1:00,20.1,100,0,20.1,0,0,0
2022/6/19 2:00,19.7,100,0,19.7,0,0,0
2022/6/19 3:00,20,100,0,20,0,0,0
2022/6/19 4:00,19.8,100,0,19.8,0,0,0.32
2022/6/19 5:00,19.9,100,1,19.9,0.04,0,1.309
2022/6/19 6:00,20.8,100,1,20.8,0.4,0.8,2.961
2022/6/19 7:00,21.5,100,1,21.5,0.88,1,4.382
2022/6/19 8:00,23.7,85,1,21,1.43,1,5.778
2022/6/19 9:00,25.2,79,1,21.3,2.12,1,7.415
2022/6/19 10:00,26.5,71,1,20.8,2.75,1,7.258
2022/6/19 11:00,27.1,71,1,21.4,2.87,1,6.464
2022/6/19 12:00,27.7,72,1,22.2,2.79,1,6.304
2022/6/19 13:00,27.5,65,1,20.3,2.92,1,5.718
2022/6/19 14:00,27.9,66,1,21,2.87,1,4.757
2022/6/19 15:00,28.3,66,1,21.3,2.67,1,2.698
2022/6/19 16:00,26.9,69,1,20.7,1.66,0.8,1.078
2022/6/19 17:00,26.6,70,1,20.7,1.24,1,0.516
2022/6/19 18:00,25.2,76,1,20.7,0.52,0.5,0.155
2022/6/19 19:00,23.8,83,0,20.7,0.12,0,0.014
2022/6/19 20:00,23.3,88,0,21.2,0,0,0
2022/6/19 21:00,23,87,0,20.7,0,0,0
2022/6/19 22:00,23.6,82,0,20.4,0,0,0
2022/6/19 23:00,23.8,82,0,20.6,0,0,0
2022/6/20 0:00,23,86,0,20.5,0,0,0
2022/6/20 1:00,23.1,87,0,20.8,0,0,0
2022/6/20 2:00,22.7,89,0,20.8,0,0,0
2022/6/20 3:00,22.3,90,0,20.6,0,0,0
2022/6/20 4:00,21.6,94,0,20.6,0,0,0.081
2022/6/20 5:00,21.6,95,1,20.8,0.02,0,0.411
2022/6/20 6:00,22.4,93,1,21.2,0.21,0,1.579
2022/6/20 7:00,24.4,82,1,21.1,0.63,0,2.723
2022/6/20 8:00,25.4,80,1,21.7,0.99,0,4.103
2022/6/20 9:00,26.6,74,1,21.6,1.54,0.3,5.658
2022/6/20 10:00,27.3,68,1,20.9,2.06,0.9,7.056
2022/6/20 11:00,28.5,62,1,20.5,2.78,1,5.831
2022/6/20 12:00,29.4,64,1,21.9,2.36,0.8,5.17
2022/6/20 13:00,28.9,64,1,21.4,2.38,0.8,4.577
2022/6/20 14:00,29.7,67,1,22.9,2.49,0.9,3.918
2022/6/20 15:00,28.2,72,1,22.7,1.73,0.3,2.456
2022/6/20 16:00,27.3,73,1,22,1.04,0,1.444
2022/6/20 17:00,26.8,75,1,22,0.67,0,0.672
2022/6/20 18:00,26.1,77,1,21.8,0.36,0,0.193
2022/6/20 19:00,24.6,83,0,21.5,0.15,0.1,0.0285
2022/6/20 20:00,23.7,88,0,21.6,0,0,0
2022/6/20 21:00,23.5,88,0,21.4,0,0,0
2022/6/20 22:00,23.1,91,0,21.6,0,0,0
2022/6/20 23:00,22.7,94,0,21.7,0,0,0
2022/6/21 0:00,22.4,95,0,21.6,0,0,0
2022/6/21 1:00,22.7,94,0,21.7,0,0,0
2022/6/21 2:00,22.8,92,0,21.4,0,0,0
2022/6/21 3:00,22.6,95,0,21.8,0,0,0
2022/6/21 4:00,22.8,90,0,21.1,0,0,0.124
2022/6/21 5:00,22.8,91,1,21.3,0.03,0,0.657
2022/6/21 6:00,23.7,88,1,21.6,0.27,0,2.063
2022/6/21 7:00,24.8,82,1,21.5,0.7,0.1,3.757
2022/6/21 8:00,25.4,78,1,21.3,1.23,0.3,4.62
2022/6/21 9:00,27.1,71,1,21.4,1.66,0.6,4.075
2022/6/21 10:00,28.1,68,1,21.6,1.69,0.1,5.704
2022/6/21 11:00,29.3,55,1,19.3,2.45,1,5.402
2022/6/21 12:00,29.5,54,1,19.2,2.32,0.5,4.45
2022/6/21 13:00,29.3,54,1,19,1.94,0,3.241
2022/6/21 14:00,28.4,63,1,20.7,1.16,0,1.484
2022/6/21 15:00,28.3,62,1,20.3,0.72,0,1.421
2022/6/21 16:00,27.4,68,1,21,0.56,0,0.451
2022/6/21 17:00,26.5,74,1,21.5,0.26,0,0.0646
2022/6/21 18:00,25.1,85,1,22.4,0.09,0,0.0263
2022/6/21 19:00,24.6,85,0,21.9,0.02,0,0
2022/6/21 20:00,23.7,91,0,22.1,0,0,0
2022/6/21 21:00,23,95,0,22.2,0,0,0
2022/6/21 22:00,22.7,96,0,22,0,0,0
2022/6/21 23:00,22.4,97,0,21.9,0,0,0
2022/6/22 0:00,22.2,97,0,21.7,0,0,0
2022/6/22 1:00,21.8,99,0,21.6,0,0,0
2022/6/22 2:00,21.9,100,0,21.9,0,0,0
2022/6/22 3:00,21.8,100,0,21.8,0,0,0
2022/6/22 4:00,22.1,100,0,22.1,0,0,0
2022/6/22 5:00,21.7,98,1,21.4,0.01,0,0.135
2022/6/22 6:00,21.5,99,1,21.3,0.08,0,0.427
2022/6/22 7:00,21.7,97,1,21.2,0.26,0,1.258
2022/6/22 8:00,22.2,94,1,21.2,0.49,0,1.787
2022/6/22 9:00,24.3,93,1,23.1,0.69,0.1,2.816
2022/6/22 10:00,23.9,84,1,21,1.13,0,4.193
2022/6/22 11:00,24.7,80,1,21,1.07,0,4.866
2022/6/22 12:00,26.9,71,1,21.2,1.78,0.1,2.917
2022/6/22 13:00,26.6,72,1,21.1,1.88,0,2.668
2022/6/22 14:00,27.4,70,1,21.4,2.13,0.3,3.116
2022/6/22 15:00,25.9,74,1,20.9,0.79,0.1,0.822
2022/6/22 16:00,25.6,75,1,20.8,0.11,0,0.291
2022/6/22 17:00,25.2,75,1,20.5,0.09,0,0.193
2022/6/22 18:00,24.8,80,1,21.1,0.05,0,0.029
2022/6/22 19:00,24.5,82,0,21.2,0.02,0,0
2022/6/22 20:00,24.1,83,0,21,0,0,0
2022/6/22 21:00,23.6,86,0,21.1,0,0,0
2022/6/22 22:00,22.9,88,0,20.8,0,0,0
2022/6/22 23:00,22.6,89,0,20.7,0,0,0
2022/6/23 0:00,22.5,90,0,20.8,0,0,0
2022/6/23 1:00,21.9,93,0,20.7,0,0,0
2022/6/23 2:00,22.1,93,0,20.9,0,0,0
2022/6/23 3:00,21.8,94,0,20.8,0,0,0
2022/6/23 4:00,21.7,94,0,20.7,0,0,0
2022/6/23 5:00,21.6,94,1,20.6,0.01,0,0.218
2022/6/23 6:00,21.9,94,1,20.9,0.12,0,1
2022/6/23 7:00,22.2,92,1,20.8,0.22,0,2.578
2022/6/23 8:00,23.2,87,1,20.9,0.66,0,4.879
2022/6/23 9:00,23.8,84,1,20.9,0.93,0.1,5.283
2022/6/23 10:00,24,84,1,21.1,0.46,0,5.127
2022/6/23 11:00,24.6,87,1,22.3,0.44,0,5.604
2022/6/23 12:00,25.4,78,1,21.3,1.07,0,2.585
2022/6/23 13:00,24.5,83,1,21.4,0.24,0,1.726
2022/6/23 14:00,24.9,80,1,21.2,0.15,0,1.988
2022/6/23 15:00,24.8,81,1,21.3,0.28,0,1.744
2022/6/23 16:00,24.7,81,1,21.2,0.5,0,0.653
2022/6/23 17:00,24.3,84,1,21.4,0.28,0,0.0919
2022/6/23 18:00,23.9,84,1,21,0.09,0,0.0167
2022/6/23 19:00,23.7,85,0,21,0.03,0,0
2022/6/23 20:00,23.8,86,0,21.3,0,0,0
2022/6/23 21:00,23.7,88,0,21.6,0,0,0
2022/6/23 22:00,23.7,89,0,21.8,0,0,0
2022/6/23 23:00,23.6,87,0,21.3,0,0,0
2022/6/24 0:00,23.5,85,0,20.8,0,0,0
2022/6/24 1:00,23.3,88,0,21.2,0,0,0
2022/6/24 2:00,23.2,91,0,21.7,0,0,0
2022/6/24 3:00,23.2,93,0,22,0,0,0
2022/6/24 4:00,23.2,92,0,21.8,0,0,0
2022/6/24 5:00,23.5,91,1,22,0,0,0.114
2022/6/24 6:00,24,92,1,22.6,0.07,0,0.637
2022/6/24 7:00,25.1,91,1,23.5,0.3,0,1.645
2022/6/24 8:00,27.1,81,1,23.6,1.24,0.2,6.939
2022/6/24 9:00,29.7,69,1,23.4,2.26,0.8,6.259
2022/6/24 10:00,29.5,69,1,23.2,1.79,0.3,4.597
2022/6/24 11:00,30,66,1,23,1.6,0.1,6.849
2022/6/24 12:00,31.1,60,1,22.4,3.23,0.9,7.7
2022/6/24 13:00,31.7,60,1,23,3.4,1,6.525
2022/6/24 14:00,32,57,1,22.4,3.1,1,4.574
2022/6/24 15:00,30.8,60,1,22.1,1.9,0.6,3.408
2022/6/24 16:00,30.9,59,1,22,1.5,0.8,1.127
2022/6/24 17:00,29.6,64,1,22.1,0.95,1,0.384
2022/6/24 18:00,28.5,69,1,22.3,0.57,0.9,0.124
2022/6/24 19:00,28.2,69,0,22,0.14,0.1,0
2022/6/24 20:00,27.7,72,0,22.2,0,0,0
2022/6/24 21:00,27,76,0,22.4,0,0,0
2022/6/24 22:00,27.3,74,0,22.3,0,0,0
2022/6/24 23:00,26.8,76,0,22.2,0,0,0
2022/6/25 0:00,26.7,78,0,22.5,0,0,0
2022/6/25 1:00,26.5,79,0,22.6,0,0,0
2022/6/25 2:00,26.4,80,0,22.7,0,0,0
2022/6/25 3:00,26.6,79,0,22.7,0,0,0
2022/6/25 4:00,26.2,82,0,22.9,0,0,0.263
2022/6/25 5:00,26.1,82,1,22.8,0.03,0,1.551
2022/6/25 6:00,27,79,1,23.1,0.44,1,4.089
2022/6/25 7:00,29,72,1,23.4,1.11,1,5.999
2022/6/25 8:00,30.3,65,1,23,1.81,1,7.393
2022/6/25 9:00,31.5,59,1,22.5,2.46,1,8.205
2022/6/25 10:00,32.7,58,1,23.4,2.97,1,8.422
2022/6/25 11:00,33.3,53,1,22.4,3.33,1,8.037
2022/6/25 12:00,34.8,51,1,23.2,3.47,1,7.512
2022/6/25 13:00,34.5,51,1,22.9,3.41,1,6.35
2022/6/25 14:00,34.9,49,1,22.6,3.13,1,4.644
2022/6/25 15:00,34.3,52,1,23,2.66,1,2.647
2022/6/25 16:00,33.3,55,1,23,2.05,1,0.78
2022/6/25 17:00,32,60,1,23.3,1.08,0.7,0.326
2022/6/25 18:00,30.6,64,1,23,0.49,0.7,0.0321
2022/6/25 19:00,29.6,70,0,23.6,0.04,0,0
2022/6/25 20:00,29.3,71,0,23.5,0,0,0
2022/6/25 21:00,28.8,71,0,23,0,0,0
2022/6/25 22:00,28.5,73,0,23.2,0,0,0
2022/6/25 23:00,27.4,77,0,23,0,0,0
2022/6/26 0:00,26.4,80,0,22.7,0,0,0
2022/6/26 1:00,26.7,76,0,22.1,0,0,0
2022/6/26 2:00,26.4,74,0,21.4,0,0,0
2022/6/26 3:00,26.8,68,0,20.4,0,0,0
2022/6/26 4:00,26.2,68,0,19.8,0,0,0.285
2022/6/26 5:00,26.3,66,1,19.5,0.04,0,1.765
2022/6/26 6:00,26.8,67,1,20.2,0.51,1,3.696
2022/6/26 7:00,28.9,58,1,19.8,1.17,1,6.07
2022/6/26 8:00,31,52,1,20,1.85,1,7.387
2022/6/26 9:00,32.6,48,1,20.2,2.52,1,8.117
2022/6/26 10:00,33.5,47,1,20.6,3.06,1,8.465
2022/6/26 11:00,34.1,44,1,20.1,3.4,1,8.103
2022/6/26 12:00,35,45,1,21.3,3.42,1,7.204
2022/6/26 13:00,35.3,47,1,22.3,3.43,1,6.25
2022/6/26 14:00,34.3,43,1,19.9,3,0.9,4.243
2022/6/26 15:00,30.9,58,1,21.7,2.02,0.7,2.103
2022/6/26 16:00,30.2,61,1,21.8,1.44,0.5,0.878
2022/6/26 17:00,30.7,58,1,21.5,0.81,0.3,0.518
2022/6/26 18:00,30.7,58,1,21.5,0.65,0.9,0.0985
2022/6/26 19:00,29.6,60,0,21,0.12,0.1,0
2022/6/26 20:00,28.8,62,0,20.8,0,0,0
2022/6/26 21:00,27.2,73,0,21.9,0,0,0
2022/6/26 22:00,27,72,0,21.5,0,0,0
2022/6/26 23:00,26.3,73,0,21.1,0,0,0
2022/6/27 0:00,25.8,74,0,20.8,0,0,0
2022/6/27 1:00,25,76,0,20.5,0,0,0
2022/6/27 2:00,25.2,75,0,20.5,0,0,0
2022/6/27 3:00,24.6,78,0,20.5,0,0,0
2022/6/27 4:00,24.6,78,0,20.5,0,0,0.284
2022/6/27 5:00,24.6,82,1,21.3,0.03,0,1.606
2022/6/27 6:00,26.2,80,1,22.5,0.44,1,3.935
2022/6/27 7:00,28.4,71,1,22.6,1.09,1,5.742
2022/6/27 8:00,30.1,64,1,22.5,1.78,1,6.895
2022/6/27 9:00,32.6,51,1,21.2,2.41,1,7.549
2022/6/27 10:00,33.3,58,1,23.9,2.86,1,7.764
2022/6/27 11:00,33.1,51,1,21.6,3.23,1,7.414
2022/6/27 12:00,33.7,49,1,21.5,3.3,1,7.205
2022/6/27 13:00,33.8,48,1,21.3,3.22,1,5.815
2022/6/27 14:00,34.6,51,1,23,2.92,1,3.976
2022/6/27 15:00,34.8,42,1,20,2.3,0.9,2.419
2022/6/27 16:00,32.6,57,1,23,1.38,0.7,0.972
2022/6/27 17:00,32.1,63,1,24.2,0.84,0.5,0.505
2022/6/27 18:00,31.5,63,1,23.6,0.54,0.7,0.11
2022/6/27 19:00,29.4,69,0,23.1,0.08,0,0
2022/6/27 20:00,28.9,72,0,23.3,0,0,0
2022/6/27 21:00,28.5,65,0,21.3,0,0,0
2022/6/27 22:00,28.2,66,0,21.3,0,0,0
2022/6/27 23:00,26.1,77,0,21.8,0,0,0
2022/6/28 0:00,27.2,71,0,21.5,0,0,0
2022/6/28 1:00,26.2,78,0,22.1,0,0,0
2022/6/28 2:00,25.8,81,0,22.3,0,0,0
2022/6/28 3:00,25.1,83,0,22,0,0,0
2022/6/28 4:00,25.3,83,0,22.2,0,0,0.032
2022/6/28 5:00,25.4,88,1,23.3,0.02,0,1.118
2022/6/28 6:00,26.7,79,1,22.8,0.39,0.9,3.347
2022/6/28 7:00,28.6,72,1,23.1,1.05,1,5.33
2022/6/28 8:00,29.8,71,1,24,1.69,1,6.709
2022/6/28 9:00,31.2,67,1,24.3,2.27,1,7.349
2022/6/28 10:00,31.6,60,1,22.9,2.79,1,7.497
2022/6/28 11:00,33.1,56,1,23.1,3.19,1,7.451
2022/6/28 12:00,32.6,57,1,23,3.36,1,7.049
2022/6/28 13:00,34.3,58,1,24.9,3.32,1,5.975
2022/6/28 14:00,34,51,1,22.4,3.07,1,4.517
2022/6/28 15:00,34.2,57,1,24.5,2.6,1,2.539
2022/6/28 16:00,32.6,60,1,23.8,2,1,0.888
2022/6/28 17:00,31.2,65,1,23.8,1.4,1,0.36
2022/6/28 18:00,29.7,69,1,23.4,0.59,1,0.0877
2022/6/28 19:00,29,70,0,23,0.09,0.1,0
2022/6/28 20:00,27.9,73,0,22.6,0,0,0
2022/6/28 21:00,27.6,75,0,22.8,0,0,0
2022/6/28 22:00,27.3,77,0,22.9,0,0,0
2022/6/28 23:00,26.3,82,0,23,0,0,0
2022/6/29 0:00,25.7,85,0,23,0,0,0
2022/6/29 1:00,25.8,85,0,23.1,0,0,0
2022/6/29 2:00,25.9,86,0,23.4,0,0,0
2022/6/29 3:00,25.9,87,0,23.6,0,0,0
2022/6/29 4:00,25.7,83,0,22.6,0,0,0.108
2022/6/29 5:00,26,83,1,22.9,0.02,0,0.964
2022/6/29 6:00,26.3,85,1,23.6,0.29,0.4,2.734
2022/6/29 7:00,28.7,75,1,23.8,0.8,0.9,5.026
2022/6/29 8:00,30.9,65,1,23.6,1.69,1,6.925
2022/6/29 9:00,31.1,60,1,22.4,2.42,1,8.065
2022/6/29 10:00,32.7,61,1,24.2,3.09,1,7.988
2022/6/29 11:00,32.9,57,1,23.3,3.47,1,7.291
2022/6/29 12:00,34,60,1,25.1,3.48,1,6.8
2022/6/29 13:00,34.6,56,1,24.5,3.48,1,5.906
2022/6/29 14:00,32.9,57,1,23.3,3.04,1,4.714
2022/6/29 15:00,32.9,59,1,23.8,2.57,1,2.583
2022/6/29 16:00,32.9,57,1,23.3,1.88,1,1.037
2022/6/29 17:00,31.9,59,1,22.9,1.18,1,0.63
2022/6/29 18:00,31.1,61,1,22.7,0.68,1,0.21
2022/6/29 19:00,29.7,65,0,22.4,0.17,0.2,0
2022/6/29 20:00,28.2,71,0,22.4,0,0,0
2022/6/29 21:00,27,77,0,22.6,0,0,0
2022/6/29 22:00,26.2,82,0,22.9,0,0,0
2022/6/29 23:00,25.8,85,0,23.1,0,0,0
2022/6/30 0:00,25.8,85,0,23.1,0,0,0
2022/6/30 1:00,25.7,87,0,23.4,0,0,0
2022/6/30 2:00,27.2,78,0,23,0,0,0
2022/6/30 3:00,26.3,79,0,22.4,0,0,0
2022/6/30 4:00,25.8,82,0,22.5,0,0,0.249
2022/6/30 5:00,26.4,80,1,22.7,0.03,0,1.5
2022/6/30 6:00,27.6,79,1,23.6,0.45,1,2.313
2022/6/30 7:00,30.3,65,1,23,1.09,1,5.238
2022/6/30 8:00,31.5,63,1,23.6,1.49,1,6.655
2022/6/30 9:00,33.1,55,1,22.9,2.19,1,7.256
2022/6/30 10:00,33.9,52,1,22.7,2.9,1,7.564
2022/6/30 11:00,34.8,50,1,22.8,3.21,1,7.343
2022/6/30 12:00,35.5,51,1,23.8,3.38,1,6.632
2022/6/30 13:00,35.7,47,1,22.6,3.35,1,5.815
2022/6/30 14:00,36,49,1,23.6,3.03,1,4.36
2022/6/30 15:00,35.6,50,1,23.6,2.59,1,2.584
2022/6/30 16:00,34.9,48,1,22.3,1.98,1,0.946
2022/6/30 17:00,33.5,54,1,22.9,1.3,1,0.46
2022/6/30 18:00,32.6,57,1,23,0.64,1,0.082
2022/6/30 19:00,30.9,65,0,23.6,0.12,0.2,0.02
2022/6/30 20:00,29.8,70,0,23.7,0,0,0
2022/6/30 21:00,29.6,70,0,23.6,0,0,0
2022/6/30 22:00,28.2,75,0,23.4,0,0,0
2022/6/30 23:00,27.4,82,0,24.1,0,0,0
2022/7/1 0:00,26.9,85,0,24.2,0,0,0
2022/7/1 1:00,26.4,87,0,24.1,0,0,0
2022/7/1 2:00,26.1,89,0,24.2,0,0,0
2022/7/1 3:00,25.8,89,0,23.9,0,0,0
2022/7/1 4:00,25.6,91,0,24,0,0,0.178
2022/7/1 5:00,26.7,79,1,22.8,0.02,0,1.22
2022/7/1 6:00,28.1,71,1,22.4,0.35,0.9,3.402
2022/7/1 7:00,30.1,67,1,23.3,0.98,1,5.207
2022/7/1 8:00,31.8,58,1,22.5,1.66,1,6.434
2022/7/1 9:00,32.8,54,1,22.3,2.29,1,7.158
2022/7/1 10:00,34.8,48,1,22.2,2.81,1,7.42
2022/7/1 11:00,35.9,47,1,22.8,3.15,1,7.282
2022/7/1 12:00,35.6,46,1,22.2,3.31,1,6.786
2022/7/1 13:00,36.1,44,1,21.9,3.27,1,6.042
2022/7/1 14:00,35.5,47,1,22.5,3.02,1,4.583
2022/7/1 15:00,35.7,48,1,23,2.57,1,2.478
2022/7/1 16:00,35.1,51,1,23.4,1.99,1,0.865
2022/7/1 17:00,32.5,60,1,23.7,0.89,0.6,0.219
2022/7/1 18:00,30.7,64,1,23.1,0.2,0,0.0273
2022/7/1 19:00,29.3,72,0,23.7,0.09,0,0
2022/7/1 20:00,27.8,81,0,24.2,0,0,0
2022/7/1 21:00,27.5,84,0,24.6,0,0,0
2022/7/1 22:00,27.3,84,0,24.4,0,0,0
2022/7/1 23:00,26.7,87,0,24.4,0,0,0
2022/7/2 0:00,26.7,87,0,24.4,0,0,0
2022/7/2 1:00,26.3,87,0,24,0,0,0
2022/7/2 2:00,26,87,0,23.7,0,0,0
2022/7/2 3:00,25.7,89,0,23.8,0,0,0
2022/7/2 4:00,26.4,88,0,24.3,0,0,0.171
2022/7/2 5:00,25.6,93,1,24.4,0.02,0,1.094
2022/7/2 6:00,27.1,87,1,24.8,0.34,0.8,3.194
2022/7/2 7:00,29,76,1,24.3,0.92,1,4.984
2022/7/2 8:00,31.4,68,1,24.8,1.6,1,6.317
2022/7/2 9:00,32,60,1,23.3,2.44,1,7.145
2022/7/2 10:00,32.5,64,1,24.8,2.61,0.8,7.826
2022/7/2 11:00,33.2,61,1,24.7,2.97,0.9,7.204
2022/7/2 12:00,34,61,1,25.4,3.25,1,7.095
2022/7/2 13:00,33.6,59,1,24.5,3.24,1,6.123
2022/7/2 14:00,34.3,57,1,24.6,2.99,1,4.369
2022/7/2 15:00,33,57,1,23.3,2.49,1,2.44
2022/7/2 16:00,31.5,63,1,23.6,1.18,0.5,1.082
2022/7/2 17:00,30.4,66,1,23.3,1.05,0.6,0.5
2022/7/2 18:00,29.6,71,1,23.8,0.3,0,0.111
2022/7/2 19:00,28.8,72,0,23.3,0.07,0,0
2022/7/2 20:00,27.9,77,0,23.5,0,0,0
2022/7/2 21:00,27.9,69,0,21.7,0,0,0
2022/7/2 22:00,27.5,71,0,21.8,0,0,0
2022/7/2 23:00,27.6,75,0,22.8,0,0,0
2022/7/3 0:00,27.1,78,0,22.9,0,0,0
2022/7/3 1:00,26.3,83,0,23.2,0,0,0
2022/7/3 2:00,25.8,86,0,23.3,0,0,0
2022/7/3 3:00,25.4,89,0,23.5,0,0,0
2022/7/3 4:00,25.4,92,0,24,0,0,0.371
2022/7/3 5:00,26.6,88,1,24.5,0.07,0,0.937
2022/7/3 6:00,27.1,86,1,24.6,0.21,0.2,0.96
2022/7/3 7:00,29,75,1,24.1,0.48,0.1,4.261
2022/7/3 8:00,30.7,69,1,24.4,1.48,0.4,4.478
2022/7/3 9:00,30.9,67,1,24.1,1.62,0.3,3.123
2022/7/3 10:00,29.8,77,1,25.3,0.93,0,3.67
2022/7/3 11:00,32.3,66,1,25.1,2.28,0.5,6.677
2022/7/3 12:00,34.2,57,1,24.5,3.22,0.9,4.286
2022/7/3 13:00,33.3,61,1,24.8,2.04,0.3,2.278
2022/7/3 14:00,30.7,73,1,25.3,0.68,0,1.083
2022/7/3 15:00,31.2,67,1,24.3,0.53,0,1.023
2022/7/3 16:00,30.6,64,1,23,0.48,0,0.588
2022/7/3 17:00,29.4,70,1,23.4,0.28,0,0.191
2022/7/3 18:00,28.5,74,1,23.4,0.14,0,0.0234
2022/7/3 19:00,29.1,73,0,23.8,0.02,0,0
2022/7/3 20:00,28.6,65,0,21.4,0,0,0
2022/7/3 21:00,27.5,71,0,21.8,0,0,0
2022/7/3 22:00,27.5,71,0,21.8,0,0,0
2022/7/3 23:00,27.3,72,0,21.8,0,0,0
2022/7/4 0:00,27,73,0,21.8,0,0,0
2022/7/4 1:00,27.4,72,0,21.9,0,0,0
2022/7/4 2:00,26.9,75,0,22.1,0,0,0
2022/7/4 3:00,26.5,79,0,22.6,0,0,0
2022/7/4 4:00,26.5,78,0,22.4,0,0,0.172
2022/7/4 5:00,26.8,77,1,22.4,0.03,0,0.32
2022/7/4 6:00,26.5,82,1,23.2,0.14,0,1.054
2022/7/4 7:00,26.4,84,1,23.5,0.35,0,0.763
2022/7/4 8:00,25.2,94,1,24.2,0.18,0,0.495
2022/7/4 9:00,24.4,98,1,24.1,0.14,0,1.313
2022/7/4 10:00,25,98,1,24.7,0.22,0,2.454
2022/7/4 11:00,26.3,98,1,26,0.93,0,2.224
2022/7/4 12:00,26.4,91,1,24.8,0.95,0,2.866
2022/7/4 13:00,26.5,87,1,24.2,1.03,0,3.138
2022/7/4 14:00,27.6,80,1,23.8,1.04,0,2.2
2022/7/4 15:00,28.8,72,1,23.3,0.97,0,2.075
2022/7/4 16:00,28.9,73,1,23.6,1.04,0,1.325
2022/7/4 17:00,28.3,71,1,22.5,0.61,0,0.581
2022/7/4 18:00,27.2,76,1,22.6,0.29,0,0.124
2022/7/4 19:00,26.9,76,0,22.3,0.1,0.1,0
2022/7/4 20:00,26.4,75,0,21.6,0,0,0
2022/7/4 21:00,25.7,76,0,21.2,0,0,0
2022/7/4 22:00,25.7,76,0,21.2,0,0,0
2022/7/4 23:00,25.9,76,0,21.4,0,0,0
2022/7/5 0:00,24.4,82,0,21.1,0,0,0
2022/7/5 1:00,24.2,83,0,21.1,0,0,0
2022/7/5 2:00,24.4,83,0,21.3,0,0,0
2022/7/5 3:00,24.5,87,0,22.2,0,0,0
2022/7/5 4:00,25.1,81,0,21.6,0,0,0.101
2022/7/5 5:00,24.5,82,1,21.2,0.03,0,0.514
2022/7/5 6:00,25.2,82,1,21.9,0.22,0,1.726
2022/7/5 7:00,27,76,1,22.4,0.73,0,4.23
2022/7/5 8:00,27.7,68,1,21.3,1.44,0.4,6.836
2022/7/5 9:00,29.6,68,1,23.1,2.13,1,7.567
2022/7/5 10:00,29.6,61,1,21.3,2.34,0.8,6.918
2022/7/5 11:00,31.9,59,1,22.9,2.61,0.7,6.689
2022/7/5 12:00,30.9,60,1,22.2,2.31,0.5,5.546
2022/7/5 13:00,27.9,69,1,21.7,1.91,0.1,2.765
2022/7/5 14:00,26.9,77,1,22.5,0.99,0,3.361
2022/7/5 15:00,27.3,77,1,22.9,1.32,0,1.737
2022/7/5 16:00,26.7,81,1,23.2,0.45,0,0.535
2022/7/5 17:00,25.1,89,1,23.2,0.25,0,0.384
2022/7/5 18:00,25.3,87,1,23,0.13,0,0.0729
2022/7/5 19:00,24.3,94,0,23.3,0.01,0,0
2022/7/5 20:00,24.2,94,0,23.2,0,0,0
2022/7/5 21:00,24.5,93,0,23.3,0,0,0
2022/7/5 22:00,24.7,92,0,23.3,0,0,0
2022/7/5 23:00,24.3,94,0,23.3,0,0,0
2022/7/6 0:00,23.9,99,0,23.7,0,0,0
2022/7/6 1:00,23.8,98,0,23.5,0,0,0
2022/7/6 2:00,23.9,97,0,23.4,0,0,0
2022/7/6 3:00,23.9,96,0,23.2,0,0,0
2022/7/6 4:00,23.8,97,0,23.3,0,0,0
2022/7/6 5:00,23.7,97,1,23.2,0.01,0,0.524
2022/7/6 6:00,24,96,1,23.3,0.08,0,1.361
2022/7/6 7:00,24.8,89,1,22.9,0.33,0,2.781
2022/7/6 8:00,25.7,85,1,23,0.48,0,3.529
2022/7/6 9:00,26.8,78,1,22.6,0.8,0,4.629
2022/7/6 10:00,28.6,69,1,22.4,1.48,0.1,5.552
2022/7/6 11:00,29,69,1,22.7,1.22,0.1,5.558
2022/7/6 12:00,29.5,66,1,22.5,2.12,0.4,3.911
2022/7/6 13:00,29.5,65,1,22.2,1.02,0.1,4.71
2022/7/6 14:00,28.8,68,1,22.3,1,0,2.844
2022/7/6 15:00,28.2,73,1,22.9,0.54,0,1.587
2022/7/6 16:00,29.3,71,1,23.5,0.75,0,0.971
2022/7/6 17:00,27.9,71,1,22.2,0.46,0,0.716
2022/7/6 18:00,26.9,77,1,22.5,0.4,0.3,0.259
2022/7/6 19:00,25.3,82,0,22,0.09,0,0
2022/7/6 20:00,24.8,84,0,21.9,0,0,0
2022/7/6 21:00,24.2,86,0,21.7,0,0,0
2022/7/6 22:00,23.6,89,0,21.7,0,0,0
2022/7/6 23:00,24.1,84,0,21.2,0,0,0
2022/7/7 0:00,24.1,84,0,21.2,0,0,0
2022/7/7 1:00,23.8,85,0,21.1,0,0,0
2022/7/7 2:00,23.2,91,0,21.7,0,0,0
2022/7/7 3:00,23.5,90,0,21.8,0,0,0
2022/7/7 4:00,23.8,88,0,21.7,0,0,0
2022/7/7 5:00,23.9,88,1,21.8,0.01,0,0.487
2022/7/7 6:00,24.3,85,1,21.6,0.13,0,1.12
2022/7/7 7:00,24.7,83,1,21.6,0.36,0,1.455
2022/7/7 8:00,25.8,78,1,21.7,0.76,0,2.774
2022/7/7 9:00,25.5,76,1,21,0.65,0,3.005
2022/7/7 10:00,25.9,74,1,20.9,0.67,0,2.891
2022/7/7 11:00,26.1,74,1,21.1,0.39,0,3.206
2022/7/7 12:00,27.4,67,1,20.7,1.38,0,2.658
2022/7/7 13:00,26.9,72,1,21.4,1.4,0.2,3.44
2022/7/7 14:00,29.3,62,1,21.3,2.26,0.4,3.88
2022/7/7 15:00,29.8,63,1,22,1.95,0.5,2.978
2022/7/7 16:00,28.4,63,1,20.7,1.48,0.5,1.258
2022/7/7 17:00,27.4,69,1,21.2,1.12,0.5,0.302
2022/7/7 18:00,26.5,68,1,20.1,0.59,0.8,0.0944
2022/7/7 19:00,25.5,72,0,20.1,0.14,0.4,0
2022/7/7 20:00,24.7,77,0,20.4,0,0,0
2022/7/7 21:00,24.2,79,0,20.3,0,0,0
2022/7/7 22:00,23.9,80,0,20.3,0,0,0
2022/7/7 23:00,23.7,80,0,20.1,0,0,0
2022/7/8 0:00,23.1,83,0,20.1,0,0,0
2022/7/8 1:00,23.7,80,0,20.1,0,0,0
2022/7/8 2:00,22.9,84,0,20.1,0,0,0
2022/7/8 3:00,22.8,85,0,20.2,0,0,0
2022/7/8 4:00,22.9,83,0,19.9,0,0,0
2022/7/8 5:00,23.4,80,1,19.8,0.01,0,1.798
2022/7/8 6:00,24.2,76,1,19.7,0.24,0.1,3.455
2022/7/8 7:00,25.6,65,1,18.5,0.93,0.7,4.824
2022/7/8 8:00,26.3,61,1,18.2,1.23,0.3,4.031
2022/7/8 9:00,27.2,57,1,18,1.89,0.4,4.348
2022/7/8 10:00,27.2,60,1,18.8,1.26,0,4.52
2022/7/8 11:00,28.4,59,1,19.6,1.49,0,4.958
2022/7/8 12:00,28.8,57,1,19.4,1.92,0.2,4.503
2022/7/8 13:00,29.2,59,1,20.4,2.05,0.3,4.999
2022/7/8 14:00,29.8,56,1,20.1,2.12,0.3,2.855
2022/7/8 15:00,29.6,53,1,19,1.65,0.3,2.56
2022/7/8 16:00,29.5,57,1,20.1,1.24,0.4,0.831
2022/7/8 17:00,28.6,58,1,19.5,1.44,1,0.292
2022/7/8 18:00,26.9,61,1,18.8,0.65,0.9,0.0384
2022/7/8 19:00,25.7,66,0,18.9,0.06,0.2,0
2022/7/8 20:00,25.1,66,0,18.3,0,0,0
2022/7/8 21:00,24.4,69,0,18.4,0,0,0
2022/7/8 22:00,24.6,69,0,18.5,0,0,0
2022/7/8 23:00,24.2,71,0,18.6,0,0,0
2022/7/9 0:00,23.9,73,0,18.8,0,0,0
2022/7/9 1:00,23.7,72,0,18.4,0,0,0
2022/7/9 2:00,24,73,0,18.9,0,0,0
2022/7/9 3:00,22.9,72,0,17.6,0,0,0
2022/7/9 4:00,22,77,0,17.8,0,0,0.166
2022/7/9 5:00,22.3,77,1,18.1,0.04,0,2.144
2022/7/9 6:00,23,75,1,18.3,0.55,0.9,2.88
2022/7/9 7:00,24.4,69,1,18.4,0.92,1,5.427
2022/7/9 8:00,25.4,68,1,19.1,1.59,1,6.364
2022/7/9 9:00,27.7,60,1,19.2,2.27,1,6.949
2022/7/9 10:00,29.3,59,1,20.5,2.59,1,7.309
2022/7/9 11:00,30.1,51,1,18.9,3.19,1,7.64
2022/7/9 12:00,30,52,1,19.1,2.74,0.6,7.078
2022/7/9 13:00,30.3,53,1,19.7,2.22,0.5,6.268
2022/7/9 14:00,30.8,51,1,19.5,2.99,1,4.872
2022/7/9 15:00,31.5,52,1,20.5,2.68,1,2.893
2022/7/9 16:00,29.7,55,1,19.7,2.17,1,0.963
2022/7/9 17:00,27.6,67,1,20.9,0.92,0.7,0.564
2022/7/9 18:00,27.1,73,1,21.8,0.46,0.1,0.177
2022/7/9 19:00,26.4,80,0,22.7,0.13,0,0
2022/7/9 20:00,26.1,83,0,23,0,0,0
2022/7/9 21:00,25.9,82,0,22.6,0,0,0
2022/7/9 22:00,26,82,0,22.7,0,0,0
2022/7/9 23:00,26.3,80,0,22.6,0,0,0
2022/7/10 0:00,26.1,80,0,22.4,0,0,0
2022/7/10 1:00,26,81,0,22.5,0,0,0
2022/7/10 2:00,26.4,78,0,22.3,0,0,0
2022/7/10 3:00,26,77,0,21.7,0,0,0
2022/7/10 4:00,25,83,0,21.9,0,0,0
2022/7/10 5:00,24.6,86,1,22.1,0.01,0,0.0872
2022/7/10 6:00,25.5,79,1,21.6,0.1,0,0.423
2022/7/10 7:00,25.7,79,1,21.8,0.27,0,1.039
2022/7/10 8:00,25.9,79,1,22,0.38,0,1.67
2022/7/10 9:00,27.5,74,1,22.5,0.93,0,4.435
2022/7/10 10:00,28.8,74,1,23.7,1.9,0.2,7.527
2022/7/10 11:00,29.8,67,1,23,2.71,0.7,6.407
2022/7/10 12:00,30.2,66,1,23.1,2.51,0.4,7.314
2022/7/10 13:00,29.8,66,1,22.8,2.97,0.7,6.372
2022/7/10 14:00,31.4,65,1,24,2.85,0.9,4.75
2022/7/10 15:00,30.2,61,1,21.8,2.6,1,2.594
2022/7/10 16:00,30.1,60,1,21.5,2.03,1,0.821
2022/7/10 17:00,29.5,62,1,21.5,1.27,1,0.467
2022/7/10 18:00,28.1,68,1,21.6,0.69,1,0.209
2022/7/10 19:00,27.2,76,0,22.6,0.14,0.4,0
2022/7/10 20:00,26.6,80,0,22.9,0,0,0
2022/7/10 21:00,26.3,84,0,23.4,0,0,0
2022/7/10 22:00,25.9,86,0,23.4,0,0,0
2022/7/10 23:00,25.6,89,0,23.7,0,0,0
2022/7/11 0:00,25.5,89,0,23.6,0,0,0
2022/7/11 1:00,25.3,90,0,23.5,0,0,0
2022/7/11 2:00,25.4,89,0,23.5,0,0,0
2022/7/11 3:00,25.5,86,0,23,0,0,0
2022/7/11 4:00,25.6,85,0,22.9,0,0,0.0936
2022/7/11 5:00,25.3,89,1,23.4,0.01,0,1.105
2022/7/11 6:00,25,90,1,23.3,0.13,0,3.666
2022/7/11 7:00,26.3,84,1,23.4,0.3,0,5.439
2022/7/11 8:00,27.9,77,1,23.5,1.28,0.5,6.825
2022/7/11 9:00,28,81,1,24.4,0.72,0.1,7.441
2022/7/11 10:00,28.8,78,1,24.6,0.89,0.1,7.471
2022/7/11 11:00,29.6,68,1,23.1,1.58,0.4,7.331
2022/7/11 12:00,31.8,58,1,22.5,2.39,0.6,6.494
2022/7/11 13:00,33,52,1,21.8,3.44,1,6.011
2022/7/11 14:00,33.6,50,1,21.7,3.04,1,4.574
2022/7/11 15:00,32.6,55,1,22.4,2.65,1,2.481
2022/7/11 16:00,30.8,63,1,22.9,1.83,1,1.115
2022/7/11 17:00,30,65,1,22.7,1.08,0.9,0.552
2022/7/11 18:00,29.2,68,1,22.7,0.58,0.7,0.113
2022/7/11 19:00,28.4,72,0,22.9,0.07,0,0
2022/7/11 20:00,27.9,75,0,23.1,0,0,0
2022/7/11 21:00,26.9,78,0,22.7,0,0,0
2022/7/11 22:00,26.4,81,0,22.9,0,0,0
2022/7/11 23:00,25.8,84,0,22.9,0,0,0
2022/7/12 0:00,25.7,85,0,23,0,0,0
2022/7/12 1:00,25.7,84,0,22.8,0,0,0
2022/7/12 2:00,25.4,86,0,22.9,0,0,0
2022/7/12 3:00,25.6,82,0,22.3,0,0,0
2022/7/12 4:00,25.3,84,0,22.4,0,0,0
2022/7/12 5:00,25.4,84,1,22.5,0,0,0.388
2022/7/12 6:00,25.7,83,1,22.6,0.09,0,1.147
2022/7/12 7:00,26.1,83,1,23,0.36,0,1.915
2022/7/12 8:00,26.4,80,1,22.7,0.5,0,4.472
2022/7/12 9:00,26.9,81,1,23.4,0.7,0,4.857
2022/7/12 10:00,27.6,75,1,22.8,1.11,0,3.994
2022/7/12 11:00,27.5,76,1,22.9,0.95,0,2.537
2022/7/12 12:00,27.4,80,1,23.6,0.59,0,2.482
2022/7/12 13:00,28.2,70,1,22.2,0.65,0,2.529
2022/7/12 14:00,27.3,78,1,23.1,0.48,0,0.775
2022/7/12 15:00,27.5,77,1,23.1,0.49,0,1.906
2022/7/12 16:00,27.1,78,1,22.9,0.61,0,1.072
2022/7/12 17:00,26.2,81,1,22.7,0.18,0,0.295
2022/7/12 18:00,26,82,1,22.7,0.12,0,0.0269
2022/7/12 19:00,25.4,89,0,23.5,0.01,0,0
2022/7/12 20:00,24.5,98,0,24.2,0,0,0
2022/7/12 21:00,23.6,100,0,23.6,0,0,0
2022/7/12 22:00,24.3,98,0,24,0,0,0
2022/7/12 23:00,23.5,100,0,23.5,0,0,0
2022/7/13 0:00,22.8,100,0,22.8,0,0,0
2022/7/13 1:00,22.9,100,0,22.9,0,0,0
2022/7/13 2:00,23,100,0,23,0,0,0
2022/7/13 3:00,22.7,100,0,22.7,0,0,0
2022/7/13 4:00,22.8,100,0,22.8,0,0,0
2022/7/13 5:00,22.6,100,1,22.6,0,0,0.094
2022/7/13 6:00,22.8,100,1,22.8,0.03,0,0.44
2022/7/13 7:00,23.2,100,1,23.2,0.11,0,0.72
2022/7/13 8:00,23.4,100,1,23.4,0.18,0,1.084
2022/7/13 9:00,23.7,100,1,23.7,0.37,0,1.719
2022/7/13 10:00,24.3,98,1,24,0.63,0,3.473
2022/7/13 11:00,25,95,1,24.2,0.69,0,2.488
2022/7/13 12:00,23.8,100,1,23.8,0.18,0,5.088
2022/7/13 13:00,24.1,100,1,24.1,0.24,0,3.617
2022/7/13 14:00,24.1,99,1,23.9,0.28,0,1.329
2022/7/13 15:00,24.9,98,1,24.6,0.54,0,0.711
2022/7/13 16:00,24.5,96,1,23.8,0.5,0,0.94
2022/7/13 17:00,24.3,95,1,23.5,0.3,0,0.449
2022/7/13 18:00,24.2,95,1,23.4,0.13,0,0.128
2022/7/13 19:00,24.2,92,0,22.8,0.03,0,0
2022/7/13 20:00,23.7,95,0,22.9,0,0,0
2022/7/13 21:00,23.3,98,0,23,0,0,0
2022/7/13 22:00,23.3,98,0,23,0,0,0
2022/7/13 23:00,23.5,97,0,23,0,0,0
2022/7/14 0:00,23.4,97,0,22.9,0,0,0
2022/7/14 1:00,23.3,98,0,23,0,0,0
2022/7/14 2:00,23.4,97,0,22.9,0,0,0
2022/7/14 3:00,23.3,96,0,22.6,0,0,0
2022/7/14 4:00,23.3,96,0,22.6,0,0,0
2022/7/14 5:00,23.4,95,1,22.6,0.01,0,0.2
2022/7/14 6:00,23,98,1,22.7,0.09,0,1.92
2022/7/14 7:00,23.7,94,1,22.7,0.32,0,2.949
2022/7/14 8:00,24.6,87,1,22.3,0.64,0,2.788
2022/7/14 9:00,25.1,86,1,22.6,0.86,0,4.825
2022/7/14 10:00,25.2,84,1,22.3,0.87,0,2.8
2022/7/14 11:00,26.8,82,1,23.5,1.71,0.1,1.62
2022/7/14 12:00,25.4,87,1,23.1,0.71,0,2
2022/7/14 13:00,24.2,94,1,23.2,0.45,0,1.257
2022/7/14 14:00,23.9,97,1,23.4,0.48,0,1.022
2022/7/14 15:00,23.6,97,1,23.1,0.3,0,0.493
2022/7/14 16:00,23.5,99,1,23.3,0.27,0,0.168
2022/7/14 17:00,23.4,99,1,23.2,0.12,0,0.0708
2022/7/14 18:00,23.1,99,1,22.9,0.05,0,0.0133
2022/7/14 19:00,23,100,0,23,0.01,0,0
2022/7/14 20:00,23,99,0,22.8,0,0,0
2022/7/14 21:00,22.9,100,0,22.9,0,0,0
2022/7/14 22:00,23,99,0,22.8,0,0,0
2022/7/14 23:00,23,100,0,23,0,0,0
2022/7/15 0:00,23.1,100,0,23.1,0,0,0
2022/7/15 1:00,23.2,100,0,23.2,0,0,0
2022/7/15 2:00,23.2,100,0,23.2,0,0,0
2022/7/15 3:00,23.4,99,0,23.2,0,0,0
2022/7/15 4:00,23.3,100,0,23.3,0,0,0
2022/7/15 5:00,23.5,100,1,23.5,0,0,0.0505
2022/7/15 6:00,23.5,100,1,23.5,0.05,0,1.723
2022/7/15 7:00,23.9,96,1,23.2,0.31,0,1.569
2022/7/15 8:00,24,93,1,22.8,0.25,0,1.725
2022/7/15 9:00,23.8,97,1,23.3,0.39,0,0.372
2022/7/15 10:00,23.4,100,1,23.4,0.11,0,1.301
2022/7/15 11:00,23.5,96,1,22.8,0.67,0,2.128
2022/7/15 12:00,24.6,97,1,24.1,0.88,0,1.931
2022/7/15 13:00,25.3,94,1,24.3,0.57,0,1.536
2022/7/15 14:00,24.7,96,1,24,0.44,0,0.443
2022/7/15 15:00,24.4,97,1,23.9,0.24,0,0.0806
2022/7/15 16:00,24.1,100,1,24.1,0.03,0,0.0254
2022/7/15 17:00,24,100,1,24,0.02,0,0
2022/7/15 18:00,23.9,100,1,23.9,0.01,0,0
2022/7/15 19:00,23.6,100,0,23.6,0,0,0
2022/7/15 20:00,23.4,100,0,23.4,0,0,0
2022/7/15 21:00,23.5,100,0,23.5,0,0,0
2022/7/15 22:00,23.7,100,0,23.7,0,0,0
2022/7/15 23:00,23.7,100,0,23.7,0,0,0
2022/7/16 0:00,23.6,100,0,23.6,0,0,0
2022/7/16 1:00,23.6,100,0,23.6,0,0,0
2022/7/16 2:00,23.5,100,0,23.5,0,0,0
2022/7/16 3:00,23.5,100,0,23.5,0,0,0
2022/7/16 4:00,23.5,100,0,23.5,0,0,0
2022/7/16 5:00,22.9,100,1,22.9,0,0,0.0781
2022/7/16 6:00,22.9,100,1,22.9,0.01,0,0.118
2022/7/16 7:00,22.8,100,1,22.8,0.09,0,0.202
2022/7/16 8:00,23,100,1,23,0.19,0,0.572
2022/7/16 9:00,22.9,100,1,22.9,0.36,0,0.652
2022/7/16 10:00,23.1,100,1,23.1,0.39,0,1.067
2022/7/16 11:00,23.2,100,1,23.2,0.23,0,1.27
2022/7/16 12:00,23.5,100,1,23.5,0.23,0,2.333
2022/7/16 13:00,24.2,99,1,24,0.48,0,1.504
2022/7/16 14:00,24.2,98,1,23.9,0.42,0,1.368
2022/7/16 15:00,24.4,99,1,24.2,0.39,0,0.949
2022/7/16 16:00,24.3,99,1,24.1,0.34,0,0.577
2022/7/16 17:00,24.4,99,1,24.2,0.42,0,0.391
2022/7/16 18:00,24.3,99,1,24.1,0.19,0,0.0527
2022/7/16 19:00,23.4,100,0,23.4,0.04,0,0
2022/7/16 20:00,23.7,99,0,23.5,0,0,0
2022/7/16 21:00,23.3,99,0,23.1,0,0,0
2022/7/16 22:00,23,100,0,23,0,0,0
2022/7/16 23:00,23,100,0,23,0,0,0
2022/7/17 0:00,22.8,99,0,22.6,0,0,0
2022/7/17 1:00,23.1,100,0,23.1,0,0,0
2022/7/17 2:00,22.9,100,0,22.9,0,0,0
2022/7/17 3:00,22.1,100,0,22.1,0,0,0
2022/7/17 4:00,22.4,100,0,22.4,0,0,0
2022/7/17 5:00,22.8,100,1,22.8,0.01,0,0.193
2022/7/17 6:00,22.9,100,1,22.9,0.13,0,1.103
2022/7/17 7:00,23.3,100,1,23.3,0.35,0,3.388
2022/7/17 8:00,24.1,89,1,22.2,1.39,0.6,1.208
2022/7/17 9:00,24.8,89,1,22.9,0.59,0,2.816
2022/7/17 10:00,25.7,82,1,22.4,1.1,0,4.223
2022/7/17 11:00,26.3,83,1,23.2,1.44,0.1,5.014
2022/7/17 12:00,26.6,82,1,23.3,1.72,0.2,4.917
2022/7/17 13:00,27.3,79,1,23.3,2.97,0.9,5.857
2022/7/17 14:00,26.7,84,1,23.8,2.21,0.5,4.036
2022/7/17 15:00,28.7,79,1,24.7,2.71,0.9,2.664
2022/7/17 16:00,29.4,78,1,25.2,1.95,0.9,0.88
2022/7/17 17:00,28.6,81,1,25,0.69,0.3,0.319
2022/7/17 18:00,27.8,83,1,24.7,0.64,0.9,0.0669
2022/7/17 19:00,26.8,85,0,24.1,0.1,0.2,0
2022/7/17 20:00,26.2,87,0,23.9,0,0,0
2022/7/17 21:00,25.5,88,0,23.4,0,0,0
2022/7/17 22:00,25.5,88,0,23.4,0,0,0
2022/7/17 23:00,24.8,87,0,22.5,0,0,0
2022/7/18 0:00,24.1,91,0,22.5,0,0,0
2022/7/18 1:00,23.8,96,0,23.1,0,0,0
2022/7/18 2:00,23.4,98,0,23.1,0,0,0
2022/7/18 3:00,23.2,99,0,23,0,0,0
2022/7/18 4:00,23.3,98,0,23,0,0,0
2022/7/18 5:00,23.7,98,1,23.4,0.02,0,0.938
2022/7/18 6:00,25.1,94,1,24.1,0.33,0.4,1.202
2022/7/18 7:00,25.9,91,1,24.3,0.49,0.1,1.09
2022/7/18 8:00,26.8,83,1,23.7,0.68,0.1,2.605
2022/7/18 9:00,27.1,80,1,23.4,1.2,0.2,3.914
2022/7/18 10:00,28.7,76,1,24.1,1.72,0.4,7.386
2022/7/18 11:00,30.6,72,1,25,2.97,1,7.167
2022/7/18 12:00,30.8,67,1,24,3.22,1,6.409
2022/7/18 13:00,30.3,68,1,23.7,2.94,1,5.538
2022/7/18 14:00,31.6,65,1,24.2,2.74,0.9,4.712
2022/7/18 15:00,31.5,60,1,22.8,2.61,0.9,2.754
2022/7/18 16:00,30.1,65,1,22.8,1.64,0.7,1.236
2022/7/18 17:00,30.4,65,1,23.1,0.76,0.2,0.648
2022/7/18 18:00,29.5,68,1,23,0.53,0.4,0.209
2022/7/18 19:00,28.1,73,0,22.8,0.1,0,0
2022/7/18 20:00,27.2,77,0,22.8,0,0,0
2022/7/18 21:00,27.3,76,0,22.7,0,0,0
2022/7/18 22:00,27.7,76,0,23.1,0,0,0
2022/7/18 23:00,27.6,77,0,23.2,0,0,0
2022/7/19 0:00,27.3,77,0,22.9,0,0,0
2022/7/19 1:00,27.1,75,0,22.3,0,0,0
2022/7/19 2:00,27.4,74,0,22.4,0,0,0
2022/7/19 3:00,27,76,0,22.4,0,0,0
2022/7/19 4:00,27.3,74,0,22.3,0,0,0
2022/7/19 5:00,27,75,1,22.2,0,0,0.26
2022/7/19 6:00,26.7,81,1,23.2,0.12,0,2.037
2022/7/19 7:00,27.4,82,1,24.1,0.59,0,2.752
2022/7/19 8:00,28.3,81,1,24.7,0.89,0,2.063
2022/7/19 9:00,28.4,81,1,24.8,0.72,0,2.493
2022/7/19 10:00,29.1,77,1,24.7,1.08,0,3.672
2022/7/19 11:00,30.1,71,1,24.3,2.07,0.4,2.578
2022/7/19 12:00,28.7,79,1,24.7,1.14,0,2.339
2022/7/19 13:00,28.6,82,1,25.2,1.42,0,3.502
2022/7/19 14:00,28.2,81,1,24.6,1.08,0,1.975
2022/7/19 15:00,27.4,90,1,25.6,0.6,0,1.063
2022/7/19 16:00,27,92,1,25.6,0.32,0,0.278
2022/7/19 17:00,26.4,90,1,24.6,0.17,0,0.193
2022/7/19 18:00,26.6,88,1,24.5,0.2,0,0.117
2022/7/19 19:00,26.5,88,0,24.4,0.05,0,0
2022/7/19 20:00,26,91,0,24.4,0,0,0
2022/7/19 21:00,26.6,87,0,24.3,0,0,0
2022/7/19 22:00,26.6,86,0,24.1,0,0,0
2022/7/19 23:00,26.4,89,0,24.4,0,0,0
2022/7/20 0:00,26,90,0,24.2,0,0,0
2022/7/20 1:00,26.1,90,0,24.3,0,0,0
2022/7/20 2:00,26.4,89,0,24.4,0,0,0
2022/7/20 3:00,26.4,88,0,24.3,0,0,0
2022/7/20 4:00,25.6,92,0,24.2,0,0,0
2022/7/20 5:00,24.9,97,1,24.4,0.01,0,0.369
2022/7/20 6:00,25.9,92,1,24.5,0.16,0,2.406
2022/7/20 7:00,27.7,84,1,24.8,0.76,0.8,3.528
2022/7/20 8:00,29.4,73,1,24.1,1.45,0.9,5.543
2022/7/20 9:00,31.1,56,1,21.3,1.85,0.8,6.299
2022/7/20 10:00,31.6,52,1,20.6,2.11,0.7,5.965
2022/7/20 11:00,33,47,1,20.2,2.47,0.5,5.637
2022/7/20 12:00,32.9,44,1,19,3,0.8,4.703
2022/7/20 13:00,33,46,1,19.9,2.41,0.3,5.072
2022/7/20 14:00,33.5,44,1,19.6,2.72,0.9,4.12
2022/7/20 15:00,33.9,45,1,20.3,2.47,0.9,2.696
2022/7/20 16:00,33.6,42,1,18.9,1.67,0.6,1.418
2022/7/20 17:00,32.2,44,1,18.4,1.09,0.6,0.648
2022/7/20 18:00,32.1,42,1,17.6,0.45,0.2,0.164
2022/7/20 19:00,31.8,43,0,17.7,0.12,0.1,0
2022/7/20 20:00,29.6,60,0,21,0,0,0
2022/7/20 21:00,29,64,0,21.5,0,0,0
2022/7/20 22:00,28.5,66,0,21.5,0,0,0
2022/7/20 23:00,26.9,76,0,22.3,0,0,0
2022/7/21 0:00,27.3,72,0,21.8,0,0,0
2022/7/21 1:00,26.4,75,0,21.6,0,0,0
2022/7/21 2:00,26.6,74,0,21.6,0,0,0
2022/7/21 3:00,26.3,72,0,20.9,0,0,0
2022/7/21 4:00,25.3,75,0,20.6,0,0,0
2022/7/21 5:00,25.2,79,1,21.3,0.01,0,0.689
2022/7/21 6:00,26.3,76,1,21.7,0.14,0,2.49
2022/7/21 7:00,27.3,77,1,22.9,0.59,0.2,3.926
2022/7/21 8:00,28.4,68,1,21.9,1.32,0.7,5.377
2022/7/21 9:00,29.9,63,1,22.1,1.91,0.8,6.417
2022/7/21 10:00,30.7,62,1,22.6,2.42,0.9,6.757
2022/7/21 11:00,30.8,59,1,21.9,2.72,0.9,7.054
2022/7/21 12:00,31.7,61,1,23.3,2.8,0.7,5.233
2022/7/21 13:00,31.7,62,1,23.5,2.4,0.6,6.068
2022/7/21 14:00,31.5,60,1,22.8,2.96,0.9,4.378
2022/7/21 15:00,30.3,67,1,23.5,2,0.6,1.848
2022/7/21 16:00,29.4,71,1,23.6,0.67,0,1.097
2022/7/21 17:00,28.8,74,1,23.7,0.27,0,0.236
2022/7/21 18:00,26.7,87,1,24.4,0.09,0,0.0357
2022/7/21 19:00,26.9,85,0,24.2,0.02,0,0
2022/7/21 20:00,27,86,0,24.5,0,0,0
2022/7/21 21:00,27,87,0,24.7,0,0,0
2022/7/21 22:00,26.9,88,0,24.8,0,0,0
2022/7/21 23:00,26.9,87,0,24.6,0,0,0
2022/7/22 0:00,26.9,89,0,24.9,0,0,0
2022/7/22 1:00,26.8,90,0,25,0,0,0
2022/7/22 2:00,26.5,90,0,24.7,0,0,0
2022/7/22 3:00,26.3,90,0,24.5,0,0,0
2022/7/22 4:00,26.3,90,0,24.5,0,0,0
2022/7/22 5:00,26.4,87,1,24.1,0.01,0,0.892
2022/7/22 6:00,26.8,86,1,24.3,0.26,0.2,2.401
2022/7/22 7:00,27.9,83,1,24.8,0.66,0.3,2.029
2022/7/22 8:00,29.5,77,1,25,1.16,0.4,4.718
2022/7/22 9:00,27.6,84,1,24.7,0.46,0,0.892
2022/7/22 10:00,26.3,97,1,25.8,0.13,0,1.294
2022/7/22 11:00,28.7,96,1,28,0.7,0,3.677
2022/7/22 12:00,29.7,84,1,26.7,1.71,0.2,5.237
2022/7/22 13:00,31.3,74,1,26.1,2.63,0.6,6.274
2022/7/22 14:00,32.5,71,1,26.6,3.04,1,4.66
2022/7/22 15:00,31.7,66,1,24.6,2.46,1,2.646
2022/7/22 16:00,31.8,69,1,25.4,2.04,1,0.885
2022/7/22 17:00,30.5,70,1,24.4,1.35,1,0.323
2022/7/22 18:00,29.3,74,1,24.2,0.65,1,0.0952
2022/7/22 19:00,28.3,75,0,23.4,0.12,0.5,0
2022/7/22 20:00,27.5,80,0,23.7,0,0,0
2022/7/22 21:00,27.3,81,0,23.8,0,0,0
2022/7/22 22:00,27.5,78,0,23.3,0,0,0
2022/7/22 23:00,27.2,78,0,23,0,0,0
2022/7/23 0:00,26.5,80,0,22.8,0,0,0
2022/7/23 1:00,26.5,81,0,23,0,0,0
2022/7/23 2:00,26.4,81,0,22.9,0,0,0
2022/7/23 3:00,26.3,81,0,22.8,0,0,0
2022/7/23 4:00,25.5,85,0,22.8,0,0,0
2022/7/23 5:00,25.1,89,1,23.2,0.01,0,1.139
2022/7/23 6:00,26.3,89,1,24.3,0.2,0,3.443
2022/7/23 7:00,26.8,87,1,24.5,0.25,0,5.326
2022/7/23 8:00,27.8,82,1,24.5,0.88,0.1,4.964
2022/7/23 9:00,29.5,76,1,24.8,1.7,0.6,6.853
2022/7/23 10:00,30,68,1,23.5,1.63,0.3,7.473
2022/7/23 11:00,33.6,67,1,26.6,2.8,0.8,7.567
2022/7/23 12:00,32.4,66,1,25.2,3.08,0.9,7.112
2022/7/23 13:00,31.7,59,1,22.7,3.32,1,6.239
2022/7/23 14:00,32.2,56,1,22.3,3.06,1,4.705
2022/7/23 15:00,32.6,57,1,23,2.6,1,2.649
2022/7/23 16:00,31.6,58,1,22.3,1.84,1,0.815
2022/7/23 17:00,30.7,62,1,22.6,1.05,0.8,0.296
2022/7/23 18:00,30.1,59,1,21.2,0.52,0.6,0.0633
2022/7/23 19:00,28.6,66,0,21.6,0.08,0,0
2022/7/23 20:00,28,71,0,22.3,0,0,0
2022/7/23 21:00,27.5,77,0,23.1,0,0,0
2022/7/23 22:00,27.1,80,0,23.4,0,0,0
2022/7/23 23:00,26.5,82,0,23.2,0,0,0
2022/7/24 0:00,25.7,86,0,23.2,0,0,0
2022/7/24 1:00,25.7,86,0,23.2,0,0,0
2022/7/24 2:00,25.4,88,0,23.3,0,0,0
2022/7/24 3:00,25.1,89,0,23.2,0,0,0
2022/7/24 4:00,26.6,82,0,23.3,0,0,0
2022/7/24 5:00,25.6,85,1,22.9,0.01,0,0.742
2022/7/24 6:00,25.9,84,1,23,0.22,0.4,2.036
2022/7/24 7:00,27.2,83,1,24.1,0.73,0.5,2.712
2022/7/24 8:00,27.1,77,1,22.7,0.98,0.2,4.95
2022/7/24 9:00,29.1,69,1,22.8,2.13,0.8,7.518
2022/7/24 10:00,29.7,66,1,22.7,1.84,0.4,7.873
2022/7/24 11:00,30.9,62,1,22.8,2.52,0.6,7.955
2022/7/24 12:00,32.2,58,1,22.9,3.49,1,7.181
2022/7/24 13:00,31.7,57,1,22.1,3.18,0.9,6.343
2022/7/24 14:00,31.8,63,1,23.9,2.6,0.8,4.743
2022/7/24 15:00,31,65,1,23.7,2.56,1,2.489
2022/7/24 16:00,31.1,59,1,22.1,1.8,0.9,0.817
2022/7/24 17:00,30.1,64,1,22.5,1.3,0.9,0.312
2022/7/24 18:00,28.9,69,1,22.6,0.54,0.8,0.0601
2022/7/24 19:00,27.8,76,0,23.2,0.08,0.1,0
2022/7/24 20:00,27.3,78,0,23.1,0,0,0
2022/7/24 21:00,27.4,72,0,21.9,0,0,0
2022/7/24 22:00,27,75,0,22.2,0,0,0
2022/7/24 23:00,27,73,0,21.8,0,0,0
2022/7/25 0:00,27,73,0,21.8,0,0,0
2022/7/25 1:00,26.8,74,0,21.8,0,0,0
2022/7/25 2:00,26.2,76,0,21.6,0,0,0
2022/7/25 3:00,25.8,78,0,21.7,0,0,0
2022/7/25 4:00,26.1,77,0,21.8,0,0,0
2022/7/25 5:00,25.8,79,1,21.9,0.01,0,1.008
2022/7/25 6:00,26.5,78,1,22.4,0.34,0.8,3.855
2022/7/25 7:00,28,70,1,22,0.98,1,5.729
2022/7/25 8:00,30.2,63,1,22.4,1.65,1,7.033
2022/7/25 9:00,31.5,53,1,20.8,2.28,1,7.695
2022/7/25 10:00,31.9,56,1,22,2.75,1,7.9
2022/7/25 11:00,32.2,61,1,23.7,3.08,1,7.9
2022/7/25 12:00,32.3,66,1,25.1,3.23,1,7.409
2022/7/25 13:00,31.4,68,1,24.8,3.17,0.9,6.354
2022/7/25 14:00,32,68,1,25.4,1.96,0.5,4.905
2022/7/25 15:00,32.5,67,1,25.6,2.42,0.9,2.743
2022/7/25 16:00,32,69,1,25.6,2.16,1,1.012
2022/7/25 17:00,30.4,75,1,25.5,1.3,0.9,0.551
2022/7/25 18:00,29,81,1,25.4,0.36,0.2,0.128
2022/7/25 19:00,28.7,82,0,25.3,0.03,0,0
2022/7/25 20:00,28.4,80,0,24.6,0,0,0
2022/7/25 21:00,28.3,83,0,25.1,0,0,0
2022/7/25 22:00,28.2,83,0,25,0,0,0
2022/7/25 23:00,27.9,86,0,25.3,0,0,0
2022/7/26 0:00,27.7,86,0,25.2,0,0,0
2022/7/26 1:00,27.2,88,0,25,0,0,0
2022/7/26 2:00,27.3,87,0,25,0,0,0
2022/7/26 3:00,27.1,89,0,25.1,0,0,0
2022/7/26 4:00,26.2,95,0,25.3,0,0,0
2022/7/26 5:00,26,99,1,25.8,0,0,0.0315
2022/7/26 6:00,25.8,100,1,25.8,0.02,0,0.0304
2022/7/26 7:00,25.9,100,1,25.9,0.06,0,0.0334
2022/7/26 8:00,25.7,100,1,25.7,0.15,0,0.204
2022/7/26 9:00,25.6,99,1,25.4,0.11,0,0.0516
2022/7/26 10:00,25.6,100,1,25.6,0.08,0,0.0417
2022/7/26 11:00,25.6,100,1,25.6,0.08,0,0.392
2022/7/26 12:00,25.6,100,1,25.6,0.13,0,1.362
2022/7/26 13:00,26,99,1,25.8,0.18,0,2.823
2022/7/26 14:00,26.6,98,1,26.3,0.55,0,3.675
2022/7/26 15:00,28.2,90,1,26.4,1.45,0.2,2.847
2022/7/26 16:00,27.6,89,1,25.6,1.14,0.4,1.064
2022/7/26 17:00,27.5,91,1,25.9,0.34,0,0.691
2022/7/26 18:00,27.5,90,1,25.7,0.3,0,0.196
2022/7/26 19:00,27.5,89,0,25.5,0.04,0,0
2022/7/26 20:00,27.1,90,0,25.3,0,0,0
2022/7/26 21:00,26.9,91,0,25.3,0,0,0
2022/7/26 22:00,26.7,92,0,25.3,0,0,0
2022/7/26 23:00,26.9,91,0,25.3,0,0,0
2022/7/27 0:00,27,89,0,25,0,0,0
2022/7/27 1:00,26.7,89,0,24.7,0,0,0
2022/7/27 2:00,26.6,89,0,24.6,0,0,0
2022/7/27 3:00,26.6,89,0,24.6,0,0,0
2022/7/27 4:00,26.7,87,0,24.4,0,0,0
2022/7/27 5:00,26.5,86,1,24,0.01,0,0.493
2022/7/27 6:00,26.8,84,1,23.9,0.19,0,2.765
2022/7/27 7:00,28.2,80,1,24.4,0.89,0.7,5.26
2022/7/27 8:00,29.3,72,1,23.7,1.47,1,6.526
2022/7/27 9:00,30.6,71,1,24.7,2.01,1,7.541
2022/7/27 10:00,31.8,70,1,25.7,2.85,1,8.258
2022/7/27 11:00,31.8,67,1,24.9,3.2,0.9,8.196
2022/7/27 12:00,32.8,66,1,25.6,3.32,0.9,7.441
2022/7/27 13:00,32.5,62,1,24.3,2.95,0.8,6.272
2022/7/27 14:00,32.8,62,1,24.6,2.97,0.9,4.678
2022/7/27 15:00,32,66,1,24.9,2.34,0.9,2.339
2022/7/27 16:00,32.4,67,1,25.5,1.66,0.7,1.055
2022/7/27 17:00,31,68,1,24.4,1.46,1,0.198
2022/7/27 18:00,29.8,73,1,24.4,0.58,0.7,0.0801
2022/7/27 19:00,29.3,75,0,24.4,0.09,0.2,0
2022/7/27 20:00,28.6,77,0,24.2,0,0,0
2022/7/27 21:00,28.3,78,0,24.1,0,0,0
2022/7/27 22:00,28.1,77,0,23.7,0,0,0
2022/7/27 23:00,27.7,83,0,24.6,0,0,0
2022/7/28 0:00,27.5,86,0,25,0,0,0
2022/7/28 1:00,27.3,85,0,24.6,0,0,0
2022/7/28 2:00,27,86,0,24.5,0,0,0
2022/7/28 3:00,27,86,0,24.5,0,0,0
2022/7/28 4:00,26.1,88,0,24,0,0,0
2022/7/28 5:00,26.3,88,1,24.2,0.01,0,0.634
2022/7/28 6:00,26.7,86,1,24.2,0.24,0.5,2.061
2022/7/28 7:00,28.1,82,1,24.7,0.76,0.7,2.772
2022/7/28 8:00,28.7,79,1,24.7,1.41,0.7,6.906
2022/7/28 9:00,29.7,74,1,24.6,1.68,0.5,7.534
2022/7/28 10:00,30.8,72,1,25.2,1.76,0.4,8.027
2022/7/28 11:00,31.3,73,1,25.9,2.28,0.5,7.763
2022/7/28 12:00,32.2,70,1,26,2.63,0.7,7.357
2022/7/28 13:00,32.6,67,1,25.7,2.9,0.8,6.169
2022/7/28 14:00,32.2,64,1,24.5,3.08,1,4.673
2022/7/28 15:00,32.1,68,1,25.5,1.88,0.7,2.655
2022/7/28 16:00,31.5,67,1,24.6,2.04,1,0.689
2022/7/28 17:00,29.8,74,1,24.7,1.08,0.8,0.178
2022/7/28 18:00,29.1,78,1,24.9,0.16,0,0.0885
2022/7/28 19:00,28.5,81,0,24.9,0.01,0,0
2022/7/28 20:00,28.2,81,0,24.6,0,0,0
2022/7/28 21:00,27.2,88,0,25,0,0,0
2022/7/28 22:00,26.3,92,0,24.9,0,0,0
2022/7/28 23:00,25.6,95,0,24.7,0,0,0
2022/7/29 0:00,25.9,89,0,24,0,0,0
2022/7/29 1:00,26.8,86,0,24.3,0,0,0
2022/7/29 2:00,25.6,93,0,24.4,0,0,0
2022/7/29 3:00,26,88,0,23.9,0,0,0
2022/7/29 4:00,24.9,89,0,23,0,0,0
2022/7/29 5:00,25.1,87,1,22.8,0,0,0
2022/7/29 6:00,25.5,90,1,23.7,0.3,0.7,0
2022/7/29 7:00,27.1,79,1,23.1,0.75,0.7,0
2022/7/29 8:00,29.2,75,1,24.3,1.7,1,0
2022/7/29 9:00,30,70,1,23.9,1.84,0.7,0
2022/7/29 10:00,31.6,66,1,24.5,2.48,0.8,0
2022/7/29 11:00,32.6,62,1,24.4,3.3,1,0
2022/7/29 12:00,33.3,66,1,26.1,3,0.9,0
2022/7/29 13:00,32.8,62,1,24.6,3.36,1,0
2022/7/29 14:00,33,65,1,25.5,2.75,0.9,0
2022/7/29 15:00,32.4,65,1,25,2.3,0.9,0
2022/7/29 16:00,32.1,64,1,24.4,1.92,1,0
2022/7/29 17:00,30.8,70,1,24.7,1.31,1,0
2022/7/29 18:00,30,73,1,24.6,0.66,1,0
2022/7/29 19:00,29.2,75,0,24.3,0.1,0.1,0
2022/7/29 20:00,28.5,79,0,24.5,0,0,0
2022/7/29 21:00,28.6,80,0,24.8,0,0,0
2022/7/29 22:00,28.3,80,0,24.5,0,0,0
2022/7/29 23:00,27.8,81,0,24.2,0,0,0
2022/7/30 0:00,27.4,82,0,24.1,0,0,0
2022/7/30 1:00,27.6,80,0,23.8,0,0,0
2022/7/30 2:00,27.9,80,0,24.1,0,0,0
2022/7/30 3:00,27.6,81,0,24.1,0,0,0
2022/7/30 4:00,27.6,83,0,24.5,0,0,0
2022/7/30 5:00,26.6,90,1,24.8,0,0,0.91
2022/7/30 6:00,27.6,89,1,25.6,0.2,0.3,0.919
2022/7/30 7:00,28.1,87,1,25.7,0.41,0.2,2.141
2022/7/30 8:00,30.2,75,1,25.3,1.27,0.6,5.965
2022/7/30 9:00,31,68,1,24.4,2.03,0.7,7.274
2022/7/30 10:00,32.6,66,1,25.4,2.04,0.5,6.871
2022/7/30 11:00,32,68,1,25.4,2.58,0.6,7.622
2022/7/30 12:00,33.4,62,1,25.1,3.13,0.9,7.023
2022/7/30 13:00,33.7,62,1,25.4,3.27,1,6.118
2022/7/30 14:00,33.5,63,1,25.5,3.03,1,4.62
2022/7/30 15:00,32.9,63,1,24.9,2.53,1,2.599
2022/7/30 16:00,32.1,68,1,25.5,1.95,1,0.632
2022/7/30 17:00,31,71,1,25.1,0.91,1,0.13
2022/7/30 18:00,30.6,73,1,25.2,0.21,0,0.0501
2022/7/30 19:00,29.6,77,0,25.1,0.06,0.1,0
2022/7/30 20:00,29.4,78,0,25.2,0,0,0
2022/7/30 21:00,28.6,81,0,25,0,0,0
2022/7/30 22:00,28.2,81,0,24.6,0,0,0
2022/7/30 23:00,28.1,80,0,24.3,0,0,0
2022/7/31 0:00,27.8,83,0,24.7,0,0,0
2022/7/31 1:00,28,81,0,24.4,0,0,0
2022/7/31 2:00,28.3,82,0,24.9,0,0,0
2022/7/31 3:00,27.7,83,0,24.6,0,0,0
2022/7/31 4:00,27.7,87,0,25.3,0,0,0
2022/7/31 5:00,27.3,87,1,25,0,0,0.563
2022/7/31 6:00,28.5,81,1,24.9,0.23,0.3,3.533
2022/7/31 7:00,28.7,84,1,25.7,0.71,0.6,4.558
2022/7/31 8:00,31,72,1,25.4,1.53,0.9,6.449
2022/7/31 9:00,32.1,68,1,25.5,2.49,1,7.472
2022/7/31 10:00,33,65,1,25.5,1.72,0.1,7.934
2022/7/31 11:00,33.5,66,1,26.3,2.39,0.7,7.465
2022/7/31 12:00,34.6,64,1,26.8,3.25,1,6.949
2022/7/31 13:00,34.1,59,1,25,3.22,1,5.984
2022/7/31 14:00,34.4,61,1,25.8,3,1,4.451
2022/7/31 15:00,34.1,58,1,24.7,2.57,1,2.535
2022/7/31 16:00,33.3,62,1,25,1.58,1,0.92
2022/7/31 17:00,32.8,62,1,24.6,0.65,0.1,0.428
2022/7/31 18:00,31.2,72,1,25.6,0.64,0.7,0.101
2022/7/31 19:00,30.3,77,0,25.8,0.08,0.1,0
2022/7/31 20:00,29.9,76,0,25.2,0,0,0
2022/7/31 21:00,29,83,0,25.8,0,0,0
2022/7/31 22:00,29.8,81,0,26.2,0,0,0
2022/7/31 23:00,30.1,80,0,26.3,0,0,0
2022/8/1 0:00,28.7,78,0,24.5,0,0,0
2022/8/1 1:00,28.3,77,0,23.9,0,0,0
2022/8/1 2:00,27.4,81,0,23.9,0,0,0
2022/8/1 3:00,27.5,81,0,24,0,0,0
2022/8/1 4:00,27.8,78,0,23.6,0,0,0
2022/8/1 5:00,27.3,80,1,23.6,0,0,0.284
2022/8/1 6:00,27.8,82,1,24.5,0.11,0,1.863
2022/8/1 7:00,27.9,80,1,24.1,0.35,0,2.792
2022/8/1 8:00,31.1,66,1,24,1.33,0.8,6.095
2022/8/1 9:00,32,64,1,24.3,2.13,1,7.315
2022/8/1 10:00,33.3,61,1,24.8,2.32,1,7.433
2022/8/1 11:00,34.2,63,1,26.1,3.01,1,7.479
2022/8/1 12:00,34,58,1,24.6,3.13,1,6.848
2022/8/1 13:00,34.7,58,1,25.2,3.07,1,6.032
2022/8/1 14:00,34.5,63,1,26.4,2.96,1,4.347
2022/8/1 15:00,33.7,64,1,25.9,2.49,1,2.436
2022/8/1 16:00,33.4,63,1,25.4,1.83,1,0.977
2022/8/1 17:00,32.4,68,1,25.7,1.18,1,0.521
2022/8/1 18:00,31.3,70,1,25.2,0.57,0.8,0.102
2022/8/1 19:00,30.1,76,0,25.4,0.05,0,0
2022/8/1 20:00,30.1,75,0,25.2,0,0,0
2022/8/1 21:00,29.1,81,0,25.5,0,0,0
2022/8/1 22:00,28.7,85,0,25.9,0,0,0
2022/8/1 23:00,28.6,85,0,25.8,0,0,0
2022/8/2 0:00,30.1,75,0,25.2,0,0,0
2022/8/2 1:00,28.8,76,0,24.2,0,0,0
2022/8/2 2:00,28.5,76,0,23.9,0,0,0
2022/8/2 3:00,28.1,79,0,24.1,0,0,0
2022/8/2 4:00,28.9,74,0,23.8,0,0,0
2022/8/2 5:00,28.3,80,1,24.5,0,0,0.286
2022/8/2 6:00,28.6,80,1,24.8,0.08,0,0.833
2022/8/2 7:00,29.5,80,1,25.7,0.47,0.1,3.953
2022/8/2 8:00,31.6,71,1,25.7,1.3,0.9,5.097
2022/8/2 9:00,33,67,1,26.1,2.16,1,6.002
2022/8/2 10:00,34,66,1,26.7,2.49,1,7.408
2022/8/2 11:00,34.1,65,1,26.6,3.01,1,7.529
2022/8/2 12:00,34.6,63,1,26.5,3.24,1,6.921
2022/8/2 13:00,34.6,62,1,26.3,3.17,1,5.769
2022/8/2 14:00,35.2,62,1,26.8,2.8,1,4.126
2022/8/2 15:00,35.2,58,1,25.7,2.32,1,2.621
2022/8/2 16:00,34.4,59,1,25.2,1.81,1,1.403
2022/8/2 17:00,34.3,58,1,24.9,1.42,1,0.395
2022/8/2 18:00,33.4,61,1,24.9,0.46,0.7,0.0822
2022/8/2 19:00,32.1,67,0,25.2,0.05,0,0
2022/8/2 20:00,31.4,75,0,26.4,0,0,0
2022/8/2 21:00,31,76,0,26.3,0,0,0
2022/8/2 22:00,30,79,0,26,0,0,0
2022/8/2 23:00,29.5,83,0,26.3,0,0,0
2022/8/3 0:00,29.3,84,0,26.3,0,0,0
2022/8/3 1:00,29.1,86,0,26.5,0,0,0
2022/8/3 2:00,28.9,88,0,26.7,0,0,0
2022/8/3 3:00,28.3,92,0,26.9,0,0,0
2022/8/3 4:00,29.5,81,0,25.9,0,0,0
2022/8/3 5:00,29.1,84,1,26.1,0,0,0.849
2022/8/3 6:00,29,83,1,25.8,0.21,0.4,3.154
2022/8/3 7:00,30.4,76,1,25.7,0.91,1,4.722
2022/8/3 8:00,31.4,72,1,25.7,1.45,1,5.308
2022/8/3 9:00,32.8,65,1,25.4,2.11,1,7.027
2022/8/3 10:00,34,62,1,25.7,2.82,1,7.488
2022/8/3 11:00,35.5,54,1,24.8,2.95,0.9,7.388
2022/8/3 12:00,34.7,64,1,26.9,2.91,0.9,5.985
2022/8/3 13:00,35.4,63,1,27.3,3.13,0.9,5.796
2022/8/3 14:00,33.5,67,1,26.5,2.37,0.7,2.442
2022/8/3 15:00,32.2,75,1,27.2,0.51,0,1.668
2022/8/3 16:00,31.1,83,1,27.9,0.94,0.3,0.899
2022/8/3 17:00,32.5,79,1,28.4,0.59,0.2,0.49
2022/8/3 18:00,31.2,79,1,27.1,0.3,0,0.0467
2022/8/3 19:00,31.4,74,0,26.2,0.04,0,0
2022/8/3 20:00,30.8,79,0,26.7,0,0,0
2022/8/3 21:00,31.9,72,0,26.2,0,0,0
2022/8/3 22:00,31.9,71,0,26,0,0,0
2022/8/3 23:00,31,68,0,24.4,0,0,0
2022/8/4 0:00,29.3,75,0,24.4,0,0,0
2022/8/4 1:00,29,73,0,23.7,0,0,0
2022/8/4 2:00,26.9,82,0,23.6,0,0,0
2022/8/4 3:00,25.8,82,0,22.5,0,0,0
2022/8/4 4:00,24.6,86,0,22.1,0,0,0
2022/8/4 5:00,24.7,83,1,21.6,0,0,0.0235
2022/8/4 6:00,24.5,82,1,21.2,0.01,0,0.127
2022/8/4 7:00,24.6,83,1,21.5,0.03,0,0.441
2022/8/4 8:00,25.3,81,1,21.8,0.29,0,1.039
2022/8/4 9:00,25.3,85,1,22.6,0.59,0,0.471
2022/8/4 10:00,25.2,84,1,22.3,0.39,0,0.0313
2022/8/4 11:00,24.5,94,1,23.5,0.2,0,0.436
2022/8/4 12:00,25,89,1,23.1,0.3,0,1.024
2022/8/4 13:00,25.2,87,1,22.9,0.42,0,2.396
2022/8/4 14:00,26.3,85,1,23.6,0.75,0,1.504
2022/8/4 15:00,25.5,90,1,23.7,0.31,0,0.367
2022/8/4 16:00,25.8,83,1,22.7,0.12,0,0.031
2022/8/4 17:00,24.4,91,1,22.8,0.04,0,0.0268
2022/8/4 18:00,23.5,99,1,23.3,0.01,0,0
2022/8/4 19:00,22.7,98,0,22.4,0,0,0
2022/8/4 20:00,22.6,98,0,22.3,0,0,0
2022/8/4 21:00,22.5,98,0,22.2,0,0,0
2022/8/4 22:00,22.4,99,0,22.2,0,0,0
2022/8/4 23:00,22.5,98,0,22.2,0,0,0
2022/8/5 0:00,22.3,97,0,21.8,0,0,0
2022/8/5 1:00,22.4,98,0,22.1,0,0,0
2022/8/5 2:00,22.1,98,0,21.8,0,0,0
2022/8/5 3:00,22.1,96,0,21.4,0,0,0
2022/8/5 4:00,21.8,97,0,21.3,0,0,0
2022/8/5 5:00,21.9,95,1,21.1,0,0,0.282
2022/8/5 6:00,22.2,94,1,21.2,0.07,0,0.742
2022/8/5 7:00,22.9,91,1,21.4,0.33,0,1.048
2022/8/5 8:00,22.5,91,1,21,0.23,0,2.035
2022/8/5 9:00,23.7,84,1,20.8,0.51,0,1.471
2022/8/5 10:00,24,83,1,20.9,0.79,0,6.118
2022/8/5 11:00,25,79,1,21.1,1.05,0.1,2.876
2022/8/5 12:00,25.3,79,1,21.4,1.18,0,3.575
2022/8/5 13:00,25.7,74,1,20.7,0.46,0,4.715
2022/8/5 14:00,26.6,74,1,21.6,1.03,0,1.356
2022/8/5 15:00,26,76,1,21.4,1.09,0.1,1.249
2022/8/5 16:00,25.7,73,1,20.5,0.48,0,0.872
2022/8/5 17:00,25.3,75,1,20.6,0.27,0,0.251
2022/8/5 18:00,24.9,76,1,20.4,0.12,0,0.0363
2022/8/5 19:00,24.3,77,0,20,0.04,0,0
2022/8/5 20:00,23.8,77,0,19.5,0,0,0
2022/8/5 21:00,23.6,77,0,19.3,0,0,0
2022/8/5 22:00,23.4,76,0,18.9,0,0,0
2022/8/5 23:00,23,80,0,19.4,0,0,0
2022/8/6 0:00,22.9,79,0,19.1,0,0,0
2022/8/6 1:00,22.7,83,0,19.7,0,0,0
2022/8/6 2:00,22.8,83,0,19.8,0,0,0
2022/8/6 3:00,22.4,82,0,19.2,0,0,0
2022/8/6 4:00,22.6,77,0,18.4,0,0,0
2022/8/6 5:00,22.5,76,1,18.1,0,0,0.0556
2022/8/6 6:00,22.6,75,1,18,0.04,0,0.493
2022/8/6 7:00,22.8,77,1,18.6,0.24,0,1.275
2022/8/6 8:00,23.5,73,1,18.4,0.73,0,1.73
2022/8/6 9:00,24.6,70,1,18.8,1.16,0,4.496
2022/8/6 10:00,25.3,66,1,18.5,1.77,0.1,5.118
2022/8/6 11:00,26.3,64,1,19,1.98,0,4.296
2022/8/6 12:00,27.4,65,1,20.2,1.96,0,4.064
2022/8/6 13:00,27,62,1,19.1,2.09,0,3.807
2022/8/6 14:00,27.7,60,1,19.2,2.64,0.5,3.032
2022/8/6 15:00,27.7,65,1,20.5,1.62,0.2,2.469
2022/8/6 16:00,28,66,1,21.1,1.54,0.7,0.986
2022/8/6 17:00,27,71,1,21.3,0.95,0.7,0.465
2022/8/6 18:00,26.4,73,1,21.2,0.32,0.1,0.0402
2022/8/6 19:00,26.2,75,0,21.4,0.02,0,0
2022/8/6 20:00,26.2,74,0,21.2,0,0,0
2022/8/6 21:00,26.1,76,0,21.5,0,0,0
2022/8/6 22:00,25.6,80,0,21.9,0,0,0
2022/8/6 23:00,25.2,84,0,22.3,0,0,0
2022/8/7 0:00,25.1,86,0,22.6,0,0,0
2022/8/7 1:00,24.7,87,0,22.4,0,0,0
2022/8/7 2:00,24.9,86,0,22.4,0,0,0
2022/8/7 3:00,24.8,86,0,22.3,0,0,0
2022/8/7 4:00,24.7,88,0,22.6,0,0,0
2022/8/7 5:00,25.1,87,1,22.8,0,0,0.777
2022/8/7 6:00,25.1,90,1,23.3,0.05,0,1.079
2022/8/7 7:00,25.6,82,1,22.3,0.25,0,1.193
2022/8/7 8:00,26.9,78,1,22.7,0.89,0.1,4.56
2022/8/7 9:00,27,78,1,22.8,0.83,0,3.907
2022/8/7 10:00,27.4,78,1,23.2,1.04,0,6.763
2022/8/7 11:00,29.4,76,1,24.7,1.32,0.1,5.201
2022/8/7 12:00,28.4,73,1,23.1,1.15,0.1,4.85
2022/8/7 13:00,29.9,71,1,24.1,2.07,0.4,3.326
2022/8/7 14:00,32.2,66,1,25,2.58,0.6,3.886
2022/8/7 15:00,31.2,66,1,24.1,2.17,0.7,2.465
2022/8/7 16:00,30.3,70,1,24.2,0.91,0.1,1.11
2022/8/7 17:00,29.4,75,1,24.5,0.84,0.1,0.395
2022/8/7 18:00,29,77,1,24.6,0.31,0.2,0.0365
2022/8/7 19:00,28.4,80,0,24.6,0.04,0.1,0
2022/8/7 20:00,28,79,0,24,0,0,0
2022/8/7 21:00,27.2,85,0,24.5,0,0,0
2022/8/7 22:00,27.3,86,0,24.8,0,0,0
2022/8/7 23:00,27.3,86,0,24.8,0,0,0
2022/8/8 0:00,27.2,87,0,24.9,0,0,0
2022/8/8 1:00,27,86,0,24.5,0,0,0
2022/8/8 2:00,27.1,88,0,24.9,0,0,0
2022/8/8 3:00,26.6,89,0,24.6,0,0,0
2022/8/8 4:00,26.6,89,0,24.6,0,0,0
2022/8/8 5:00,26.3,91,1,24.7,0,0,0.946
2022/8/8 6:00,27,88,1,24.8,0.17,0.3,3.005
2022/8/8 7:00,28.2,84,1,25.2,0.66,0.7,3.356
2022/8/8 8:00,29.8,75,1,24.9,1.64,0.9,6.543
2022/8/8 9:00,31.8,69,1,25.4,2.42,1,7.573
2022/8/8 10:00,31.7,74,1,26.5,1.91,0.5,8.063
2022/8/8 11:00,32.6,64,1,24.9,1.63,0.3,7.93
2022/8/8 12:00,33,63,1,25,2.75,0.8,7.159
2022/8/8 13:00,32.2,67,1,25.3,2.63,0.7,5.736
2022/8/8 14:00,33.2,64,1,25.5,2.85,0.9,4.303
2022/8/8 15:00,32.6,64,1,24.9,2.36,1,2.655
2022/8/8 16:00,32.1,65,1,24.7,1.97,1,1.189
2022/8/8 17:00,31.2,66,1,24.1,1.24,1,0.366
2022/8/8 18:00,30.2,72,1,24.6,0.24,0.1,0.0448
2022/8/8 19:00,29.7,76,0,25,0.05,0,0
2022/8/8 20:00,29.6,73,0,24.3,0,0,0
2022/8/8 21:00,29.4,74,0,24.3,0,0,0
2022/8/8 22:00,29.3,75,0,24.4,0,0,0
2022/8/8 23:00,28.9,77,0,24.5,0,0,0
2022/8/9 0:00,28.7,78,0,24.5,0,0,0
2022/8/9 1:00,28.5,78,0,24.3,0,0,0
2022/8/9 2:00,28.5,78,0,24.3,0,0,0
2022/8/9 3:00,28.1,79,0,24.1,0,0,0
2022/8/9 4:00,28.1,81,0,24.5,0,0,0
2022/8/9 5:00,28.2,80,1,24.4,0,0,0.52
2022/8/9 6:00,28.3,81,1,24.7,0.17,0.2,2.569
2022/8/9 7:00,29.5,75,1,24.6,0.7,1,4.989
2022/8/9 8:00,31.1,71,1,25.2,1.45,1,6.579
2022/8/9 9:00,32.2,65,1,24.8,2.15,1,7.363
2022/8/9 10:00,33.2,60,1,24.4,2.68,1,8.023
2022/8/9 11:00,34,62,1,25.7,2.92,1,8.141
2022/8/9 12:00,34.6,58,1,25.1,3.28,1,7.277
2022/8/9 13:00,35,57,1,25.2,3.26,1,6.229
2022/8/9 14:00,34.4,57,1,24.7,2.97,1,4.542
2022/8/9 15:00,34.1,58,1,24.7,2.47,1,2.492
2022/8/9 16:00,33.1,60,1,24.3,1.86,1,0.825
2022/8/9 17:00,32.3,60,1,23.5,1.2,1,0.249
2022/8/9 18:00,31.2,65,1,23.8,0.34,0.7,0.0218
2022/8/9 19:00,30.4,68,0,23.8,0.05,0,0
2022/8/9 20:00,29.9,69,0,23.6,0,0,0
2022/8/9 21:00,29.5,70,0,23.5,0,0,0
2022/8/9 22:00,29.3,72,0,23.7,0,0,0
2022/8/9 23:00,29.3,72,0,23.7,0,0,0
2022/8/10 0:00,28.9,74,0,23.8,0,0,0
2022/8/10 1:00,28.7,72,0,23.2,0,0,0
2022/8/10 2:00,28.7,72,0,23.2,0,0,0
2022/8/10 3:00,28.5,73,0,23.2,0,0,0
2022/8/10 4:00,28.2,74,0,23.1,0,0,0
2022/8/10 5:00,27.8,77,1,23.4,0,0,1.049
2022/8/10 6:00,28,77,1,23.6,0.17,0.3,3.589
2022/8/10 7:00,29.6,70,1,23.6,0.89,1,5.84
2022/8/10 8:00,31.2,65,1,23.8,1.66,1,7.116
2022/8/10 9:00,32.5,59,1,23.5,2.29,1,7.889
2022/8/10 10:00,33.4,57,1,23.7,2.84,1,8.222
2022/8/10 11:00,34.3,56,1,24.3,3.26,1,8.103
2022/8/10 12:00,34.3,56,1,24.3,3.26,1,7.048
2022/8/10 13:00,34.3,59,1,25.1,2.81,1,5.843
2022/8/10 14:00,33.8,63,1,25.8,2.81,1,4.572
2022/8/10 15:00,33.6,61,1,25,2.57,1,2.511
2022/8/10 16:00,32.6,66,1,25.4,1.82,1,0.713
2022/8/10 17:00,31.3,70,1,25.2,1.16,1,0.234
2022/8/10 18:00,30.2,74,1,25.1,0.41,0.8,0.0302
2022/8/10 19:00,29.6,76,0,24.9,0.04,0,0
2022/8/10 20:00,28.7,82,0,25.3,0,0,0
2022/8/10 21:00,28.5,82,0,25.1,0,0,0
2022/8/10 22:00,28.7,79,0,24.7,0,0,0
2022/8/10 23:00,28.2,83,0,25,0,0,0
2022/8/11 0:00,28.1,83,0,24.9,0,0,0
2022/8/11 1:00,27.6,85,0,24.9,0,0,0
2022/8/11 2:00,27.6,82,0,24.3,0,0,0
2022/8/11 3:00,27.5,82,0,24.2,0,0,0
2022/8/11 4:00,27.1,84,0,24.2,0,0,0
2022/8/11 5:00,27,83,1,23.9,0,0,1.222
2022/8/11 6:00,27.8,79,1,23.8,0.22,0.3,2.334
2022/8/11 7:00,29.4,75,1,24.5,0.73,0.8,4.405
2022/8/11 8:00,31,67,1,24.2,1.45,0.9,6.821
2022/8/11 9:00,31.2,68,1,24.6,1.83,1,6.533
2022/8/11 10:00,32.6,64,1,24.9,2.37,0.8,7.999
2022/8/11 11:00,32.2,66,1,25,3.07,1,7.654
2022/8/11 12:00,32,68,1,25.4,2.91,0.8,6.5
2022/8/11 13:00,31,73,1,25.6,2.07,0.6,4.671
2022/8/11 14:00,33.1,64,1,25.4,2.72,0.9,5.046
2022/8/11 15:00,31.9,65,1,24.5,2.25,0.8,2.422
2022/8/11 16:00,30.7,67,1,23.9,1.86,0.8,0.7
2022/8/11 17:00,30,73,1,24.6,0.99,0.7,0.187
2022/8/11 18:00,29.3,74,1,24.2,0.4,0.6,0.0171
2022/8/11 19:00,28.7,76,0,24.1,0.03,0.1,0
2022/8/11 20:00,28.4,79,0,24.4,0,0,0
2022/8/11 21:00,28.2,81,0,24.6,0,0,0
2022/8/11 22:00,28.1,81,0,24.5,0,0,0
2022/8/11 23:00,28,83,0,24.8,0,0,0
2022/8/12 0:00,27.8,84,0,24.9,0,0,0
2022/8/12 1:00,27.8,84,0,24.9,0,0,0
2022/8/12 2:00,27.5,83,0,24.4,0,0,0
2022/8/12 3:00,27.7,84,0,24.8,0,0,0
2022/8/12 4:00,27.4,86,0,24.9,0,0,0
2022/8/12 5:00,27.1,86,1,24.6,0,0,0.974
2022/8/12 6:00,27.6,83,1,24.5,0.15,0.1,2.952
2022/8/12 7:00,28.7,80,1,24.9,0.53,0.4,3.775
2022/8/12 8:00,28,82,1,24.6,1.06,0.5,6.755
2022/8/12 9:00,30.6,75,1,25.7,1.51,0.4,6.932
2022/8/12 10:00,29.8,71,1,24,1.69,0.3,6.408
2022/8/12 11:00,28.3,88,1,26.1,1.54,0.3,8.468
2022/8/12 12:00,30.1,73,1,24.7,2.59,0.7,5.27
2022/8/12 13:00,30.7,69,1,24.4,2.03,0.4,4.75
2022/8/12 14:00,30.7,68,1,24.1,2.09,0.5,4.296
2022/8/12 15:00,29.9,69,1,23.6,1.03,0.2,1.705
2022/8/12 16:00,29.6,74,1,24.5,0.67,0,1.143
2022/8/12 17:00,29.4,75,1,24.5,0.37,0,0.301
2022/8/12 18:00,28.6,77,1,24.2,0.09,0,0.0192
2022/8/12 19:00,28.4,81,0,24.8,0.01,0,0
2022/8/12 20:00,25.8,93,0,24.6,0,0,0
2022/8/12 21:00,25.9,93,0,24.7,0,0,0
2022/8/12 22:00,26.4,93,0,25.2,0,0,0
2022/8/12 23:00,27,88,0,24.8,0,0,0
2022/8/13 0:00,27.1,87,0,24.8,0,0,0
2022/8/13 1:00,27.1,85,0,24.4,0,0,0
2022/8/13 2:00,27.5,83,0,24.4,0,0,0
2022/8/13 3:00,27.2,85,0,24.5,0,0,0
2022/8/13 4:00,26.1,93,0,24.9,0,0,0
2022/8/13 5:00,25.3,91,1,23.7,0,0,0.0256
2022/8/13 6:00,24.2,96,1,23.5,0.02,0,0.616
2022/8/13 7:00,25.4,96,1,24.7,0.24,0,2.824
2022/8/13 8:00,26.7,92,1,25.3,0.49,0,5.312
2022/8/13 9:00,28.3,82,1,24.9,0.92,0.2,2.244
2022/8/13 10:00,28.3,82,1,24.9,0.62,0,2.05
2022/8/13 11:00,26.2,93,1,25,0.51,0,0.611
2022/8/13 12:00,24.2,98,1,23.9,0.14,0,2.088
2022/8/13 13:00,24.7,96,1,24,0.51,0,1.369
2022/8/13 14:00,24.7,97,1,24.2,0.45,0,0.744
2022/8/13 15:00,24.5,98,1,24.2,0.29,0,0.762
2022/8/13 16:00,24.7,96,1,24,0.2,0,0.213
2022/8/13 17:00,24.6,98,1,24.3,0.11,0,0.0293
2022/8/13 18:00,24.6,99,1,24.4,0.03,0,0
2022/8/13 19:00,25.1,98,0,24.8,0,0,0
2022/8/13 20:00,24.8,99,0,24.6,0,0,0
2022/8/13 21:00,24.5,99,0,24.3,0,0,0
2022/8/13 22:00,24.4,99,0,24.2,0,0,0
2022/8/13 23:00,24.4,99,0,24.2,0,0,0
2022/8/14 0:00,23.8,100,0,23.8,0,0,0
2022/8/14 1:00,23.9,100,0,23.9,0,0,0
2022/8/14 2:00,24.1,100,0,24.1,0,0,0
2022/8/14 3:00,24.2,100,0,24.2,0,0,0
2022/8/14 4:00,24.9,100,0,24.9,0,0,0
2022/8/14 5:00,25.1,100,0,25.1,0,0,0.8
2022/8/14 6:00,25.5,98,1,25.2,0.12,0.1,0.56
2022/8/14 7:00,25.5,98,1,25.2,0.19,0,0.699
2022/8/14 8:00,26.9,87,1,24.6,0.41,0,3.121
2022/8/14 9:00,27.6,86,1,25.1,1.02,0,2.993
2022/8/14 10:00,29.4,82,1,26,1.53,0.2,7.417
2022/8/14 11:00,29.9,77,1,25.4,2.63,0.8,4.631
2022/8/14 12:00,30.9,70,1,24.8,2.06,0.3,5.232
2022/8/14 13:00,32.3,72,1,26.6,1.83,0.3,5.186
2022/8/14 14:00,32.5,68,1,25.8,2.34,0.9,3.707
2022/8/14 15:00,31.8,66,1,24.7,1.48,0.4,2.179
2022/8/14 16:00,32.4,66,1,25.2,1.34,0.5,0.958
2022/8/14 17:00,31.4,70,1,25.3,1.01,0.7,0.407
2022/8/14 18:00,30.2,75,1,25.3,0.3,0.2,0.0283
2022/8/14 19:00,29.6,75,0,24.7,0.02,0,0
2022/8/14 20:00,29.6,76,0,24.9,0,0,0
2022/8/14 21:00,27.8,84,0,24.9,0,0,0
2022/8/14 22:00,27.4,88,0,25.2,0,0,0
2022/8/14 23:00,26.6,94,0,25.6,0,0,0
2022/8/15 0:00,26.3,95,0,25.4,0,0,0
2022/8/15 1:00,26,96,0,25.3,0,0,0
2022/8/15 2:00,26.3,92,0,24.9,0,0,0
2022/8/15 3:00,26.8,89,0,24.8,0,0,0
2022/8/15 4:00,26.3,92,0,24.9,0,0,0
2022/8/15 5:00,26.4,94,0,25.4,0,0,0.2
2022/8/15 6:00,26.7,94,1,25.7,0.11,0,1.34
2022/8/15 7:00,27.6,87,1,25.2,0.63,0.4,2.681
2022/8/15 8:00,28.3,82,1,24.9,0.82,0.1,4.914
2022/8/15 9:00,29.6,78,1,25.4,1.77,0.8,6.428
2022/8/15 10:00,30.3,74,1,25.2,2.41,1,6.748
2022/8/15 11:00,31.9,65,1,24.5,2.4,1,6.06
2022/8/15 12:00,33,59,1,23.9,2.77,0.9,5.391
2022/8/15 13:00,32.4,68,1,25.7,1.95,0.5,3.97
2022/8/15 14:00,31.8,75,1,26.8,1.49,0.1,2.943
2022/8/15 15:00,32.9,64,1,25.2,1.74,0.6,1.809
2022/8/15 16:00,32,67,1,25.1,1.35,0.5,0.802
2022/8/15 17:00,31.1,67,1,24.3,1.02,0.9,0.187
2022/8/15 18:00,29.4,78,1,25.2,0.18,0.2,0.0226
2022/8/15 19:00,30.2,73,0,24.8,0.01,0,0
2022/8/15 20:00,29.6,73,0,24.3,0,0,0
2022/8/15 21:00,29.8,75,0,24.9,0,0,0
2022/8/15 22:00,29.4,76,0,24.7,0,0,0
2022/8/15 23:00,29.3,76,0,24.6,0,0,0
2022/8/16 0:00,29.5,74,0,24.4,0,0,0
2022/8/16 1:00,29.1,76,0,24.4,0,0,0
2022/8/16 2:00,28.4,80,0,24.6,0,0,0
2022/8/16 3:00,28.3,82,0,24.9,0,0,0
2022/8/16 4:00,28.3,81,0,24.7,0,0,0
2022/8/16 5:00,28.4,80,0,24.6,0,0,0.577
2022/8/16 6:00,28.7,80,1,24.9,0.16,0.1,1.846
2022/8/16 7:00,29.1,78,1,24.9,0.48,0.1,2.289
2022/8/16 8:00,29.7,76,1,25,0.68,0,3.106
2022/8/16 9:00,30.5,72,1,24.9,1.05,0.1,4.467
2022/8/16 10:00,32.7,64,1,25,2.41,1,5.749
2022/8/16 11:00,32.6,66,1,25.4,2.22,0.8,7.646
2022/8/16 12:00,35.3,55,1,24.9,3.29,1,5.389
2022/8/16 13:00,35.9,53,1,24.8,3.32,1,4.742
2022/8/16 14:00,34.2,58,1,24.8,2.11,0.9,3.378
2022/8/16 15:00,33.9,60,1,25,2.11,1,2.542
2022/8/16 16:00,33.1,63,1,25.1,1.53,0.9,1.242
2022/8/16 17:00,32.2,66,1,25,0.76,0.4,0.543
2022/8/16 18:00,31.4,69,1,25,0.36,0.4,0.0669
2022/8/16 19:00,30.7,71,0,24.8,0.02,0,0
2022/8/16 20:00,30.5,72,0,24.9,0,0,0
2022/8/16 21:00,30.4,72,0,24.8,0,0,0
2022/8/16 22:00,30.5,70,0,24.4,0,0,0
2022/8/16 23:00,29.7,75,0,24.8,0,0,0
2022/8/17 0:00,30.1,69,0,23.8,0,0,0
2022/8/17 1:00,29.3,71,0,23.5,0,0,0
2022/8/17 2:00,28.8,73,0,23.5,0,0,0
2022/8/17 3:00,28.5,73,0,23.2,0,0,0
2022/8/17 4:00,28,76,0,23.4,0,0,0
2022/8/17 5:00,27.1,82,0,23.8,0,0,0.186
2022/8/17 6:00,28.1,68,1,21.6,0.07,0,0.335
2022/8/17 7:00,27.7,68,1,21.3,0.17,0,0.844
2022/8/17 8:00,28.5,68,1,22,0.39,0,1.893
2022/8/17 9:00,29.3,64,1,21.8,1,0,2.078
2022/8/17 10:00,27.4,78,1,23.2,0.69,0,3.781
2022/8/17 11:00,28.5,83,1,25.3,0.89,0,5.473
2022/8/17 12:00,31,64,1,23.4,2.68,0.8,2.974
2022/8/17 13:00,30.5,70,1,24.4,1.41,0.2,2.703
2022/8/17 14:00,30.1,68,1,23.5,0.71,0,2.98
2022/8/17 15:00,26.7,89,1,24.7,0.22,0,1.344
2022/8/17 16:00,27.2,81,1,23.7,0.21,0,0.421
2022/8/17 17:00,25.3,92,1,23.9,0.25,0,0.308
2022/8/17 18:00,24.1,94,1,23.1,0.16,0,0.0254
2022/8/17 19:00,26,80,0,22.3,0.02,0,0
2022/8/17 20:00,25.5,80,0,21.8,0,0,0
2022/8/17 21:00,24.9,79,0,21,0,0,0
2022/8/17 22:00,25.8,72,0,20.4,0,0,0
2022/8/17 23:00,23.9,85,0,21.2,0,0,0
2022/8/18 0:00,23.9,87,0,21.6,0,0,0
2022/8/18 1:00,24.4,84,0,21.5,0,0,0
2022/8/18 2:00,24.2,88,0,22.1,0,0,0
2022/8/18 3:00,24.6,86,0,22.1,0,0,0
2022/8/18 4:00,24.6,88,0,22.5,0,0,0
2022/8/18 5:00,24.5,91,0,22.9,0,0,0.145
2022/8/18 6:00,24.6,95,1,23.8,0.03,0,0.258
2022/8/18 7:00,25.4,94,1,24.4,0.15,0,0.421
2022/8/18 8:00,25.8,96,1,25.1,0.25,0,0.346
2022/8/18 9:00,25.4,100,1,25.4,0.09,0,0.0405
2022/8/18 10:00,25.6,100,1,25.6,0.06,0,0.161
2022/8/18 11:00,25.7,99,1,25.5,0.21,0,1.881
2022/8/18 12:00,26.3,96,1,25.6,0.63,0,1.333
2022/8/18 13:00,26.5,93,1,25.3,0.59,0,2.188
2022/8/18 14:00,29.2,82,1,25.8,1.1,0.1,4.05
2022/8/18 15:00,30.5,71,1,24.6,2.18,0.7,2.411
2022/8/18 16:00,30.9,66,1,23.8,1.86,1,0.54
2022/8/18 17:00,29.6,73,1,24.3,1.14,1,0.159
2022/8/18 18:00,29.3,75,1,24.4,0.43,0.9,0.0194
2022/8/18 19:00,28.1,71,0,22.4,0.02,0.1,0
2022/8/18 20:00,28.5,63,0,20.8,0,0,0
2022/8/18 21:00,27,67,0,20.4,0,0,0
2022/8/18 22:00,27.2,61,0,19,0,0,0
2022/8/18 23:00,26.9,59,0,18.2,0,0,0
2022/8/19 0:00,27.3,53,0,16.9,0,0,0
2022/8/19 1:00,26.7,56,0,17.2,0,0,0
2022/8/19 2:00,26.3,58,0,17.4,0,0,0
2022/8/19 3:00,26.3,56,0,16.8,0,0,0
2022/8/19 4:00,25.3,59,0,16.7,0,0,0
2022/8/19 5:00,23.6,69,0,17.6,0,0,0.792
2022/8/19 6:00,23.8,70,1,18,0.17,0.4,3.786
2022/8/19 7:00,25.6,66,1,18.8,0.77,1,5.818
2022/8/19 8:00,27.7,55,1,17.9,1.56,1,7.106
2022/8/19 9:00,29.2,52,1,18.3,2.23,1,7.805
2022/8/19 10:00,30.2,48,1,18,2.79,1,7.826
2022/8/19 11:00,30.3,43,1,16.3,3.15,1,7.896
2022/8/19 12:00,30,56,1,20.3,2.85,0.7,5.57
2022/8/19 13:00,31.9,48,1,19.5,2.45,0.6,4.226
2022/8/19 14:00,31.9,49,1,19.9,2.86,1,4.081
2022/8/19 15:00,31,43,1,17,1.72,0.6,1.801
2022/8/19 16:00,30.7,59,1,21.8,1.67,0.9,1.009
2022/8/19 17:00,28.7,67,1,22,1.01,0.9,0.16
2022/8/19 18:00,27.6,66,1,20.7,0.28,0.5,0.0199
2022/8/19 19:00,27.1,68,0,20.7,0.01,0,0
2022/8/19 20:00,26.1,73,0,20.9,0,0,0
2022/8/19 21:00,26,75,0,21.2,0,0,0
2022/8/19 22:00,25.7,78,0,21.6,0,0,0
2022/8/19 23:00,24.8,81,0,21.3,0,0,0
2022/8/20 0:00,24.4,85,0,21.7,0,0,0
2022/8/20 1:00,24,89,0,22.1,0,0,0
2022/8/20 2:00,23.9,89,0,22,0,0,0
2022/8/20 3:00,24.5,84,0,21.6,0,0,0
2022/8/20 4:00,24.9,80,0,21.2,0,0,0
2022/8/20 5:00,24.9,82,0,21.6,0,0,0.399
2022/8/20 6:00,24.4,84,1,21.5,0.07,0,1.223
2022/8/20 7:00,25.1,84,1,22.2,0.43,0.4,4.675
2022/8/20 8:00,27,74,1,22,1.54,0.9,4.612
2022/8/20 9:00,28,67,1,21.3,1.77,0.6,6.834
2022/8/20 10:00,29.2,65,1,21.9,1.75,0.4,6.554
2022/8/20 11:00,30.3,63,1,22.5,2.55,0.7,5.103
2022/8/20 12:00,29.5,67,1,22.7,2.13,0.3,2.634
2022/8/20 13:00,29.5,72,1,23.9,1.22,0,1.889
2022/8/20 14:00,29.2,78,1,25,0.76,0,1.926
2022/8/20 15:00,28.8,77,1,24.4,0.68,0,0.874
2022/8/20 16:00,28.4,75,1,23.5,0.31,0,0.505
2022/8/20 17:00,26.8,86,1,24.3,0.21,0,0.216
2022/8/20 18:00,27.3,79,1,23.3,0.08,0,0
2022/8/20 19:00,26.2,85,0,23.5,0,0,0
2022/8/20 20:00,24.9,96,0,24.2,0,0,0
2022/8/20 21:00,25,96,0,24.3,0,0,0
2022/8/20 22:00,24.5,98,0,24.2,0,0,0
2022/8/20 23:00,24.3,98,0,24,0,0,0
2022/8/21 0:00,23.9,100,0,23.9,0,0,0
2022/8/21 1:00,24.2,100,0,24.2,0,0,0
2022/8/21 2:00,24.4,100,0,24.4,0,0,0
2022/8/21 3:00,24.5,100,0,24.5,0,0,0
2022/8/21 4:00,24.5,100,0,24.5,0,0,0
2022/8/21 5:00,24.3,98,0,24,0,0,0.248
2022/8/21 6:00,24.2,96,1,23.5,0.05,0,0.799
2022/8/21 7:00,24.9,92,1,23.5,0.24,0,0.826
2022/8/21 8:00,25,93,1,23.8,0.23,0,0.661
2022/8/21 9:00,25.2,93,1,24,0.32,0,1.454
2022/8/21 10:00,26.5,88,1,24.4,0.79,0,1.899
2022/8/21 11:00,26.2,91,1,24.6,0.67,0,3.105
2022/8/21 12:00,26.6,88,1,24.5,0.84,0,2.081
2022/8/21 13:00,27.7,79,1,23.7,0.87,0,3.556
2022/8/21 14:00,28.5,78,1,24.3,1.53,0.2,3.083
2022/8/21 15:00,28.7,72,1,23.2,1.32,0.1,2.514
2022/8/21 16:00,28.1,72,1,22.6,1.37,0.7,0.782
2022/8/21 17:00,27.3,76,1,22.7,0.54,0.1,0.291
2022/8/21 18:00,27,78,1,22.8,0.18,0,0.0209
2022/8/21 19:00,26.5,80,0,22.8,0.01,0,0
2022/8/21 20:00,26.2,81,0,22.7,0,0,0
2022/8/21 21:00,25.9,82,0,22.6,0,0,0
2022/8/21 22:00,25.5,84,0,22.6,0,0,0
2022/8/21 23:00,25.3,80,0,21.6,0,0,0
2022/8/22 0:00,25.6,75,0,20.8,0,0,0
2022/8/22 1:00,25.4,76,0,20.9,0,0,0
2022/8/22 2:00,25.4,75,0,20.7,0,0,0
2022/8/22 3:00,23.7,86,0,21.2,0,0,0
2022/8/22 4:00,24.4,80,0,20.7,0,0,0
2022/8/22 5:00,24.3,84,0,21.4,0,0,0.0187
2022/8/22 6:00,24.2,88,1,22.1,0.01,0,0.0791
2022/8/22 7:00,24.2,89,1,22.3,0.06,0,0.931
2022/8/22 8:00,24.5,86,1,22,0.27,0,2.223
2022/8/22 9:00,24.9,83,1,21.8,0.71,0,0.986
2022/8/22 10:00,25.7,81,1,22.2,0.74,0,1.716
2022/8/22 11:00,25.9,83,1,22.8,0.64,0,3.369
2022/8/22 12:00,28.1,76,1,23.5,1.39,0.1,5.335
2022/8/22 13:00,28.5,73,1,23.2,1.59,0.1,4.493
2022/8/22 14:00,28.5,74,1,23.4,1.7,0.2,2.959
2022/8/22 15:00,27.9,79,1,23.9,0.71,0,2.152
2022/8/22 16:00,28.6,74,1,23.5,0.48,0,0.883
2022/8/22 17:00,28.4,75,1,23.5,0.49,0,0.289
2022/8/22 18:00,27.9,78,1,23.7,0.25,0,0.0309
2022/8/22 19:00,27.4,80,0,23.6,0.01,0,0
2022/8/22 20:00,27.1,83,0,24,0,0,0
2022/8/22 21:00,26.8,86,0,24.3,0,0,0
2022/8/22 22:00,26.3,89,0,24.3,0,0,0
2022/8/22 23:00,26,90,0,24.2,0,0,0
2022/8/23 0:00,25.6,93,0,24.4,0,0,0
2022/8/23 1:00,25.4,94,0,24.4,0,0,0
2022/8/23 2:00,25.5,94,0,24.5,0,0,0
2022/8/23 3:00,24.9,97,0,24.4,0,0,0
2022/8/23 4:00,24.9,98,0,24.6,0,0,0
2022/8/23 5:00,25.2,96,0,24.5,0,0,0.29
2022/8/23 6:00,25.5,94,1,24.5,0.09,0,1.891
2022/8/23 7:00,26.5,91,1,24.9,0.37,0.2,3.475
2022/8/23 8:00,27.8,83,1,24.7,0.91,0.3,6.116
2022/8/23 9:00,29.3,80,1,25.5,1.35,0.4,6.388
2022/8/23 10:00,30.9,75,1,26,1.62,0.5,6.601
2022/8/23 11:00,31.7,70,1,25.6,1.91,0.4,7.053
2022/8/23 12:00,33,69,1,26.6,2.51,0.7,5.596
2022/8/23 13:00,31.7,71,1,25.8,1.81,0.2,4.045
2022/8/23 14:00,31.6,72,1,25.9,2.02,0.6,4.056
2022/8/23 15:00,30.9,75,1,26,2.51,0.9,2.643
2022/8/23 16:00,31.4,77,1,26.9,1.32,0.6,0.68
2022/8/23 17:00,30.8,77,1,26.3,1.19,0.9,0.264
2022/8/23 18:00,29.9,80,1,26.1,0.32,0.4,0.0283
2022/8/23 19:00,29.2,82,0,25.8,0.01,0,0
2022/8/23 20:00,28.8,85,0,26,0,0,0
2022/8/23 21:00,28.7,85,0,25.9,0,0,0
2022/8/23 22:00,28.8,83,0,25.6,0,0,0
2022/8/23 23:00,28.4,84,0,25.4,0,0,0
2022/8/24 0:00,28.2,84,0,25.2,0,0,0
2022/8/24 1:00,27.9,83,0,24.8,0,0,0
2022/8/24 2:00,27.8,84,0,24.9,0,0,0
2022/8/24 3:00,27.3,86,0,24.8,0,0,0
2022/8/24 4:00,27.1,87,0,24.8,0,0,0
2022/8/24 5:00,26.5,92,0,25.1,0,0,0.406
2022/8/24 6:00,27.2,91,1,25.6,0.11,0.1,2.711
2022/8/24 7:00,28.6,83,1,25.4,0.49,0.5,2.931
2022/8/24 8:00,29.8,77,1,25.3,1.05,0.4,3.568
2022/8/24 9:00,31.5,75,1,26.5,1.84,0.8,4.83
2022/8/24 10:00,32,71,1,26.1,2.07,0.7,5.273
2022/8/24 11:00,31.3,71,1,25.4,1.18,0.1,6.794
2022/8/24 12:00,30.8,73,1,25.4,1.19,0.2,4.741
2022/8/24 13:00,29.2,74,1,24.1,0.58,0,2.622
2022/8/24 14:00,31.3,65,1,23.9,1.65,0.5,3.417
2022/8/24 15:00,29.9,65,1,22.6,1.68,0.5,2.138
2022/8/24 16:00,29.4,66,1,22.4,0.72,0,0.366
2022/8/24 17:00,28.3,67,1,21.6,0.24,0,0.0668
2022/8/24 18:00,27.1,65,1,20,0.06,0,0
2022/8/24 19:00,24.7,81,0,21.2,0,0,0
2022/8/24 20:00,24,84,0,21.1,0,0,0
2022/8/24 21:00,25.2,74,0,20.2,0,0,0
2022/8/24 22:00,23.8,85,0,21.1,0,0,0
2022/8/24 23:00,23.3,93,0,22.1,0,0,0
2022/8/25 0:00,23.1,93,0,21.9,0,0,0
2022/8/25 1:00,23.7,87,0,21.4,0,0,0
2022/8/25 2:00,23.8,85,0,21.1,0,0,0
2022/8/25 3:00,23.8,81,0,20.4,0,0,0
2022/8/25 4:00,23.8,78,0,19.7,0,0,0
2022/8/25 5:00,23.7,78,0,19.7,0,0,0.0397
2022/8/25 6:00,24.1,71,1,18.5,0.04,0,1.418
2022/8/25 7:00,24.7,68,1,18.4,0.35,0,1.98
2022/8/25 8:00,24.5,71,1,18.9,0.4,0,2.512
2022/8/25 9:00,24.9,71,1,19.3,0.6,0,1.728
2022/8/25 10:00,25.9,62,1,18.1,0.7,0,2.546
2022/8/25 11:00,25.6,68,1,19.3,0.93,0,2.235
2022/8/25 12:00,28,66,1,21.1,1.26,0,2.075
2022/8/25 13:00,28.7,64,1,21.2,2.13,0.2,1.762
2022/8/25 14:00,28.1,67,1,21.4,1.6,0.1,1.247
2022/8/25 15:00,27.4,78,1,23.2,0.82,0.1,0.229
2022/8/25 16:00,28.4,71,1,22.6,0.72,0,0.168
2022/8/25 17:00,27.6,73,1,22.3,0.21,0,0.0461
2022/8/25 18:00,26.9,80,1,23.2,0.07,0,0
2022/8/25 19:00,26.3,83,0,23.2,0,0,0
2022/8/25 20:00,25.3,90,0,23.5,0,0,0
2022/8/25 21:00,25.6,85,0,22.9,0,0,0
2022/8/25 22:00,25.5,88,0,23.4,0,0,0
2022/8/25 23:00,25.5,89,0,23.6,0,0,0
2022/8/26 0:00,25.7,87,0,23.4,0,0,0
2022/8/26 1:00,25.6,87,0,23.3,0,0,0
2022/8/26 2:00,25.5,87,0,23.2,0,0,0
2022/8/26 3:00,24.4,96,0,23.7,0,0,0
2022/8/26 4:00,24.4,96,0,23.7,0,0,0
2022/8/26 5:00,24.6,93,0,23.4,0,0,0.0372
2022/8/26 6:00,25.2,90,1,23.4,0.04,0,0.56
2022/8/26 7:00,25.6,88,1,23.5,0.23,0,1.391
2022/8/26 8:00,26,86,1,23.5,0.56,0,2.188
2022/8/26 9:00,26.4,82,1,23.1,0.57,0,3.06
2022/8/26 10:00,28.3,79,1,24.3,1.58,0.1,2.215
2022/8/26 11:00,28.5,76,1,23.9,1.46,0,3.926
2022/8/26 12:00,29.4,77,1,25,1.23,0,4.481
2022/8/26 13:00,30.4,71,1,24.6,1.66,0.2,4.249
2022/8/26 14:00,30.3,76,1,25.6,1.14,0,3.108
2022/8/26 15:00,29.6,82,1,26.2,0.51,0,1.985
2022/8/26 16:00,27.4,98,1,27.1,0.38,0,0.758
2022/8/26 17:00,27.4,98,1,27.1,0.46,0.1,0.164
2022/8/26 18:00,27,98,1,26.7,0.22,0,0.005
2022/8/26 19:00,26.7,98,0,26.4,0.01,0,0
2022/8/26 20:00,27.2,96,0,26.5,0,0,0
2022/8/26 21:00,27.2,95,0,26.3,0,0,0
2022/8/26 22:00,26.9,93,0,25.7,0,0,0
2022/8/26 23:00,27.4,94,0,26.4,0,0,0
2022/8/27 0:00,27.1,95,0,26.2,0,0,0
2022/8/27 1:00,26.8,96,0,26.1,0,0,0
2022/8/27 2:00,26.8,97,0,26.3,0,0,0
2022/8/27 3:00,26.7,96,0,26,0,0,0
2022/8/27 4:00,26.8,97,0,26.3,0,0,0
2022/8/27 5:00,26.8,96,0,26.1,0,0,0.0974
2022/8/27 6:00,26.6,98,1,26.3,0.01,0,0.684
2022/8/27 7:00,26.9,94,1,25.9,0.23,0,3.509
2022/8/27 8:00,28.4,85,1,25.6,0.81,0.4,4.967
2022/8/27 9:00,30.6,74,1,25.4,1.52,0.7,7.564
2022/8/27 10:00,31.3,74,1,26.1,1.94,0.6,7.921
2022/8/27 11:00,31.5,70,1,25.4,2.27,0.6,7.975
2022/8/27 12:00,32.6,63,1,24.6,2.68,0.8,7.194
2022/8/27 13:00,33.1,64,1,25.4,2.72,0.8,6.066
2022/8/27 14:00,32.2,59,1,23.2,2.85,1,4.378
2022/8/27 15:00,31,65,1,23.7,2.05,0.9,2.311
2022/8/27 16:00,31.4,62,1,23.2,1.69,1,0.594
2022/8/27 17:00,30,71,1,24.2,0.91,0.9,0.107
2022/8/27 18:00,29,76,1,24.3,0.18,0.4,0.0285
2022/8/27 19:00,28.4,75,0,23.5,0.01,0,0
2022/8/27 20:00,28,82,0,24.6,0,0,0
2022/8/27 21:00,27.9,83,0,24.8,0,0,0
2022/8/27 22:00,27.6,81,0,24.1,0,0,0
2022/8/27 23:00,28,75,0,23.2,0,0,0
2022/8/28 0:00,27.7,76,0,23.1,0,0,0
2022/8/28 1:00,27.6,78,0,23.4,0,0,0
2022/8/28 2:00,27.1,80,0,23.4,0,0,0
2022/8/28 3:00,26,85,0,23.3,0,0,0
2022/8/28 4:00,26.1,83,0,23,0,0,0
2022/8/28 5:00,25.7,85,0,23,0,0,0.221
2022/8/28 6:00,25.3,88,1,23.2,0.03,0,0.306
2022/8/28 7:00,25.3,87,1,23,0.18,0,0.112
2022/8/28 8:00,24.6,88,1,22.5,0.25,0,0.0978
2022/8/28 9:00,22.9,96,1,22.2,0.16,0,0.371
2022/8/28 10:00,22.7,97,1,22.2,0.22,0,0.913
2022/8/28 11:00,22.4,96,1,21.7,0.27,0,1.431
2022/8/28 12:00,23.3,94,1,22.3,0.76,0,0.701
2022/8/28 13:00,22.3,95,1,21.5,0.22,0,2.591
2022/8/28 14:00,22.6,93,1,21.4,0.44,0,1.375
2022/8/28 15:00,23,89,1,21.1,0.7,0,1.139
2022/8/28 16:00,23.1,82,1,19.9,0.67,0,1.112
2022/8/28 17:00,22.9,84,1,20.1,0.51,0,0.267
2022/8/28 18:00,22.8,83,1,19.8,0.16,0.2,0
2022/8/28 19:00,22.4,83,0,19.4,0.01,0,0
2022/8/28 20:00,22.3,83,0,19.3,0,0,0
2022/8/28 21:00,22.1,85,0,19.5,0,0,0
2022/8/28 22:00,22,83,0,19,0,0,0
2022/8/28 23:00,21.8,85,0,19.2,0,0,0
2022/9/16 0:00,22.2,71,0,16.7,0,0,0
2022/9/16 1:00,20.5,81,0,17.1,0,0,0
2022/9/16 2:00,20.5,78,0,16.5,0,0,0
2022/9/16 3:00,20.2,78,0,16.3,0,0,0
2022/9/16 4:00,19.9,80,0,16.4,0,0,0
2022/9/16 5:00,20,82,0,16.8,0,0,0.0852
2022/9/16 6:00,20,82,1,16.8,0.03,0,2.262
2022/9/16 7:00,22.2,73,1,17.1,0.59,0.9,5.532
2022/9/16 8:00,23.2,67,1,16.7,1.21,0.9,6.939
2022/9/16 9:00,25.3,62,1,17.5,1.94,1,7.667
2022/9/16 10:00,26.3,55,1,16.6,2.52,1,7.825
2022/9/16 11:00,28.3,54,1,18.1,2.47,0.8,7.538
2022/9/16 12:00,28.6,50,1,17.2,2.53,0.7,6.893
2022/9/16 13:00,29.4,46,1,16.6,3.24,1,6.012
2022/9/16 14:00,30.2,45,1,17,2.75,1,4.016
2022/9/16 15:00,30,43,1,16.1,2.34,1,1.807
2022/9/16 16:00,28.8,48,1,16.7,1.53,0.9,0.599
2022/9/16 17:00,27.2,60,1,18.8,0.65,0.6,0.15
2022/9/16 18:00,26.5,63,0,18.9,0.1,0.4,0
2022/9/16 19:00,25.8,68,0,19.5,0,0,0
2022/9/16 20:00,26.4,67,0,19.8,0,0,0
2022/9/16 21:00,26.2,68,0,19.8,0,0,0
2022/9/16 22:00,26.2,68,0,19.8,0,0,0
2022/9/16 23:00,25.7,72,0,20.3,0,0,0
2022/9/17 0:00,25.6,73,0,20.4,0,0,0
2022/9/17 1:00,24.5,82,0,21.2,0,0,0
2022/9/17 2:00,24.1,84,0,21.2,0,0,0
2022/9/17 3:00,24.5,78,0,20.4,0,0,0
2022/9/17 4:00,23.6,83,0,20.6,0,0,0
2022/9/17 5:00,23.4,85,0,20.7,0,0,0.235
2022/9/17 6:00,23.6,82,1,20.4,0.06,0,1.767
2022/9/17 7:00,24.6,79,1,20.7,0.54,1,4.333
2022/9/17 8:00,25.6,74,1,20.6,1.12,1,4.664
2022/9/17 9:00,27.1,70,1,21.2,1.38,0.7,6.99
2022/9/17 10:00,29.4,64,1,21.9,2.24,0.9,6.419
2022/9/17 11:00,29.3,57,1,19.9,1.96,0.8,6.087
2022/9/17 12:00,29.8,52,1,18.9,2.38,0.7,5.058
2022/9/17 13:00,30.6,55,1,20.5,1.71,0.6,3.968
2022/9/17 14:00,30.7,56,1,20.9,1.89,0.8,3.569
2022/9/17 15:00,29.5,63,1,21.7,1.67,0.8,1.568
2022/9/17 16:00,28.8,65,1,21.6,0.61,0,0.564
2022/9/17 17:00,28.6,65,1,21.4,0.26,0,0.158
2022/9/17 18:00,27.4,74,0,22.4,0.05,0,0
2022/9/17 19:00,27,76,0,22.4,0,0,0
2022/9/17 20:00,27.2,74,0,22.2,0,0,0
2022/9/17 21:00,27,78,0,22.8,0,0,0
2022/9/17 22:00,26.3,82,0,23,0,0,0
2022/9/17 23:00,26.2,85,0,23.5,0,0,0
2022/9/18 0:00,26.5,82,0,23.2,0,0,0
2022/9/18 1:00,24.6,97,0,24.1,0,0,0
2022/9/18 2:00,24.3,96,0,23.6,0,0,0
2022/9/18 3:00,23.8,97,0,23.3,0,0,0
2022/9/18 4:00,24.4,96,0,23.7,0,0,0
2022/9/18 5:00,23.8,100,0,23.8,0,0,0.111
2022/9/18 6:00,23.9,100,1,23.9,0.02,0,1.356
2022/9/18 7:00,24.7,98,1,24.4,0.37,0,2.023
2022/9/18 8:00,25.3,99,1,25.1,0.36,0,1.536
2022/9/18 9:00,26.4,96,1,25.7,0.31,0,0.379
2022/9/18 10:00,25.9,100,1,25.9,0.15,0,0.995
2022/9/18 11:00,25.8,99,1,25.6,0.27,0,0.227
2022/9/18 12:00,25.8,99,1,25.6,0.15,0,0.603
2022/9/18 13:00,25.5,100,1,25.5,0.07,0,0.056
2022/9/18 14:00,24.8,100,1,24.8,0.19,0,0.22
2022/9/18 15:00,25.5,100,1,25.5,0.18,0,0.294
2022/9/18 16:00,26.1,100,1,26.1,0.27,0,0.251
2022/9/18 17:00,25.6,100,1,25.6,0.15,0,0.0699
2022/9/18 18:00,25.7,100,0,25.7,0.01,0,0
2022/9/18 19:00,25.8,100,0,25.8,0,0,0
2022/9/18 20:00,25.5,99,0,25.3,0,0,0
2022/9/18 21:00,25.6,99,0,25.4,0,0,0
2022/9/18 22:00,25.6,100,0,25.6,0,0,0
2022/9/18 23:00,25.6,99,0,25.4,0,0,0
2022/9/19 0:00,25.6,100,0,25.6,0,0,0
2022/9/19 1:00,25.6,100,0,25.6,0,0,0
2022/9/19 2:00,25.7,99,0,25.5,0,0,0
2022/9/19 3:00,25.7,99,0,25.5,0,0,0
2022/9/19 4:00,24.9,100,0,24.9,0,0,0
2022/9/19 5:00,25.5,100,0,25.5,0,0,0.292
2022/9/19 6:00,26.1,99,1,25.9,0.02,0,1.604
2022/9/19 7:00,26.5,95,1,25.6,0.24,0,4.745
2022/9/19 8:00,27.6,91,1,26,0.74,0.2,6.487
2022/9/19 9:00,29.1,83,1,25.9,1.11,0.2,6.921
2022/9/19 10:00,29.5,81,1,25.9,2.14,0.7,5.602
2022/9/19 11:00,30.3,76,1,25.6,2.19,0.5,6.168
2022/9/19 12:00,25.1,96,1,24.4,0.62,0,5.252
2022/9/19 13:00,26.2,98,1,25.9,0.65,0.1,5.527
2022/9/19 14:00,27.2,97,1,26.7,1.3,0.3,0
2022/9/19 15:00,27.6,93,1,26.4,0.95,0.2,0
2022/9/19 16:00,27.2,95,1,26.3,0.82,0.2,0.567
2022/9/19 17:00,27,94,1,26,0.25,0,0.109
2022/9/19 18:00,27.4,90,0,25.6,0.05,0,0
2022/9/19 19:00,27.4,88,0,25.2,0,0,0
2022/9/19 20:00,27.4,88,0,25.2,0,0,0
2022/9/19 21:00,27.7,87,0,25.3,0,0,0
2022/9/19 22:00,27.6,85,0,24.9,0,0,0
2022/9/19 23:00,27.5,86,0,25,0,0,0
2022/9/20 0:00,27.4,86,0,24.9,0,0,0
2022/9/20 1:00,27.6,86,0,25.1,0,0,0
2022/9/20 2:00,27.6,85,0,24.9,0,0,0
2022/9/20 3:00,27.4,86,0,24.9,0,0,0
2022/9/20 4:00,24.8,95,0,24,0,0,0
2022/9/20 5:00,25.6,97,0,25.1,0,0,0
2022/9/20 6:00,25.2,96,1,24.5,0.02,0,0.658
2022/9/20 7:00,26.5,90,1,24.7,0.22,0,1.076
2022/9/20 8:00,25.8,98,1,25.5,0.23,0,0.849
2022/9/20 9:00,26.6,94,1,25.6,0.66,0,1.477
2022/9/20 10:00,26.7,95,1,25.8,0.83,0,3.004
2022/9/20 11:00,21.9,98,1,21.6,0.25,0,0.728
2022/9/20 12:00,22,96,1,21.3,0.38,0,1.431
2022/9/20 13:00,20.8,95,1,20,0.41,0,0.734
2022/9/20 14:00,19.6,96,1,19,0.25,0,0.631
2022/9/20 15:00,19.5,93,1,18.3,0.21,0,0.955
2022/9/20 16:00,20.9,81,1,17.5,0.3,0,0.267
2022/9/20 17:00,20.6,86,1,18.2,0.15,0,0.0197
2022/9/20 18:00,19.2,94,0,18.2,0.01,0,0
2022/9/20 19:00,19.5,96,0,18.9,0,0,0
2022/9/20 20:00,18.3,97,0,17.8,0,0,0
2022/9/20 21:00,18.3,99,0,18.1,0,0,0
2022/9/20 22:00,17.3,98,0,17,0,0,0
2022/9/20 23:00,17.4,97,0,16.9,0,0,0
2022/9/21 0:00,17.1,97,0,16.6,0,0,0
2022/9/21 1:00,16.8,94,0,15.8,0,0,0
2022/9/21 2:00,16.9,94,0,15.9,0,0,0
2022/9/21 3:00,16.8,91,0,15.3,0,0,0
2022/9/21 4:00,16.6,90,0,15,0,0,0
2022/9/21 5:00,16.8,89,0,15,0,0,0
2022/9/21 6:00,17,87,1,14.8,0.03,0,0
2022/9/21 7:00,17.3,88,1,15.3,0.17,0,0
2022/9/21 8:00,18.1,83,1,15.2,0.47,0,0
2022/9/21 9:00,18.2,82,1,15.1,0.5,0,0
2022/9/21 10:00,19.8,71,1,14.4,1.44,0.1,5.937
2022/9/21 11:00,22,64,1,14.9,2.81,0.8,6.622
2022/9/21 12:00,22.7,62,1,15.1,2.85,0.9,5.678
2022/9/21 13:00,22.9,62,1,15.3,2.37,0.7,4.656
2022/9/21 14:00,22.5,62,1,14.9,2.03,0.5,2.665
2022/9/21 15:00,22.6,61,1,14.7,1.13,0.1,1.754
2022/9/21 16:00,22.3,64,1,15.2,0.97,0.3,0.515
2022/9/21 17:00,21.3,69,1,15.4,0.18,0,0.0461
2022/9/21 18:00,20.6,70,0,15,0.05,0,0
2022/9/21 19:00,20.1,69,0,14.3,0,0,0
2022/9/21 20:00,19.8,69,0,14,0,0,0
2022/9/21 21:00,19.8,70,0,14.2,0,0,0
2022/9/21 22:00,19.6,70,0,14,0,0,0
2022/9/21 23:00,19.1,71,0,13.7,0,0,0
2022/9/22 0:00,18.3,71,0,13,0,0,0
2022/9/22 1:00,18.1,66,0,11.7,0,0,0
2022/9/22 2:00,17.3,73,0,12.4,0,0,0
2022/9/22 3:00,17.6,71,0,12.3,0,0,0
2022/9/22 4:00,17.5,74,0,12.8,0,0,0
2022/9/22 5:00,17.3,72,0,12.2,0,0,0
2022/9/22 6:00,17.4,70,1,11.9,0.03,0,0
2022/9/22 7:00,17.6,68,1,11.6,0.18,0,0
2022/9/22 8:00,18.5,67,1,12.3,0.71,0,0
2022/9/22 9:00,20.3,61,1,12.5,1.56,0.5,0
2022/9/22 10:00,22.2,62,1,14.6,2.52,1,6.436
2022/9/22 11:00,22.3,55,1,12.8,2.92,1,6.264
2022/9/22 12:00,24.1,58,1,15.3,2.35,0.6,3.321
2022/9/22 13:00,24.1,62,1,16.4,2.12,0.6,2.451
2022/9/22 14:00,23,60,1,14.8,1.07,0.1,1.861
2022/9/22 15:00,22.7,68,1,16.5,0.56,0,0.977
2022/9/22 16:00,23,67,1,16.6,0.29,0,0.168
2022/9/22 17:00,22.7,71,1,17.2,0.1,0,0.0138
2022/9/22 18:00,22.3,71,0,16.8,0.01,0,0
2022/9/22 19:00,20.4,73,0,15.4,0,0,0
2022/9/22 20:00,20.1,74,0,15.3,0,0,0
2022/9/22 21:00,19.7,81,0,16.4,0,0,0
2022/9/22 22:00,19.6,81,0,16.3,0,0,0
2022/9/22 23:00,19.8,78,0,15.9,0,0,0
2022/9/23 0:00,20,77,0,15.9,0,0,0
2022/9/23 1:00,20.1,75,0,15.5,0,0,0
2022/9/23 2:00,19.4,86,0,17,0,0,0
2022/9/23 3:00,19.5,88,0,17.5,0,0,0
2022/9/23 4:00,19.3,89,0,17.5,0,0,0
2022/9/23 5:00,19.3,93,0,18.1,0,0,0
2022/9/23 6:00,19.1,95,1,18.3,0.01,0,0.22
2022/9/23 7:00,19.3,95,1,18.5,0.06,0,0.636
2022/9/23 8:00,19.6,93,1,18.4,0.22,0,0
2022/9/23 9:00,21.1,90,1,19.4,0.56,0,4.017
2022/9/23 10:00,21.8,84,1,19,1.15,0,4.007
2022/9/23 11:00,22.5,81,1,19.1,1.19,0,2.31
2022/9/23 12:00,23.8,79,1,20,1.33,0,2.443
2022/9/23 13:00,24.4,82,1,21.1,1.22,0,2.773
2022/9/23 14:00,24.8,75,1,20.1,0.86,0,1.177
2022/9/23 15:00,24.1,85,1,21.4,0.48,0,0.409
2022/9/23 16:00,22.9,92,1,21.5,0.32,0,0.26
2022/9/23 17:00,22.6,96,1,21.9,0.07,0,0.0222
2022/9/23 18:00,22.8,99,0,22.6,0.01,0,0
2022/9/23 19:00,22.9,100,0,22.9,0,0,0
2022/9/23 20:00,23.2,100,0,23.2,0,0,0
2022/9/23 21:00,22.3,100,0,22.3,0,0,0
2022/9/23 22:00,22,100,0,22,0,0,0
2022/9/23 23:00,22.1,100,0,22.1,0,0,0
2022/9/24 0:00,22.5,100,0,22.5,0,0,0
2022/9/24 1:00,21.8,100,0,21.8,0,0,0
2022/9/24 2:00,21.6,100,0,21.6,0,0,0
2022/9/24 3:00,21.6,100,0,21.6,0,0,0
2022/9/24 4:00,22.8,100,0,22.8,0,0,0
2022/9/24 5:00,22.8,100,0,22.8,0,0,0
2022/9/24 6:00,22.8,100,1,22.8,0.01,0,0.447
2022/9/24 7:00,23.1,100,1,23.1,0.06,0,0.294
2022/9/24 8:00,23.6,100,1,23.6,0.08,0,0.926
2022/9/24 9:00,24.7,100,1,24.7,0.45,0,2.002
2022/9/24 10:00,25.4,99,1,25.2,1.19,0.1,2.459
2022/9/24 11:00,25.1,99,1,24.9,0.49,0,0.439
2022/9/24 12:00,24.9,99,1,24.7,0.18,0,0.356
2022/9/24 13:00,23.7,99,1,23.5,0.14,0,0.224
2022/9/24 14:00,23.7,100,1,23.7,0.32,0,0.485
2022/9/24 15:00,23.9,100,1,23.9,0.3,0,0.887
2022/9/24 16:00,24.1,98,1,23.8,0.58,0.1,0.622
2022/9/24 17:00,23.6,100,1,23.6,0.14,0,0.0188
2022/9/24 18:00,23.5,100,0,23.5,0.05,0,0
2022/9/24 19:00,23.8,100,0,23.8,0,0,0
2022/9/24 20:00,22.6,100,0,22.6,0,0,0
2022/9/24 21:00,21.7,100,0,21.7,0,0,0
2022/9/24 22:00,21.1,98,0,20.8,0,0,0
2022/9/24 23:00,20.8,98,0,20.5,0,0,0
2022/9/25 0:00,20.7,99,0,20.5,0,0,0
2022/9/25 1:00,20.9,96,0,20.2,0,0,0
2022/9/25 2:00,21,94,0,20,0,0,0
2022/9/25 3:00,20.3,95,0,19.5,0,0,0
2022/9/25 4:00,20.4,92,0,19.1,0,0,0
2022/9/25 5:00,20.7,88,0,18.7,0,0,0
2022/9/25 6:00,20.6,89,1,18.7,0.03,0,0.742
2022/9/25 7:00,21.7,79,1,17.9,0.46,0.3,2.204
2022/9/25 8:00,22.5,75,1,17.9,0.88,0.1,3.153
2022/9/25 9:00,23.8,69,1,17.8,1.88,0.9,6.23
2022/9/25 10:00,25.1,63,1,17.6,2.15,0.9,8.168
2022/9/25 11:00,25.5,56,1,16.1,2.79,1,7.722
2022/9/25 12:00,26.4,54,1,16.4,2.91,1,6.566
2022/9/25 13:00,26.7,55,1,16.9,2.8,1,5.52
2022/9/25 14:00,27,56,1,17.5,2.46,1,3.622
2022/9/25 15:00,26.1,55,1,16.4,1.93,1,1.405
2022/9/25 16:00,25.1,61,1,17.1,1.28,1,0.25
2022/9/25 17:00,23.5,65,1,16.6,0.56,1,0.0576
2022/9/25 18:00,22.8,71,0,17.3,0.05,0.2,0
2022/9/25 19:00,22.2,78,0,18.2,0,0,0
2022/9/25 20:00,22,81,0,18.6,0,0,0
2022/9/25 21:00,21.8,81,0,18.4,0,0,0
2022/9/25 22:00,21.1,84,0,18.3,0,0,0
2022/9/25 23:00,21.1,84,0,18.3,0,0,0
2022/9/26 0:00,20.5,86,0,18.1,0,0,0
2022/9/26 1:00,19.5,89,0,17.6,0,0,0
2022/9/26 2:00,19.5,88,0,17.5,0,0,0
2022/9/26 3:00,18.8,92,0,17.5,0,0,0
2022/9/26 4:00,18.9,93,0,17.8,0,0,0
2022/9/26 5:00,18.8,91,0,17.3,0,0,0.142
2022/9/26 6:00,18.6,94,1,17.6,0.04,0.2,1.131
2022/9/26 7:00,20.7,81,1,17.3,0.48,1,5.209
2022/9/26 8:00,22.7,71,1,17.2,1.16,1,6.712
2022/9/26 9:00,24.1,65,1,17.1,1.82,1,7.436
2022/9/26 10:00,25.3,60,1,17,2.35,1,7.637
2022/9/26 11:00,26.5,56,1,17,2.69,1,7.339
2022/9/26 12:00,27.4,54,1,17.3,2.81,1,6.591
2022/9/26 13:00,28.1,55,1,18.2,2.71,1,5.33
2022/9/26 14:00,28.1,54,1,17.9,2.38,1,3.481
2022/9/26 15:00,28,57,1,18.7,1.86,1,1.318
2022/9/26 16:00,27.6,57,1,18.3,1.22,1,0.261
2022/9/26 17:00,25.3,70,1,19.4,0.52,1,0.0459
2022/9/26 18:00,25.4,66,0,18.6,0.05,0.2,0
2022/9/26 19:00,24.3,73,0,19.2,0,0,0
2022/9/26 20:00,24.1,75,0,19.4,0,0,0
2022/9/26 21:00,23.3,85,0,20.6,0,0,0
2022/9/26 22:00,22.2,90,0,20.5,0,0,0
2022/9/26 23:00,21.4,93,0,20.2,0,0,0
2022/9/27 0:00,20.9,93,0,19.7,0,0,0
2022/9/27 1:00,20.4,95,0,19.6,0,0,0
2022/9/27 2:00,20.1,94,0,19.1,0,0,0
2022/9/27 3:00,20.4,86,0,18,0,0,0
2022/9/27 4:00,19.7,92,0,18.4,0,0,0
2022/9/27 5:00,19.6,95,0,18.8,0,0,0.11
2022/9/27 6:00,20.3,91,1,18.8,0.03,0.2,1.033
2022/9/27 7:00,21.6,86,1,19.2,0.45,1,5.147
2022/9/27 8:00,23.1,79,1,19.3,1.13,1,6.707
2022/9/27 9:00,24.2,69,1,18.2,1.71,0.9,7.209
2022/9/27 10:00,26.6,68,1,20.2,2.36,1,7.574
2022/9/27 11:00,27.1,55,1,17.3,2.67,1,7.121
2022/9/27 12:00,28.4,55,1,18.5,2.79,1,5.056
2022/9/27 13:00,27.3,57,1,18,2.13,0.6,3.127
2022/9/27 14:00,27.3,62,1,19.4,0.84,0,2.977
2022/9/27 15:00,26.3,66,1,19.5,0.93,0.2,1.52
2022/9/27 16:00,25.9,65,1,18.8,0.77,0.3,0.437
2022/9/27 17:00,24.6,71,1,19,0.38,0.2,0.0911
2022/9/27 18:00,23.2,67,0,16.7,0.04,0,0
2022/9/27 19:00,22.4,73,0,17.3,0,0,0
2022/9/27 20:00,21.9,77,0,17.7,0,0,0
2022/9/27 21:00,21.8,78,0,17.8,0,0,0
2022/9/27 22:00,21.8,80,0,18.2,0,0,0
2022/9/27 23:00,21.5,81,0,18.1,0,0,0
2022/9/28 0:00,20.9,83,0,17.9,0,0,0
2022/9/28 1:00,20.4,83,0,17.4,0,0,0
2022/9/28 2:00,20.6,79,0,16.8,0,0,0
2022/9/28 3:00,20.2,78,0,16.3,0,0,0
2022/9/28 4:00,20.2,75,0,15.6,0,0,0
2022/9/28 5:00,19.5,68,0,13.5,0,0,0
2022/9/28 6:00,19.3,72,1,14.1,0.01,0,0.958
2022/9/28 7:00,20.5,70,1,14.9,0.49,1,5.312
2022/9/28 8:00,21.7,58,1,13.1,1.19,1,7.113
2022/9/28 9:00,23.6,55,1,14.1,1.87,1,7.857
2022/9/28 10:00,24.9,50,1,13.8,2.4,1,8.073
2022/9/28 11:00,24.9,44,1,11.8,2.75,1,7.437
2022/9/28 12:00,26.3,46,1,13.8,2.8,1,6.675
2022/9/28 13:00,26.8,40,1,12.1,2.75,1,5.339
2022/9/28 14:00,27.2,39,1,12.1,2.4,1,3.388
2022/9/28 15:00,26.8,41,1,12.5,1.86,1,1.286
2022/9/28 16:00,24.5,55,1,14.9,0.8,0.5,0.413
2022/9/28 17:00,23.9,54,1,14,0.26,0,0.0575
2022/9/28 18:00,23.3,57,0,14.3,0.02,0,0
2022/9/28 19:00,23.1,65,0,16.2,0,0,0
2022/9/28 20:00,22.8,64,0,15.7,0,0,0
2022/9/28 21:00,22.4,69,0,16.4,0,0,0
2022/9/28 22:00,22.3,72,0,17,0,0,0
2022/9/28 23:00,21,85,0,18.4,0,0,0
2022/9/29 0:00,20.6,87,0,18.4,0,0,0
2022/9/29 1:00,20.5,84,0,17.7,0,0,0
2022/9/29 2:00,20.5,84,0,17.7,0,0,0
2022/9/29 3:00,20.8,77,0,16.6,0,0,0
2022/9/29 4:00,20.8,79,0,17,0,0,0
2022/9/29 5:00,21,80,0,17.4,0,0,0
2022/9/29 6:00,21.1,82,1,17.9,0.01,0,0.69
2022/9/29 7:00,21.4,78,1,17.4,0.13,0,1.768
2022/9/29 8:00,22.2,74,1,17.4,0.46,0,1.742
2022/9/29 9:00,22.9,68,1,16.7,0.78,0,3.495
2022/9/29 10:00,23.9,62,1,16.2,1.33,0.1,3.837
2022/9/29 11:00,25.8,56,1,16.4,2.39,0.7,2.68
2022/9/29 12:00,24.8,53,1,14.6,1.41,0,3.744
2022/9/29 13:00,25.4,62,1,17.6,1.56,0.2,4.842
2022/9/29 14:00,25.1,61,1,17.1,2.16,0.8,2.146
2022/9/29 15:00,24,64,1,16.8,0.97,0.1,0.604
2022/9/29 16:00,23.3,64,1,16.1,0.35,0,0.177
2022/9/29 17:00,22.8,65,1,15.9,0.17,0,0.0167
2022/9/29 18:00,22.5,69,0,16.5,0.01,0,0
2022/9/29 19:00,21.9,71,0,16.4,0,0,0
2022/9/29 20:00,22.2,73,0,17.1,0,0,0
2022/9/29 21:00,21.3,80,0,17.7,0,0,0
2022/9/29 22:00,21.5,83,0,18.5,0,0,0
2022/9/29 23:00,20.9,88,0,18.8,0,0,0
2022/9/30 0:00,21.1,90,0,19.4,0,0,0
2022/9/30 1:00,20.8,92,0,19.5,0,0,0
2022/9/30 2:00,20.8,92,0,19.5,0,0,0
2022/9/30 3:00,20.9,88,0,18.8,0,0,0
2022/9/30 4:00,20.4,85,0,17.8,0,0,0
2022/9/30 5:00,20.4,86,0,18,0,0,0
2022/9/30 6:00,19.4,85,1,16.8,0.02,0,0.943
2022/9/30 7:00,20.2,84,1,17.4,0.27,0.2,4.852
2022/9/30 8:00,22.1,74,1,17.3,1.08,1,5.956
2022/9/30 9:00,23.6,69,1,17.6,1.64,0.9,5.585
2022/9/30 10:00,24.8,66,1,18,1.97,0.8,7.373
2022/9/30 11:00,25.2,61,1,17.2,2.04,0.7,6.466
2022/9/30 12:00,26.5,54,1,16.5,1.92,0.6,6.265
2022/9/30 13:00,27.6,54,1,17.5,2.45,0.9,5.409
2022/9/30 14:00,25.9,56,1,16.5,1.79,0.6,3.492
2022/9/30 15:00,27.5,49,1,15.9,1.55,0.7,1.31
2022/9/30 16:00,26.4,45,1,13.5,1.05,0.9,0.233
2022/9/30 17:00,25.3,51,1,14.5,0.46,1,0.0366
2022/9/30 18:00,23.8,60,0,15.6,0.03,0.1,0
2022/9/30 19:00,23.3,69,0,17.3,0,0,0
2022/9/30 20:00,22.6,77,0,18.4,0,0,0
2022/9/30 21:00,22.5,77,0,18.3,0,0,0
2022/9/30 22:00,21.6,80,0,18,0,0,0
2022/9/30 23:00,22.2,78,0,18.2,0,0,0
2022/10/1 0:00,22,80,0,18.4,0,0,0
2022/10/1 1:00,21.7,80,0,18.1,0,0,0
2022/10/1 2:00,21.3,81,0,17.9,0,0,0
2022/10/1 3:00,21.1,77,0,16.9,0,0,0
2022/10/1 4:00,20.5,75,0,15.9,0,0,0
2022/10/1 5:00,20.5,75,0,15.9,0,0,0
2022/10/1 6:00,20.2,74,1,15.4,0.03,0,1.1
2022/10/1 7:00,20.7,74,1,15.9,0.24,0.1,5.204
2022/10/1 8:00,21.6,71,1,16.1,0.87,0.6,5.941
2022/10/1 9:00,23.8,62,1,16.1,1.76,1,7.715
2022/10/1 10:00,25.2,57,1,16.1,2.33,1,7.244
2022/10/1 11:00,27.2,62,1,19.3,2.66,1,6.55
2022/10/1 12:00,27.5,50,1,16.2,2.84,1,5.751
2022/10/1 13:00,28.7,49,1,16.9,2.53,0.9,4.802
2022/10/1 14:00,28.7,46,1,16,2.38,1,2.88
2022/10/1 15:00,27.4,49,1,15.8,1.3,0.6,1.092
2022/10/1 16:00,27.4,50,1,16.1,0.92,0.7,0.218
2022/10/1 17:00,25.6,59,1,17,0.46,1,0.0265
2022/10/1 18:00,24.3,58,0,15.5,0.03,0.2,0
2022/10/1 19:00,23.7,65,0,16.7,0,0,0
2022/10/1 20:00,23.2,72,0,17.9,0,0,0
2022/10/1 21:00,22.5,79,0,18.7,0,0,0
2022/10/1 22:00,21.2,84,0,18.4,0,0,0
2022/10/1 23:00,21,81,0,17.6,0,0,0
2022/10/2 0:00,20.5,84,0,17.7,0,0,0
2022/10/2 1:00,20.2,86,0,17.8,0,0,0
2022/10/2 2:00,19.9,88,0,17.9,0,0,0
2022/10/2 3:00,20.2,81,0,16.8,0,0,0
2022/10/2 4:00,20.3,76,0,15.9,0,0,0
2022/10/2 5:00,19.8,76,0,15.5,0,0,0.307
2022/10/2 6:00,19.2,78,1,15.3,0.03,0,0.858
2022/10/2 7:00,19.9,71,1,14.5,0.35,0.4,5.341
2022/10/2 8:00,21.9,61,1,14.1,1.16,1,6.928
2022/10/2 9:00,23.8,54,1,14,1.82,1,7.682
2022/10/2 10:00,26.3,48,1,14.4,2.36,1,7.838
2022/10/2 11:00,27.6,46,1,15,2.7,1,7.488
2022/10/2 12:00,28.3,43,1,14.5,2.81,1,6.64
2022/10/2 13:00,28.6,44,1,15.2,2.7,1,5.283
2022/10/2 14:00,29,37,1,12.9,2.35,1,3.349
2022/10/2 15:00,28.6,38,1,12.9,1.83,1,1.177
2022/10/2 16:00,26.6,38,1,11.1,1.14,1,0.208
2022/10/2 17:00,25.5,47,1,13.4,0.46,1,0.0118
2022/10/2 18:00,24.9,55,0,15.3,0.02,0,0
2022/10/2 19:00,23.7,59,0,15.2,0,0,0
2022/10/2 20:00,22.5,75,0,17.9,0,0,0
2022/10/2 21:00,21.5,85,0,18.9,0,0,0
2022/10/2 22:00,21.7,86,0,19.3,0,0,0
2022/10/2 23:00,21.8,83,0,18.8,0,0,0
2022/10/3 0:00,21.3,86,0,18.9,0,0,0
2022/10/3 1:00,21.4,87,0,19.2,0,0,0
2022/10/3 2:00,21.2,85,0,18.6,0,0,0
2022/10/3 3:00,20.7,89,0,18.8,0,0,0
2022/10/3 4:00,20.7,88,0,18.7,0,0,0
2022/10/3 5:00,20.4,87,0,18.2,0,0,0
2022/10/3 6:00,20.3,88,1,18.3,0.01,0,0.588
2022/10/3 7:00,21,85,1,18.4,0.21,0,2.074
2022/10/3 8:00,22.1,82,1,18.9,0.57,0,4.422
2022/10/3 9:00,22.4,76,1,18,1.03,0,5.231
2022/10/3 10:00,23.4,72,1,18.1,1.33,0,4.788
2022/10/3 11:00,24.6,67,1,18.1,1.71,0.1,6.492
2022/10/3 12:00,25.2,66,1,18.4,2.12,0.5,6.082
2022/10/3 13:00,27.3,59,1,18.6,2.09,0.6,4.398
2022/10/3 14:00,26,62,1,18.2,1.66,0.5,1.65
2022/10/3 15:00,25.1,62,1,17.3,0.52,0,1.005
2022/10/3 16:00,25,63,1,17.5,0.55,0,0.325
2022/10/3 17:00,24.4,67,1,17.9,0.25,0,0.0661
2022/10/3 18:00,24,73,0,18.9,0.01,0,0
2022/10/3 19:00,24,71,0,18.4,0,0,0
2022/10/3 20:00,23.3,74,0,18.4,0,0,0
2022/10/3 21:00,22.6,79,0,18.8,0,0,0
2022/10/3 22:00,22.4,82,0,19.2,0,0,0
2022/10/3 23:00,22,85,0,19.4,0,0,0
2022/10/4 0:00,21.8,87,0,19.6,0,0,0
2022/10/4 1:00,21.8,91,0,20.3,0,0,0
2022/10/4 2:00,21.7,90,0,20,0,0,0
2022/10/4 3:00,21.7,79,0,17.9,0,0,0
2022/10/4 4:00,21.4,80,0,17.8,0,0,0
2022/10/4 5:00,22,80,0,18.4,0,0,0.036
2022/10/4 6:00,22.1,82,1,18.9,0.02,0,0.65
2022/10/4 7:00,23.3,81,1,19.9,0.37,0.8,4.891
2022/10/4 8:00,25.1,73,1,19.9,1.04,1,6.503
2022/10/4 9:00,26.6,64,1,19.2,1.72,1,7.547
2022/10/4 10:00,27.5,58,1,18.5,2.33,1,8.03
2022/10/4 11:00,28.9,58,1,19.8,2.56,1,7.682
2022/10/4 12:00,28.7,56,1,19.1,2.63,0.9,6.724
2022/10/4 13:00,28.7,56,1,19.1,2.57,1,5.311
2022/10/4 14:00,28.5,57,1,19.2,2.07,0.8,3.09
2022/10/4 15:00,28.2,56,1,18.6,1.64,1,1.067
2022/10/4 16:00,27.1,61,1,18.9,0.59,0.3,0.361
2022/10/4 17:00,26.3,66,1,19.5,0.25,0,0.0106
2022/10/4 18:00,25.9,68,0,19.6,0.02,0,0
2022/10/4 19:00,25.4,71,0,19.8,0,0,0
2022/10/4 20:00,25.1,72,0,19.7,0,0,0
2022/10/4 21:00,24.6,75,0,19.9,0,0,0
2022/10/4 22:00,24.7,75,0,20,0,0,0
2022/10/4 23:00,24.7,76,0,20.2,0,0,0
2022/10/5 0:00,24.5,76,0,20,0,0,0
2022/10/5 1:00,24.7,73,0,19.5,0,0,0
2022/10/5 2:00,24.2,74,0,19.3,0,0,0
2022/10/5 3:00,23.2,78,0,19.2,0,0,0
2022/10/5 4:00,22.9,78,0,18.9,0,0,0
2022/10/5 5:00,22.7,80,0,19.1,0,0,0
2022/10/5 6:00,23,79,1,19.2,0,0,0.129
2022/10/5 7:00,23.8,66,1,17.1,0.05,0,0.422
2022/10/5 8:00,22.4,86,1,20,0.18,0,0.573
2022/10/5 9:00,23.2,83,1,20.2,0.2,0,0.516
2022/10/5 10:00,23,82,1,19.8,0.2,0,0.408
2022/10/5 11:00,20.7,95,1,19.9,0.11,0,0.47
2022/10/5 12:00,20.1,97,1,19.6,0.24,0,0.365
2022/10/5 13:00,19.2,97,1,18.7,0.25,0,0.655
2022/10/5 14:00,18.9,95,1,18.1,0.24,0,0.329
2022/10/5 15:00,18.4,97,1,17.9,0.07,0,0.31
2022/10/5 16:00,17.9,95,1,17.1,0.08,0,0.0787
2022/10/5 17:00,17.3,93,1,16.2,0.03,0,0
2022/10/5 18:00,17.1,95,0,16.3,0,0,0
2022/10/5 19:00,16,96,0,15.4,0,0,0
2022/10/5 20:00,15.8,96,0,15.2,0,0,0
2022/10/5 21:00,15.2,96,0,14.6,0,0,0
2022/10/5 22:00,15,96,0,14.4,0,0,0
2022/10/5 23:00,15.1,98,0,14.8,0,0,0
2022/10/6 0:00,14.6,97,0,14.1,0,0,0
2022/10/6 1:00,14.4,97,0,13.9,0,0,0
2022/10/6 2:00,14.3,96,0,13.7,0,0,0
2022/10/6 3:00,14,94,0,13.1,0,0,0
2022/10/6 4:00,14,92,0,12.7,0,0,0
2022/10/6 5:00,14.3,86,0,12,0,0,0
2022/10/6 6:00,14.4,86,1,12.1,0,0,0.138
2022/10/6 7:00,14.5,84,1,11.8,0.07,0,0.799
2022/10/6 8:00,13.2,90,1,11.6,0.24,0,0.986
2022/10/6 9:00,13.6,92,1,12.3,0.44,0,1.182
2022/10/6 10:00,13.4,92,1,12.1,0.45,0,1.347
2022/10/6 11:00,13.4,94,1,12.5,0.58,0,1.594
2022/10/6 12:00,12.9,95,1,12.1,0.44,0,0.853
2022/10/6 13:00,12.4,95,1,11.6,0.32,0,0.712
2022/10/6 14:00,12.1,97,1,11.6,0.25,0,0.531
2022/10/6 15:00,12,97,1,11.5,0.18,0,0.358
2022/10/6 16:00,12,95,1,11.2,0.16,0,0.0984
2022/10/6 17:00,11.8,94,1,10.9,0.08,0,0.0153
2022/10/6 18:00,12,94,0,11.1,0.01,0,0
2022/10/6 19:00,12.2,93,0,11.1,0,0,0
2022/10/6 20:00,12.5,86,0,10.2,0,0,0
2022/10/6 21:00,12.5,91,0,11.1,0,0,0
2022/10/6 22:00,13,86,0,10.7,0,0,0
2022/10/6 23:00,13,87,0,10.9,0,0,0
2022/10/7 0:00,12.7,87,0,10.6,0,0,0
2022/10/7 1:00,12.8,88,0,10.9,0,0,0
2022/10/7 2:00,12.9,89,0,11.1,0,0,0
2022/10/7 3:00,12.8,91,0,11.4,0,0,0
2022/10/7 4:00,12.8,90,0,11.2,0,0,0
2022/10/7 5:00,12.6,86,0,10.3,0,0,0
2022/10/7 6:00,12.8,82,1,9.8,0,0,0.159
2022/10/7 7:00,12.8,83,1,10,0.06,0,0.154
2022/10/7 8:00,12.2,91,1,10.8,0.09,0,0.251
2022/10/7 9:00,11.7,96,1,11.1,0.16,0,0.408
2022/10/7 10:00,11.9,96,1,11.3,0.28,0,0.574
2022/10/7 11:00,12.3,98,1,12,0.27,0,0.79
2022/10/7 12:00,12,98,1,11.7,0.21,0,0.698
2022/10/7 13:00,11.5,98,1,11.2,0.28,0,0.506
2022/10/7 14:00,11.7,98,1,11.4,0.2,0,0.343
2022/10/7 15:00,11.5,98,1,11.2,0.13,0,0.102
2022/10/7 16:00,11.9,99,1,11.8,0.05,0,0.0219
2022/10/7 17:00,11.9,99,1,11.8,0.01,0,0
2022/10/7 18:00,12,99,0,11.9,0,0,0
2022/10/7 19:00,12.4,98,0,12.1,0,0,0
2022/10/7 20:00,12.6,96,0,12,0,0,0
2022/10/7 21:00,12.7,98,0,12.4,0,0,0
2022/10/7 22:00,13.1,98,0,12.8,0,0,0
2022/10/7 23:00,13.3,98,0,13,0,0,0
2022/10/8 0:00,13.2,98,0,12.9,0,0,0
2022/10/8 1:00,12.5,99,0,12.4,0,0,0
2022/10/8 2:00,12.3,100,0,12.3,0,0,0
2022/10/8 3:00,12.3,100,0,12.3,0,0,0
2022/10/8 4:00,12.4,100,0,12.4,0,0,0
2022/10/8 5:00,12.5,100,0,12.5,0,0,0
2022/10/8 6:00,12.7,100,1,12.7,0,0,0.208
2022/10/8 7:00,13.2,100,1,13.2,0.08,0,1.085
2022/10/8 8:00,14.7,100,1,14.7,0.4,0,3.496
2022/10/8 9:00,15.3,90,1,13.7,0.96,0.1,2.36
2022/10/8 10:00,16.9,88,1,14.9,0.92,0,2.693
2022/10/8 11:00,18.4,75,1,13.9,1.33,0.1,3.064
2022/10/8 12:00,19,68,1,13,1.45,0.2,5.317
2022/10/8 13:00,20.2,67,1,13.9,1.9,0.7,3.201
2022/10/8 14:00,19.9,66,1,13.4,1.24,0.1,2.199
2022/10/8 15:00,19.5,71,1,14.1,1.02,0.2,1.061
2022/10/8 16:00,18.9,73,1,14,0.46,0,0.248
2022/10/8 17:00,17.5,82,1,14.4,0.15,0,0.0113
2022/10/8 18:00,17.5,80,0,14,0.01,0,0
2022/10/8 19:00,16.7,85,0,14.2,0,0,0
2022/10/8 20:00,17.1,84,0,14.4,0,0,0
2022/10/8 21:00,17.7,81,0,14.4,0,0,0
2022/10/8 22:00,16.7,84,0,14,0,0,0
2022/10/8 23:00,17.1,80,0,13.6,0,0,0
2022/10/9 0:00,15.9,82,0,12.8,0,0,0
2022/10/9 1:00,15.7,86,0,13.4,0,0,0
2022/10/9 2:00,14.9,90,0,13.3,0,0,0
2022/10/9 3:00,15.1,87,0,13,0,0,0
2022/10/9 4:00,14.7,87,0,12.6,0,0,0
2022/10/9 5:00,14.8,85,0,12.3,0,0,0.0353
2022/10/9 6:00,14.8,83,1,12,0.01,0,0.47
2022/10/9 7:00,15.3,82,1,12.3,0.24,0.1,1.721
2022/10/9 8:00,16.1,78,1,12.3,0.53,0,3.934
2022/10/9 9:00,17.6,71,1,12.3,1.12,0.3,5.972
2022/10/9 10:00,19.2,70,1,13.6,1.82,0.7,5.581
2022/10/9 11:00,20.1,67,1,13.8,1.83,0.3,4.302
2022/10/9 12:00,20.1,72,1,14.9,1.4,0,2.358
2022/10/9 13:00,20.6,71,1,15.2,1.08,0,2.14
2022/10/9 14:00,20.3,73,1,15.3,0.8,0,0.674
2022/10/9 15:00,20,70,1,14.4,0.36,0,0.248
2022/10/9 16:00,19.5,69,1,13.7,0.18,0,0.0206
2022/10/9 17:00,17,90,1,15.4,0.02,0,0
2022/10/9 18:00,16.3,96,0,15.7,0,0,0
2022/10/9 19:00,16.1,99,0,16,0,0,0
2022/10/9 20:00,16.2,99,0,16.1,0,0,0
2022/10/9 21:00,16.2,98,0,15.9,0,0,0
2022/10/9 22:00,16,98,0,15.7,0,0,0
2022/10/9 23:00,15.6,99,0,15.5,0,0,0
2022/10/10 0:00,15.5,99,0,15.4,0,0,0
2022/10/10 1:00,15.5,100,0,15.5,0,0,0
2022/10/10 2:00,15.1,100,0,15.1,0,0,0
2022/10/10 3:00,15,100,0,15,0,0,0
2022/10/10 4:00,14.9,100,0,14.9,0,0,0
2022/10/10 5:00,14.9,100,0,14.9,0,0,0
2022/10/10 6:00,15.1,100,1,15.1,0,0,0.647
2022/10/10 7:00,15.4,100,1,15.4,0.17,0,1.001
2022/10/10 8:00,16.2,98,1,15.9,0.36,0,1.884
2022/10/10 9:00,16.4,98,1,16.1,0.44,0,1.958
2022/10/10 10:00,17.7,97,1,17.2,0.65,0,4.376
2022/10/10 11:00,17.9,94,1,16.9,0.63,0,2.936
2022/10/10 12:00,19.7,92,1,18.4,0.64,0,3.014
2022/10/10 13:00,20.7,93,1,19.5,1.36,0.2,2.85
2022/10/10 14:00,21.4,89,1,19.5,0.59,0,2.001
2022/10/10 15:00,20.8,88,1,18.7,0.49,0,0.806
2022/10/10 16:00,19.7,87,1,17.5,0.45,0,0.184
2022/10/10 17:00,18.5,92,1,17.2,0.19,0.2,0.0152
2022/10/10 18:00,17.5,96,0,16.9,0.01,0,0
2022/10/10 19:00,17.2,99,0,17.1,0,0,0
2022/10/10 20:00,17.2,97,0,16.7,0,0,0
2022/10/10 21:00,20,98,0,19.7,0,0,0
2022/10/10 22:00,22.5,86,0,20.1,0,0,0
2022/10/10 23:00,22.1,84,0,19.3,0,0,0
2022/10/11 0:00,22.5,82,0,19.3,0,0,0
2022/10/11 1:00,22.3,78,0,18.3,0,0,0
2022/10/11 2:00,21.9,76,0,17.5,0,0,0
2022/10/11 3:00,21.9,67,0,15.5,0,0,0
2022/10/11 4:00,21.3,64,0,14.2,0,0,0
2022/10/11 5:00,20.4,66,0,13.9,0,0,0
2022/10/11 6:00,18,87,1,15.8,0.01,0,0.621
2022/10/11 7:00,18.4,91,1,16.9,0.24,0.1,1.569
2022/10/11 8:00,19.8,85,1,17.2,0.59,0.2,4.728
2022/10/11 9:00,22.4,66,1,15.8,1.7,1,7.888
2022/10/11 10:00,24.3,48,1,12.6,2.59,1,7.847
2022/10/11 11:00,24.4,48,1,12.7,2.9,1,6.882
2022/10/11 12:00,24.9,48,1,13.2,2.8,1,5.271
2022/10/11 13:00,25.3,51,1,14.5,2.71,1,3.72
2022/10/11 14:00,25.1,46,1,12.7,1.82,1,2.127
2022/10/11 15:00,23.1,50,1,12.1,0.93,0.1,0.942
2022/10/11 16:00,23.5,45,1,10.9,0.44,0,0.258
2022/10/11 17:00,22.4,66,1,15.8,0.12,0,0.0155
2022/10/11 18:00,21.4,70,0,15.7,0,0,0
2022/10/11 19:00,20.9,69,0,15,0,0,0
2022/10/11 20:00,19.9,76,0,15.6,0,0,0
2022/10/11 21:00,19.2,78,0,15.3,0,0,0
2022/10/11 22:00,20.2,73,0,15.2,0,0,0
2022/10/11 23:00,19.4,58,0,10.9,0,0,0
2022/10/12 0:00,18.4,59,0,10.3,0,0,0
2022/10/12 1:00,18.6,58,0,10.2,0,0,0
2022/10/12 2:00,18,64,0,11.1,0,0,0
2022/10/12 3:00,18.3,62,0,10.9,0,0,0
2022/10/12 4:00,17.5,68,0,11.5,0,0,0
2022/10/12 5:00,17.9,63,0,10.8,0,0,0
2022/10/12 6:00,17.7,66,1,11.3,0.01,0,0.0724
2022/10/12 7:00,18,63,1,10.9,0.11,0,0.354
2022/10/12 8:00,17.9,68,1,11.9,0.18,0,0.778
2022/10/12 9:00,18.5,65,1,11.8,0.26,0,1.293
2022/10/12 10:00,18.8,63,1,11.6,0.28,0,1.051
2022/10/12 11:00,19.5,66,1,13,0.68,0,1.768
2022/10/12 12:00,19.6,67,1,13.3,0.6,0,1.233
2022/10/12 13:00,19.6,65,1,12.9,0.63,0,0.853
2022/10/12 14:00,19.4,66,1,12.9,0.44,0,0.549
2022/10/12 15:00,19.6,66,1,13.1,0.36,0,0.476
2022/10/12 16:00,18.5,70,1,12.9,0.16,0,0.0545
2022/10/12 17:00,19.3,62,1,11.9,0.03,0,0
2022/10/12 18:00,18.6,67,0,12.4,0,0,0
2022/10/12 19:00,17.6,78,0,13.7,0,0,0
2022/10/12 20:00,18.1,74,0,13.4,0,0,0
2022/10/12 21:00,18.2,74,0,13.5,0,0,0
2022/10/12 22:00,17.9,76,0,13.6,0,0,0
2022/10/12 23:00,17.9,77,0,13.8,0,0,0
2022/10/13 0:00,17.8,78,0,13.9,0,0,0
2022/10/13 1:00,17.5,81,0,14.2,0,0,0
2022/10/13 2:00,16.7,90,0,15.1,0,0,0
2022/10/13 3:00,15.8,97,0,15.3,0,0,0
2022/10/13 4:00,15.2,97,0,14.7,0,0,0
2022/10/13 5:00,15.3,94,0,14.4,0,0,0
2022/10/13 6:00,15.4,96,1,14.8,0,0,0.0674
2022/10/13 7:00,15.7,92,1,14.4,0.04,0,0.253
2022/10/13 8:00,15.5,88,1,13.5,0.11,0,0.214
2022/10/13 9:00,16.4,78,1,12.6,0.24,0,0.713
2022/10/13 10:00,15.9,83,1,13,0.19,0,0.804
2022/10/13 11:00,15.8,81,1,12.6,0.15,0,0.429
2022/10/13 12:00,16,84,1,13.3,0.4,0,1.098
2022/10/13 13:00,16.4,80,1,13,0.32,0,0.676
2022/10/13 14:00,16.2,86,1,13.9,0.21,0,0.446
2022/10/13 15:00,15.8,90,1,14.2,0.1,0,0.0655
2022/10/13 16:00,15.9,91,1,14.4,0.04,0,0.072
2022/10/13 17:00,16.2,92,1,14.9,0,0,0
2022/10/13 18:00,15.8,97,0,15.3,0,0,0
2022/10/13 19:00,15.4,98,0,15.1,0,0,0
2022/10/13 20:00,15.4,97,0,14.9,0,0,0
2022/10/13 21:00,15.3,99,0,15.2,0,0,0
2022/10/13 22:00,15.2,99,0,15.1,0,0,0
2022/10/13 23:00,15.2,99,0,15.1,0,0,0
2022/10/14 0:00,14.9,99,0,14.8,0,0,0
2022/10/14 1:00,15,99,0,14.9,0,0,0
2022/10/14 2:00,15,99,0,14.9,0,0,0
2022/10/14 3:00,15.1,99,0,15,0,0,0
2022/10/14 4:00,15.1,98,0,14.8,0,0,0
2022/10/14 5:00,15.1,99,0,15,0,0,0
2022/10/14 6:00,15.3,99,1,15.2,0,0,0.116
2022/10/14 7:00,15.6,99,1,15.5,0.05,0,0.358
2022/10/14 8:00,16,100,1,16,0.11,0,0.724
2022/10/14 9:00,16.1,99,1,16,0.28,0,1.603
2022/10/14 10:00,16.8,97,1,16.3,0.57,0,2.366
2022/10/14 11:00,17.9,96,1,17.3,0.91,0,2.198
2022/10/14 12:00,18.9,87,1,16.7,1.15,0,1.976
2022/10/14 13:00,19.5,88,1,17.5,0.81,0,1.09
2022/10/14 14:00,19.9,84,1,17.1,0.48,0,0.898
2022/10/14 15:00,20.1,88,1,18.1,0.36,0,0.876
2022/10/14 16:00,20.4,83,1,17.4,0.18,0,0.0426
2022/10/14 17:00,19.9,87,1,17.7,0.09,0,0
2022/10/14 18:00,20,86,0,17.6,0,0,0
2022/10/14 19:00,19.9,84,0,17.1,0,0,0
2022/10/14 20:00,19.4,84,0,16.6,0,0,0
2022/10/14 21:00,19.5,79,0,15.8,0,0,0
2022/10/14 22:00,19.7,81,0,16.4,0,0,0
2022/10/14 23:00,19.1,82,0,16,0,0,0
2022/10/15 0:00,19.3,81,0,16,0,0,0
2022/10/15 1:00,19,82,0,15.9,0,0,0
2022/10/15 2:00,18.5,84,0,15.8,0,0,0
2022/10/15 3:00,18.7,79,0,15,0,0,0
2022/10/15 4:00,18.4,81,0,15.1,0,0,0
2022/10/15 5:00,18.3,81,0,15,0,0,0
2022/10/15 6:00,17.5,88,1,15.5,0,0,0.264
2022/10/15 7:00,18.1,85,1,15.6,0.13,0,0.932
2022/10/15 8:00,19.2,81,1,15.9,0.57,0,2.336
2022/10/15 9:00,19.6,79,1,15.9,0.58,0,2.331
2022/10/15 10:00,20.5,75,1,15.9,0.93,0,2.3
2022/10/15 11:00,21.9,71,1,16.4,1.27,0,2.263
2022/10/15 12:00,22.4,68,1,16.2,1.25,0,3.633
2022/10/15 13:00,24.5,67,1,18,1.83,0.4,3.123
2022/10/15 14:00,24,67,1,17.5,2.23,0.9,2.204
2022/10/15 15:00,23.6,68,1,17.4,1.21,0.5,0.776
2022/10/15 16:00,22.9,72,1,17.6,0.37,0,0.231
2022/10/15 17:00,21.5,79,1,17.7,0.12,0,0.029
2022/10/15 18:00,20.9,79,0,17.1,0,0,0
2022/10/15 19:00,20.1,81,0,16.8,0,0,0
2022/10/15 20:00,19.7,83,0,16.7,0,0,0
2022/10/15 21:00,19.4,85,0,16.8,0,0,0
2022/10/15 22:00,19.4,83,0,16.5,0,0,0
2022/10/15 23:00,18.7,83,0,15.8,0,0,0
2022/10/16 0:00,17.7,84,0,15,0,0,0
2022/10/16 1:00,17.5,85,0,15,0,0,0
2022/10/16 2:00,17.3,86,0,15,0,0,0
2022/10/16 3:00,17,90,0,15.4,0,0,0
2022/10/16 4:00,16.5,93,0,15.4,0,0,0
2022/10/16 5:00,16.4,94,0,15.4,0,0,0
2022/10/16 6:00,16.8,94,1,15.8,0,0,0.471
2022/10/16 7:00,18.2,90,1,16.5,0.12,0.1,0.916
2022/10/16 8:00,19.2,84,1,16.4,0.34,0,1.959
2022/10/16 9:00,20,77,1,15.9,0.61,0,2.97
2022/10/16 10:00,20.9,77,1,16.7,0.85,0,4.753
2022/10/16 11:00,21.2,73,1,16.2,1.07,0,3.203
2022/10/16 12:00,23.2,73,1,18.1,1.51,0,1.779
2022/10/16 13:00,24.6,71,1,19,1.64,0.1,3.054
2022/10/16 14:00,23.5,67,1,17,1.9,0.7,1.749
2022/10/16 15:00,22.7,70,1,17,0.55,0,0.97
2022/10/16 16:00,21.7,77,1,17.5,0.36,0.1,0.208
2022/10/16 17:00,21.5,77,1,17.3,0.13,0,0.0173
2022/10/16 18:00,21.2,77,0,17,0,0,0
2022/10/16 19:00,21.1,80,0,17.5,0,0,0
2022/10/16 20:00,20.1,84,0,17.3,0,0,0
2022/10/16 21:00,20,86,0,17.6,0,0,0
2022/10/16 22:00,19.8,87,0,17.6,0,0,0
2022/10/16 23:00,19.6,89,0,17.7,0,0,0
2022/10/17 0:00,19.5,91,0,18,0,0,0
2022/10/17 1:00,19.6,91,0,18.1,0,0,0
2022/10/17 2:00,19.9,90,0,18.2,0,0,0
2022/10/17 3:00,19.9,90,0,18.2,0,0,0
2022/10/17 4:00,19.9,89,0,18,0,0,0
2022/10/17 5:00,19.8,90,0,18.1,0,0,0
2022/10/17 6:00,19.6,92,1,18.3,0.01,0,0.219
2022/10/17 7:00,19.5,95,1,18.7,0.06,0,0.811
2022/10/17 8:00,19.5,93,1,18.3,0.23,0,0.596
2022/10/17 9:00,20.8,89,1,18.9,0.41,0,2.086
2022/10/17 10:00,21.4,85,1,18.8,0.73,0,2.475
2022/10/17 11:00,20.9,87,1,18.7,0.41,0,1.311
2022/10/17 12:00,20.7,96,1,20.1,0.37,0,1.854
2022/10/17 13:00,21.4,86,1,19,0.65,0,0.75
2022/10/17 14:00,20.9,97,1,20.4,0.28,0,0.394
2022/10/17 15:00,21.1,97,1,20.6,0.19,0,0.349
2022/10/17 16:00,20.8,96,1,20.2,0.14,0,0.0608
2022/10/17 17:00,20.6,95,1,19.8,0.02,0,0
2022/10/17 18:00,20.3,95,0,19.5,0,0,0
2022/10/17 19:00,19.6,98,0,19.3,0,0,0
2022/10/17 20:00,19.4,96,0,18.8,0,0,0
2022/10/17 21:00,19.1,95,0,18.3,0,0,0
2022/10/17 22:00,19.1,97,0,18.6,0,0,0
2022/10/17 23:00,18.9,99,0,18.7,0,0,0
2022/10/18 0:00,18.7,99,0,18.5,0,0,0
2022/10/18 1:00,18.7,100,0,18.7,0,0,0
2022/10/18 2:00,18.2,100,0,18.2,0,0,0
2022/10/18 3:00,17,99,0,16.9,0,0,0
2022/10/18 4:00,16.5,98,0,16.2,0,0,0
2022/10/18 5:00,16.7,98,0,16.4,0,0,0
2022/10/18 6:00,15.8,96,1,15.2,0,0,0.0266
2022/10/18 7:00,16.1,95,1,15.3,0.03,0,0.379
2022/10/18 8:00,16.1,88,1,14.1,0.15,0,0.839
2022/10/18 9:00,15.9,83,1,13,0.25,0,0.661
2022/10/18 10:00,15.7,82,1,12.6,0.27,0,1.1
2022/10/18 11:00,16.1,76,1,11.9,0.32,0,1.787
2022/10/18 12:00,16.4,78,1,12.6,0.68,0,1.086
2022/10/18 13:00,17.1,73,1,12.2,0.67,0,1.075
2022/10/18 14:00,18.1,68,1,12.1,1.01,0.1,1.95
2022/10/18 15:00,17.8,67,1,11.6,0.99,0.2,0.93
2022/10/18 16:00,17.2,71,1,11.9,0.44,0.1,0.149
2022/10/18 17:00,17,68,1,11.1,0.07,0,0
2022/10/18 18:00,17,68,0,11.1,0,0,0
2022/10/18 19:00,15.9,77,0,11.9,0,0,0
2022/10/18 20:00,15.1,83,0,12.2,0,0,0
2022/10/18 21:00,14.3,88,0,12.3,0,0,0
2022/10/18 22:00,13.6,91,0,12.2,0,0,0
2022/10/18 23:00,13.1,96,0,12.5,0,0,0
2022/10/19 0:00,13.2,92,0,11.9,0,0,0
2022/10/19 1:00,13.1,85,0,10.6,0,0,0
2022/10/19 2:00,12.8,94,0,11.9,0,0,0
2022/10/19 3:00,12.6,92,0,11.3,0,0,0
2022/10/19 4:00,12.2,97,0,11.7,0,0,0
2022/10/19 5:00,11.8,96,0,11.2,0,0,0
2022/10/19 6:00,11.6,95,1,10.8,0,0,0.122
2022/10/19 7:00,12,89,1,10.3,0.03,0,0.359
2022/10/19 8:00,13.9,74,1,9.4,0.43,0.1,1.125
2022/10/19 9:00,14.3,72,1,9.3,0.61,0,1.768
2022/10/19 10:00,16,62,1,8.7,0.94,0,2.411
2022/10/19 11:00,16.9,61,1,9.3,1.47,0.2,2.526
2022/10/19 12:00,17.4,57,1,8.8,1.61,0.4,2.883
2022/10/19 13:00,17.4,50,1,6.9,1.41,0.2,1.715
2022/10/19 14:00,18.2,53,1,8.5,1.03,0.2,1.592
2022/10/19 15:00,17.4,54,1,8,1.24,0.4,0.769
2022/10/19 16:00,16.8,54,1,7.5,0.55,0.3,0.199
2022/10/19 17:00,16.4,49,0,5.7,0.15,0.1,0
2022/10/19 18:00,16,57,0,7.5,0,0,0
2022/10/19 19:00,14.6,65,0,8.1,0,0,0
2022/10/19 20:00,14.1,68,0,8.3,0,0,0
2022/10/19 21:00,14.2,71,0,9,0,0,0
2022/10/19 22:00,14.3,69,0,8.7,0,0,0
2022/10/19 23:00,14.3,62,0,7.1,0,0,0
2022/10/20 0:00,13,65,0,6.6,0,0,0
2022/10/20 1:00,12.2,65,0,5.8,0,0,0
2022/10/20 2:00,12.8,66,0,6.6,0,0,0
2022/10/20 3:00,11.1,63,0,4.3,0,0,0
2022/10/20 4:00,10.8,67,0,4.9,0,0,0
2022/10/20 5:00,10.3,71,0,5.3,0,0,0
2022/10/20 6:00,9.8,70,1,4.6,0,0,1.124
2022/10/20 7:00,11.1,66,1,5,0.26,0.5,5.319
2022/10/20 8:00,13.8,55,1,4.9,1.01,1,6.867
2022/10/20 9:00,16,48,1,5,1.65,1,7.761
2022/10/20 10:00,18.3,46,1,6.5,2.2,1,7.875
2022/10/20 11:00,18.6,37,1,3.6,2.53,1,7.429
2022/10/20 12:00,19.1,31,1,1.6,2.63,1,6.57
2022/10/20 13:00,19.8,32,1,2.7,2.49,1,5.12
2022/10/20 14:00,19.6,40,1,5.7,2.1,1,2.994
2022/10/20 15:00,18.8,43,1,6,1.53,1,0.846
2022/10/20 16:00,17.3,45,1,5.3,0.85,1,0.114
2022/10/20 17:00,15.7,50,0,5.3,0.21,0.7,0.001
2022/10/20 18:00,14.1,60,0,6.5,0,0,0
2022/10/20 19:00,14.7,54,0,5.5,0,0,0
2022/10/20 20:00,14.3,72,0,9.3,0,0,0
2022/10/20 21:00,14.9,70,0,9.5,0,0,0
2022/10/20 22:00,13.7,79,0,10.1,0,0,0
2022/10/20 23:00,13.5,81,0,10.3,0,0,0
2022/10/21 0:00,12.8,75,0,8.5,0,0,0
2022/10/21 1:00,13.1,75,0,8.8,0,0,0
2022/10/21 2:00,12.3,81,0,9.1,0,0,0
2022/10/21 3:00,11.9,84,0,9.3,0,0,0
2022/10/21 4:00,12.4,76,0,8.3,0,0,0
2022/10/21 5:00,11.5,78,0,7.8,0,0,0
2022/10/21 6:00,11.7,77,1,7.8,0,0,1.155
2022/10/21 7:00,12.1,69,1,6.6,0.23,0.4,4.824
2022/10/21 8:00,14.5,67,1,8.5,0.95,1,6.57
2022/10/21 9:00,16.3,59,1,8.3,1.59,1,7.457
2022/10/21 10:00,17.5,52,1,7.6,2.11,1,7.71
2022/10/21 11:00,20.2,56,1,11.2,2.41,1,6.932
2022/10/21 12:00,21.1,57,1,12.3,2.42,1,5.997
2022/10/21 13:00,22.3,52,1,12,2.15,1,4.849
2022/10/21 14:00,21.9,54,1,12.2,2.19,1,2.272
2022/10/21 15:00,21.7,60,1,13.6,1.58,1,0.822
2022/10/21 16:00,20.5,62,1,13,0.7,0.9,0.125
2022/10/21 17:00,19.4,68,0,13.4,0.18,0.6,0
2022/10/21 18:00,18.9,70,0,13.3,0,0,0
2022/10/21 19:00,18.4,64,0,11.5,0,0,0
2022/10/21 20:00,18.3,67,0,12.1,0,0,0
2022/10/21 21:00,18,70,0,12.5,0,0,0
2022/10/21 22:00,16.2,76,0,12,0,0,0
2022/10/21 23:00,15.9,74,0,11.3,0,0,0
2022/10/22 0:00,14.9,82,0,11.9,0,0,0
2022/10/22 1:00,15.4,79,0,11.8,0,0,0
2022/10/22 2:00,15.5,79,0,11.9,0,0,0
2022/10/22 3:00,15.3,79,0,11.7,0,0,0
2022/10/22 4:00,15,81,0,11.8,0,0,0
2022/10/22 5:00,15.4,77,0,11.4,0,0,0
2022/10/22 6:00,14.7,80,1,11.3,0,0,0.15
2022/10/22 7:00,14.9,76,1,10.7,0.08,0,0.878
2022/10/22 8:00,15.6,77,1,11.6,0.38,0,2.573
2022/10/22 9:00,17.2,73,1,12.3,0.83,0,2.727
2022/10/22 10:00,18.1,71,1,12.8,0.91,0,2.767
2022/10/22 11:00,18.4,67,1,12.2,1.09,0,2.375
2022/10/22 12:00,19.2,68,1,13.2,0.98,0,1.757
2022/10/22 13:00,20.6,66,1,14,0.77,0.1,1.639
2022/10/22 14:00,20,73,1,15,0.77,0.1,1.351
2022/10/22 15:00,19.7,73,1,14.7,0.53,0,0.697
2022/10/22 16:00,18.5,77,1,14.4,0.3,0,0.113
2022/10/22 17:00,17.5,74,0,12.8,0.06,0.1,0
2022/10/22 18:00,16.4,80,0,13,0,0,0
2022/10/22 19:00,16.5,80,0,13.1,0,0,0
2022/10/22 20:00,15.7,80,0,12.3,0,0,0
2022/10/22 21:00,15.5,80,0,12.1,0,0,0
2022/10/22 22:00,14.6,84,0,11.9,0,0,0
2022/10/22 23:00,14.5,85,0,12,0,0,0
2022/10/23 0:00,15,85,0,12.5,0,0,0
2022/10/23 1:00,14.6,91,0,13.2,0,0,0
2022/10/23 2:00,14.3,92,0,13,0,0,0
2022/10/23 3:00,15,91,0,13.6,0,0,0
2022/10/23 4:00,13.9,93,0,12.8,0,0,0
2022/10/23 5:00,13.5,93,0,12.4,0,0,0
2022/10/23 6:00,13.2,93,1,12.1,0,0,0.464
2022/10/23 7:00,13.6,91,1,12.2,0.12,0.1,3.893
2022/10/23 8:00,16.3,76,1,12.1,0.87,1,6.255
2022/10/23 9:00,18.3,69,1,12.5,1.53,1,7.15
2022/10/23 10:00,19.8,56,1,10.8,2.04,1,7.154
2022/10/23 11:00,22,55,1,12.6,2.37,1,6.517
2022/10/23 12:00,22.9,47,1,11,2.26,1,5.13
2022/10/23 13:00,22.7,43,1,9.5,2.16,1,4.563
2022/10/23 14:00,22.7,46,1,10.5,1.4,0.6,2.677
2022/10/23 15:00,23.3,48,1,11.7,1.3,0.9,0.849
2022/10/23 16:00,21.7,55,1,12.3,0.79,1,0.123
2022/10/23 17:00,19.3,68,0,13.3,0.15,0.4,0
2022/10/23 18:00,19,66,0,12.5,0,0,0
2022/10/23 19:00,19.7,66,0,13.2,0,0,0
2022/10/23 20:00,18.7,71,0,13.3,0,0,0
2022/10/23 21:00,18,78,0,14.1,0,0,0
2022/10/23 22:00,18.9,70,0,13.3,0,0,0
2022/10/23 23:00,18,66,0,11.6,0,0,0
2022/10/24 0:00,17.2,73,0,12.3,0,0,0
2022/10/24 1:00,15.5,84,0,12.8,0,0,0
2022/10/24 2:00,15.2,83,0,12.3,0,0,0
2022/10/24 3:00,14.6,82,0,11.6,0,0,0
2022/10/24 4:00,14.4,84,0,11.7,0,0,0
2022/10/24 5:00,14,80,0,10.6,0,0,0
2022/10/24 6:00,13.7,76,1,9.6,0,0,0.0938
2022/10/24 7:00,13.8,75,1,9.5,0.05,0,0.37
2022/10/24 8:00,14,71,1,8.8,0.26,0,1.495
2022/10/24 9:00,12.8,81,1,9.6,0.32,0,1.406
2022/10/24 10:00,12.7,82,1,9.7,0.67,0,1.709
2022/10/24 11:00,12.5,88,1,10.6,0.38,0,1.901
2022/10/24 12:00,12,85,1,9.6,0.55,0,2.294
2022/10/24 13:00,12.4,75,1,8.1,0.6,0,2.035
2022/10/24 14:00,13.6,65,1,7.2,0.9,0.1,1.493
2022/10/24 15:00,13.9,69,1,8.3,0.52,0,0.577
2022/10/24 16:00,13.6,70,1,8.2,0.3,0,0.0983
2022/10/24 17:00,13,73,0,8.3,0.05,0,0
2022/10/24 18:00,12.9,70,0,7.6,0,0,0
2022/10/24 19:00,12.8,68,0,7.1,0,0,0
2022/10/24 20:00,12.9,72,0,8,0,0,0
2022/10/24 21:00,12.3,77,0,8.4,0,0,0
2022/10/24 22:00,12.3,80,0,9,0,0,0
2022/10/24 23:00,12.2,77,0,8.3,0,0,0
2022/10/25 0:00,12,77,0,8.1,0,0,0
2022/10/25 1:00,12.1,75,0,7.8,0,0,0
2022/10/25 2:00,11.9,74,0,7.4,0,0,0
2022/10/25 3:00,11.8,72,0,6.9,0,0,0
2022/10/25 4:00,11.8,67,0,5.9,0,0,0
2022/10/25 5:00,11.6,65,0,5.3,0,0,0
2022/10/25 6:00,11.7,58,1,3.7,0,0,0.26
2022/10/25 7:00,11.8,57,1,3.6,0.07,0,0.541
2022/10/25 8:00,12,51,1,2.2,0.36,0,1.398
2022/10/25 9:00,13.1,47,1,2.1,0.59,0.1,1.501
2022/10/25 10:00,13.8,50,1,3.6,0.82,0,1.044
2022/10/25 11:00,13.4,53,1,4,0.53,0,0.713
2022/10/25 12:00,13.5,53,1,4.1,0.32,0,0.672
2022/10/25 13:00,14,53,1,4.6,0.31,0,0.566
2022/10/25 14:00,14.2,49,1,3.7,0.31,0,0.399
2022/10/25 15:00,14,52,1,4.3,0.26,0,0.234
2022/10/25 16:00,14.1,48,1,3.3,0.18,0,0.0417
2022/10/25 17:00,13.6,51,0,3.7,0.04,0,0
2022/10/25 18:00,13.7,47,0,2.6,0,0,0
2022/10/25 19:00,13.3,49,0,2.8,0,0,0
2022/10/25 20:00,13.2,51,0,3.3,0,0,0
2022/10/25 21:00,13.3,54,0,4.2,0,0,0
2022/10/25 22:00,13.1,58,0,5,0,0,0
2022/10/25 23:00,11.2,79,0,7.7,0,0,0
2022/10/26 0:00,10.4,82,0,7.5,0,0,0
2022/10/26 1:00,9.8,90,0,8.2,0,0,0
2022/10/26 2:00,9.6,90,0,8,0,0,0
2022/10/26 3:00,10.5,78,0,6.8,0,0,0
2022/10/26 4:00,11.5,66,0,5.4,0,0,0
2022/10/26 5:00,11.5,66,0,5.4,0,0,0
2022/10/26 6:00,11.6,63,1,4.8,0,0,1.193
2022/10/26 7:00,11.2,65,1,4.9,0.12,0,4.722
2022/10/26 8:00,13.4,57,1,5.1,0.88,0.9,6.885
2022/10/26 9:00,14.8,54,1,5.6,1.55,1,7.991
2022/10/26 10:00,16.1,53,1,6.5,2.08,1,8.099
2022/10/26 11:00,17.2,44,1,4.9,2.4,1,7.698
2022/10/26 12:00,17.5,41,1,4.1,2.53,1,6.665
2022/10/26 13:00,18.5,41,1,5,2.39,1,4.954
2022/10/26 14:00,18.1,39,1,4,2.03,1,2.386
2022/10/26 15:00,17.7,37,1,2.8,1.48,1,0.744
2022/10/26 16:00,16.8,38,1,2.4,0.8,1,0.0953
2022/10/26 17:00,14.8,54,0,5.6,0.16,0.7,0
2022/10/26 18:00,14.9,52,0,5.2,0,0,0
2022/10/26 19:00,13.8,56,0,5.2,0,0,0
2022/10/26 20:00,13.3,58,0,5.2,0,0,0
2022/10/26 21:00,12.9,61,0,5.6,0,0,0
2022/10/26 22:00,11.6,68,0,5.9,0,0,0
2022/10/26 23:00,12,65,0,5.6,0,0,0
2022/10/27 0:00,10.9,69,0,5.5,0,0,0
2022/10/27 1:00,10.4,69,0,5,0,0,0
2022/10/27 2:00,10.3,70,0,5.1,0,0,0
2022/10/27 3:00,9.2,77,0,5.4,0,0,0
2022/10/27 4:00,10,73,0,5.4,0,0,0
2022/10/27 5:00,9.4,76,0,5.4,0,0,0
2022/10/27 6:00,9.1,78,1,5.5,0,0,1.548
2022/10/27 7:00,9.2,78,1,5.6,0.17,0.3,4.839
2022/10/27 8:00,11.3,69,1,5.8,0.88,1,6.69
2022/10/27 9:00,12.8,61,1,5.5,1.55,1,7.56
2022/10/27 10:00,14.3,54,1,5.1,2.02,1,7.514
2022/10/27 11:00,15.9,55,1,6.9,2.21,1,5.382
2022/10/27 12:00,16.2,48,1,5.2,1.64,0.7,5.172
2022/10/27 13:00,16.8,45,1,4.8,1.75,0.8,2.338
2022/10/27 14:00,16.1,54,1,6.8,0.83,0,1.62
2022/10/27 15:00,16.1,51,1,6,0.84,0.3,0.819
2022/10/27 16:00,14.9,61,1,7.5,0.42,0,0.174
2022/10/27 17:00,13.7,67,0,7.7,0.09,0,0
2022/10/27 18:00,13.7,62,0,6.6,0,0,0
2022/10/27 19:00,14.3,61,0,6.9,0,0,0
2022/10/27 20:00,14.7,63,0,7.7,0,0,0
2022/10/27 21:00,12.9,70,0,7.6,0,0,0
2022/10/27 22:00,11.9,76,0,7.8,0,0,0
2022/10/27 23:00,12,75,0,7.7,0,0,0
2022/10/28 0:00,12.1,75,0,7.8,0,0,0
2022/10/28 1:00,11.7,76,0,7.6,0,0,0
2022/10/28 2:00,10.7,80,0,7.4,0,0,0
2022/10/28 3:00,10.6,81,0,7.5,0,0,0
2022/10/28 4:00,10.6,78,0,6.9,0,0,0
2022/10/28 5:00,10.3,79,0,6.8,0,0,0
2022/10/28 6:00,10.3,77,0,6.5,0,0,1.011
2022/10/28 7:00,11.1,76,1,7,0.17,0.2,1.943
2022/10/28 8:00,12.3,69,1,6.8,0.38,0.1,1.411
2022/10/28 9:00,12.6,63,1,5.8,0.36,0,1.808
2022/10/28 10:00,13.6,63,1,6.7,0.49,0,2.294
2022/10/28 11:00,14.7,61,1,7.3,0.57,0,1.508
2022/10/28 12:00,16.2,62,1,8.9,0.7,0,1.144
2022/10/28 13:00,17.7,57,1,9.1,1.06,0.1,3.74
2022/10/28 14:00,18.5,58,1,10.1,1.84,0.9,2.738
2022/10/28 15:00,17.9,60,1,10.1,1.37,1,0.736
2022/10/28 16:00,16.5,70,1,11,0.71,1,0.109
2022/10/28 17:00,14.4,78,0,10.6,0.12,0.4,0
2022/10/28 18:00,13.6,80,0,10.2,0,0,0
2022/10/28 19:00,13.7,79,0,10.1,0,0,0
2022/10/28 20:00,13.7,80,0,10.3,0,0,0
2022/10/28 21:00,13.8,79,0,10.2,0,0,0
2022/10/28 22:00,13.1,80,0,9.7,0,0,0
2022/10/28 23:00,13.2,80,0,9.8,0,0,0
2022/10/29 0:00,13.7,75,0,9.4,0,0,0
2022/10/29 1:00,12.8,76,0,8.7,0,0,0
2022/10/29 2:00,12,81,0,8.9,0,0,0
2022/10/29 3:00,11.9,80,0,8.6,0,0,0
2022/10/29 4:00,11.1,83,0,8.3,0,0,0
2022/10/29 5:00,12.4,76,0,8.3,0,0,0
2022/10/29 6:00,12.1,77,0,8.2,0,0,1.462
2022/10/29 7:00,12.2,77,1,8.3,0.14,0.2,4.436
2022/10/29 8:00,15.2,65,1,8.7,0.83,1,6.423
2022/10/29 9:00,17.2,58,1,8.9,1.47,1,7.441
2022/10/29 10:00,18.5,52,1,8.5,1.98,1,7.673
2022/10/29 11:00,20,50,1,9.3,2.29,1,7.207
2022/10/29 12:00,21.1,44,1,8.4,2.39,1,6.226
2022/10/29 13:00,21.4,39,1,6.9,2.26,1,4.701
2022/10/29 14:00,21.3,35,1,5.2,1.9,1,2.514
2022/10/29 15:00,19.9,38,1,5.2,1.13,0.8,0.958
2022/10/29 16:00,18.4,43,1,5.6,0.37,0.2,0.109
2022/10/29 17:00,17.7,43,0,5,0.06,0.1,0
2022/10/29 18:00,17.8,44,0,5.4,0,0,0
2022/10/29 19:00,15.3,52,0,5.5,0,0,0
2022/10/29 20:00,15.4,57,0,6.9,0,0,0
2022/10/29 21:00,14.9,56,0,6.2,0,0,0
2022/10/29 22:00,14.2,58,0,6.1,0,0,0
2022/10/29 23:00,13.3,61,0,6,0,0,0
2022/10/30 0:00,12.5,62,0,5.4,0,0,0
2022/10/30 1:00,13.3,56,0,4.7,0,0,0
2022/10/30 2:00,13,58,0,5,0,0,0
2022/10/30 3:00,12.6,61,0,5.3,0,0,0
2022/10/30 4:00,11.8,62,0,4.8,0,0,0
2022/10/30 5:00,12.1,63,0,5.3,0,0,0
2022/10/30 6:00,11.5,66,0,5.4,0,0,1.609
2022/10/30 7:00,11.1,71,1,6.1,0.14,0.1,3.522
2022/10/30 8:00,12.4,66,1,6.2,0.58,0.7,5.883
2022/10/30 9:00,14.9,52,1,5.2,1.42,0.9,5.317
2022/10/30 10:00,15.9,44,1,3.7,1.23,0.7,6.028
2022/10/30 11:00,16.4,49,1,5.7,1.51,0.7,5.977
2022/10/30 12:00,17.4,41,1,4,1.88,0.9,6.352
2022/10/30 13:00,18.2,35,1,2.5,2.19,1,4.239
2022/10/30 14:00,18.1,38,1,3.6,1.6,0.9,2.563
2022/10/30 15:00,17.7,39,1,3.6,1.2,1,0.71
2022/10/30 16:00,14.9,58,1,6.7,0.5,0.6,0.0446
2022/10/30 17:00,13.2,66,0,7,0.07,0.2,0
2022/10/30 18:00,12.5,69,0,7,0,0,0
2022/10/30 19:00,12.7,65,0,6.3,0,0,0
2022/10/30 20:00,12.3,65,0,5.9,0,0,0
2022/10/30 21:00,12.5,63,0,5.7,0,0,0
2022/10/30 22:00,12.9,64,0,6.3,0,0,0
2022/10/30 23:00,12,71,0,6.9,0,0,0
2022/10/31 0:00,11.7,73,0,7,0,0,0
2022/10/31 1:00,10.9,81,0,7.8,0,0,0
2022/10/31 2:00,12.1,74,0,7.6,0,0,0
2022/10/31 3:00,10.6,79,0,7.1,0,0,0
2022/10/31 4:00,10.5,75,0,6.3,0,0,0
2022/10/31 5:00,11.6,64,0,5,0,0,0
2022/10/31 6:00,11.3,67,0,5.4,0,0,1.47
2022/10/31 7:00,11.3,67,1,5.4,0.12,0.1,4.404
2022/10/31 8:00,13.1,62,1,6,0.84,1,6.558
2022/10/31 9:00,14.9,54,1,5.7,1.48,1,7.615
2022/10/31 10:00,17,52,1,7.1,2.01,1,7.865
2022/10/31 11:00,18.8,47,1,7.3,2.33,1,7.519
2022/10/31 12:00,18.5,41,1,5,2.41,1,6.444
2022/10/31 13:00,19.3,43,1,6.4,2.26,1,4.797
2022/10/31 14:00,19.1,44,1,6.6,1.91,1,2.663
2022/10/31 15:00,18.2,47,1,6.7,1.37,1,0.628
2022/10/31 16:00,17.3,51,1,7.1,0.71,1,0.0758
2022/10/31 17:00,16.7,58,0,8.4,0.12,0.6,0
2022/10/31 18:00,16.1,60,0,8.3,0,0,0
2022/10/31 19:00,16.2,64,0,9.4,0,0,0
2022/10/31 20:00,15.1,68,0,9.3,0,0,0
2022/10/31 21:00,13.9,73,0,9.2,0,0,0
2022/10/31 22:00,14,73,0,9.3,0,0,0
2022/10/31 23:00,13.5,79,0,10,0,0,0
2022/11/1 0:00,13,75,0,8.7,0,0,0
2022/11/1 1:00,12.8,74,0,8.3,0,0,0
2022/11/1 2:00,12.2,74,0,7.7,0,0,0
2022/11/1 3:00,12.6,71,0,7.5,0,0,0
2022/11/1 4:00,12.7,71,0,7.6,0,0,0
2022/11/1 5:00,12.8,71,0,7.7,0,0,0
2022/11/1 6:00,12.7,70,0,7.4,0,0,0.116
2022/11/1 7:00,12.7,71,1,7.6,0.04,0,0.527
2022/11/1 8:00,13.4,70,1,8.1,0.24,0,1.046
2022/11/1 9:00,14.3,66,1,8,0.5,0,2.404
2022/11/1 10:00,15.9,61,1,8.4,1,0.1,2.321
2022/11/1 11:00,16.3,62,1,9,0.98,0,2.492
2022/11/1 12:00,16.6,60,1,8.8,1.01,0,1.937
2022/11/1 13:00,17.1,60,1,9.3,0.82,0,1.343
2022/11/1 14:00,17.3,62,1,10,0.77,0,0.631
2022/11/1 15:00,17.1,66,1,10.7,0.37,0,0.203
2022/11/1 16:00,17,63,1,9.9,0.13,0,0.0337
2022/11/1 17:00,16.6,61,0,9.1,0.02,0,0
2022/11/1 18:00,16.3,61,0,8.8,0,0,0
2022/11/1 19:00,15.6,66,0,9.3,0,0,0
2022/11/1 20:00,15.2,70,0,9.8,0,0,0
2022/11/1 21:00,14.7,77,0,10.7,0,0,0
2022/11/1 22:00,14.8,76,0,10.6,0,0,0
2022/11/1 23:00,14.4,79,0,10.8,0,0,0
2022/11/2 0:00,13.9,84,0,11.3,0,0,0
2022/11/2 1:00,14.3,81,0,11.1,0,0,0
2022/11/2 2:00,12.6,89,0,10.8,0,0,0
2022/11/2 3:00,13.2,86,0,10.9,0,0,0
2022/11/2 4:00,11.9,93,0,10.8,0,0,0
2022/11/2 5:00,12.5,88,0,10.6,0,0,0
2022/11/2 6:00,12.5,88,0,10.6,0,0,1.34
2022/11/2 7:00,13,86,1,10.7,0.1,0.1,3.943
2022/11/2 8:00,14.8,76,1,10.6,0.79,1,6.29
2022/11/2 9:00,16.5,68,1,10.6,1.42,1,7.184
2022/11/2 10:00,18.4,60,1,10.5,1.93,1,7.401
2022/11/2 11:00,20.3,56,1,11.3,2.24,1,6.984
2022/11/2 12:00,21.4,50,1,10.6,2.34,1,5.96
2022/11/2 13:00,21.4,48,1,10,2.19,1,4.493
2022/11/2 14:00,22.3,45,1,9.8,1.83,1,2.487
2022/11/2 15:00,21.2,52,1,11,1.3,1,0.596
2022/11/2 16:00,20.8,53,1,10.9,0.66,1,0.0777
2022/11/2 17:00,17.8,68,0,11.8,0.1,0.4,0
2022/11/2 18:00,17,71,0,11.7,0,0,0
2022/11/2 19:00,16.6,74,0,12,0,0,0
2022/11/2 20:00,17.4,73,0,12.5,0,0,0
2022/11/2 21:00,17.2,70,0,11.7,0,0,0
2022/11/2 22:00,17.2,75,0,12.7,0,0,0
2022/11/2 23:00,15.7,84,0,13,0,0,0
2022/11/3 0:00,15.3,86,0,13,0,0,0
2022/11/3 1:00,14.9,88,0,12.9,0,0,0
2022/11/3 2:00,15,83,0,12.1,0,0,0
2022/11/3 3:00,14,90,0,12.4,0,0,0
2022/11/3 4:00,13.7,91,0,12.3,0,0,0
2022/11/3 5:00,13.6,91,0,12.2,0,0,0
2022/11/3 6:00,12.9,95,0,12.1,0,0,0.543
2022/11/3 7:00,14.4,89,1,12.6,0.11,0,3.4
2022/11/3 8:00,16.1,77,1,12.1,0.65,0.5,5.77
2022/11/3 9:00,16.9,73,1,12,1.26,0.7,6.819
2022/11/3 10:00,18.7,68,1,12.7,1.87,1,7.011
2022/11/3 11:00,20,63,1,12.8,2.17,1,6.806
2022/11/3 12:00,22.1,57,1,13.2,2.27,1,5.988
2022/11/3 13:00,22.3,57,1,13.4,2.13,1,4.53
2022/11/3 14:00,23.8,38,1,8.6,1.84,1,2.512
2022/11/3 15:00,23.1,36,1,7.2,1.33,1,0.657
2022/11/3 16:00,22,45,1,9.5,0.65,0.9,0.077
2022/11/3 17:00,20.9,50,0,10.1,0.11,0.5,0
2022/11/3 18:00,20,57,0,11.2,0,0,0
2022/11/3 19:00,20.5,54,0,10.9,0,0,0
2022/11/3 20:00,18.4,61,0,10.8,0,0,0
2022/11/3 21:00,18,66,0,11.6,0,0,0
2022/11/3 22:00,15.7,79,0,12.1,0,0,0
2022/11/3 23:00,14.7,86,0,12.4,0,0,0
2022/11/4 0:00,14.3,88,0,12.3,0,0,0
2022/11/4 1:00,14.1,89,0,12.3,0,0,0
2022/11/4 2:00,14,90,0,12.4,0,0,0
2022/11/4 3:00,13.7,91,0,12.3,0,0,0
2022/11/4 4:00,13.9,90,0,12.3,0,0,0
2022/11/4 5:00,13.4,87,0,11.3,0,0,0
2022/11/4 6:00,12.5,87,0,10.4,0,0,1.313
2022/11/4 7:00,13.1,86,1,10.8,0.08,0.1,3.519
2022/11/4 8:00,16.6,71,1,11.3,0.79,1,3.663
2022/11/4 9:00,18,59,1,9.9,1.25,0.9,6.041
2022/11/4 10:00,18.9,59,1,10.7,1.92,1,7.173
2022/11/4 11:00,19.5,58,1,11,2.17,1,6.875
2022/11/4 12:00,19.6,64,1,12.6,1.73,0.7,5.968
2022/11/4 13:00,19.7,64,1,12.7,0.88,0.2,2.727
2022/11/4 14:00,19.2,65,1,12.5,1.15,0.5,2.262
2022/11/4 15:00,17.9,67,1,11.7,0.65,0.3,0.602
2022/11/4 16:00,17.2,68,1,11.3,0.27,0,0.0517
2022/11/4 17:00,16.4,67,0,10.3,0.05,0,0
2022/11/4 18:00,16.4,66,0,10.1,0,0,0
2022/11/4 19:00,14.7,71,0,9.5,0,0,0
2022/11/4 20:00,13.6,74,0,9.1,0,0,0
2022/11/4 21:00,12.8,70,0,7.5,0,0,0
2022/11/4 22:00,12.4,67,0,6.5,0,0,0
2022/11/4 23:00,12.7,73,0,8,0,0,0
2022/11/5 0:00,12.2,73,0,7.5,0,0,0
2022/11/5 1:00,12.3,64,0,5.7,0,0,0
2022/11/5 2:00,12.7,61,0,5.4,0,0,0
2022/11/5 3:00,13,56,0,4.4,0,0,0
2022/11/5 4:00,12.3,61,0,5,0,0,0
2022/11/5 5:00,12.4,56,0,3.9,0,0,0
2022/11/5 6:00,12.9,51,0,3,0,0,0.275
2022/11/5 7:00,13.1,52,1,3.5,0.08,0,0.681
2022/11/5 8:00,13.3,57,1,5,0.21,0,2.033
2022/11/5 9:00,14.2,53,1,4.8,0.51,0,2.155
2022/11/5 10:00,14.8,49,1,4.2,0.86,0.1,1.897
2022/11/5 11:00,15,49,1,4.4,1.14,0.1,2.382
2022/11/5 12:00,15.8,45,1,3.9,1.39,0.4,3.22
2022/11/5 13:00,16.3,47,1,5,1.61,0.5,3.336
2022/11/5 14:00,16.5,44,1,4.2,1.03,0.2,2.095
2022/11/5 15:00,16.6,50,1,6.2,1.01,0.5,0.748
2022/11/5 16:00,14.3,59,1,6.4,0.43,0.4,0.0887
2022/11/5 17:00,13.8,61,0,6.4,0.04,0,0
2022/11/5 18:00,13.8,64,0,7.1,0,0,0
2022/11/5 19:00,15,55,0,6.1,0,0,0
2022/11/5 20:00,14.9,55,0,6,0,0,0
2022/11/5 21:00,13.4,62,0,6.3,0,0,0
2022/11/5 22:00,13.4,61,0,6.1,0,0,0
2022/11/5 23:00,12.5,65,0,6.1,0,0,0
2022/11/6 0:00,12.5,67,0,6.6,0,0,0
2022/11/6 1:00,11.3,69,0,5.8,0,0,0
2022/11/6 2:00,11.2,70,0,6,0,0,0
2022/11/6 3:00,10.8,68,0,5.2,0,0,0
2022/11/6 4:00,11,64,0,4.5,0,0,0
2022/11/6 5:00,10.6,65,0,4.3,0,0,0
2022/11/6 6:00,10.2,67,0,4.4,0,0,0.977
2022/11/6 7:00,10.4,68,1,4.8,0.08,0,2.736
2022/11/6 8:00,12.1,62,1,5.1,0.7,0.9,6.032
2022/11/6 9:00,13.5,54,1,4.4,1.05,0.7,7.016
2022/11/6 10:00,15.3,51,1,5.2,1.97,1,7.502
2022/11/6 11:00,16.2,50,1,5.8,2.21,1,7.077
2022/11/6 12:00,17.1,49,1,6.3,2.32,1,6.103
2022/11/6 13:00,17.1,47,1,5.7,2.18,1,4.544
2022/11/6 14:00,17.5,44,1,5.1,1.82,1,2.475
2022/11/6 15:00,16.8,52,1,6.9,1.25,1,0.573
2022/11/6 16:00,15.1,62,1,7.9,0.62,1,0.0737
2022/11/6 17:00,13.2,66,0,7,0.06,0.2,0
2022/11/6 18:00,15.6,62,0,8.4,0,0,0
2022/11/6 19:00,14.5,61,0,7.1,0,0,0
2022/11/6 20:00,14.2,57,0,5.8,0,0,0
2022/11/6 21:00,13.8,59,0,5.9,0,0,0
2022/11/6 22:00,12.5,67,0,6.6,0,0,0
2022/11/6 23:00,12,68,0,6.3,0,0,0
2022/11/7 0:00,11.8,70,0,6.5,0,0,0
2022/11/7 1:00,11.8,75,0,7.5,0,0,0
2022/11/7 2:00,11.1,79,0,7.6,0,0,0
2022/11/7 3:00,10.9,75,0,6.7,0,0,0
2022/11/7 4:00,10.2,77,0,6.4,0,0,0
2022/11/7 5:00,10.5,73,0,5.9,0,0,0
2022/11/7 6:00,10.2,72,0,5.4,0,0,1.508
2022/11/7 7:00,10.4,69,1,5,0.1,0,2.471
2022/11/7 8:00,11.8,66,1,5.7,0.63,1,4.599
2022/11/7 9:00,13.7,60,1,6.1,1.14,1,3.767
2022/11/7 10:00,15,55,1,6.1,1.31,0.6,3.583
2022/11/7 11:00,15.5,56,1,6.8,1.24,0.3,2.479
2022/11/7 12:00,16.5,55,1,7.4,1.09,0,1.993
2022/11/7 13:00,16.8,53,1,7.2,0.92,0,2.198
2022/11/7 14:00,17.7,51,1,7.5,1.11,0.2,1.667
2022/11/7 15:00,17.1,60,1,9.3,1.18,0.8,0.473
2022/11/7 16:00,17,61,1,9.4,0.54,0.6,0.114
2022/11/7 17:00,14.8,72,0,9.8,0.08,0.1,0
2022/11/7 18:00,14.4,76,0,10.2,0,0,0
2022/11/7 19:00,13.7,81,0,10.5,0,0,0
2022/11/7 20:00,14,82,0,11,0,0,0
2022/11/7 21:00,12.7,86,0,10.4,0,0,0
2022/11/7 22:00,14.4,76,0,10.2,0,0,0
2022/11/7 23:00,14.1,80,0,10.7,0,0,0
2022/11/8 0:00,14.4,79,0,10.8,0,0,0
2022/11/8 1:00,14,76,0,9.9,0,0,0
2022/11/8 2:00,13.9,75,0,9.6,0,0,0
2022/11/8 3:00,14.1,72,0,9.1,0,0,0
2022/11/8 4:00,12.6,77,0,8.7,0,0,0
2022/11/8 5:00,11.7,84,0,9.1,0,0,0
2022/11/8 6:00,11.5,82,0,8.5,0,0,1.009
2022/11/8 7:00,12.4,79,1,8.9,0.06,0,2.71
2022/11/8 8:00,13.2,73,1,8.5,0.71,1,6.199
2022/11/8 9:00,15.3,60,1,7.6,1.35,1,7.209
2022/11/8 10:00,17.6,46,1,5.9,1.86,1,7.424
2022/11/8 11:00,19.5,38,1,4.8,2.18,1,6.935
2022/11/8 12:00,20.4,37,1,5.2,2.26,1,5.922
2022/11/8 13:00,21.4,31,1,3.6,2.11,1,4.357
2022/11/8 14:00,21.5,34,1,5,1.76,1,2.284
2022/11/8 15:00,20.1,40,1,6.1,1.19,1,0.573
2022/11/8 16:00,20,34,1,3.7,0.57,1,0.0757
2022/11/8 17:00,18.6,40,0,4.8,0.06,0.3,0
2022/11/8 18:00,17.6,39,0,3.5,0,0,0
2022/11/8 19:00,16.4,40,0,2.8,0,0,0
2022/11/8 20:00,15,52,0,5.2,0,0,0
2022/11/8 21:00,13.6,59,0,5.8,0,0,0
2022/11/8 22:00,13.9,52,0,4.2,0,0,0
2022/11/8 23:00,14,49,0,3.5,0,0,0
2022/11/9 0:00,13.9,53,0,4.5,0,0,0
2022/11/9 1:00,12.8,58,0,4.8,0,0,0
2022/11/9 2:00,12.5,59,0,4.7,0,0,0
2022/11/9 3:00,13.2,53,0,3.8,0,0,0
2022/11/9 4:00,12.6,55,0,3.8,0,0,0
2022/11/9 5:00,11.2,64,0,4.7,0,0,0
2022/11/9 6:00,11.2,63,0,4.4,0,0,0.853
2022/11/9 7:00,11.6,64,1,5,0.08,0,1.925
2022/11/9 8:00,12.7,61,1,5.4,0.54,0.4,5.123
2022/11/9 9:00,14.9,51,1,4.9,1.21,0.9,6.018
2022/11/9 10:00,16,43,1,3.4,1.81,1,6.254
2022/11/9 11:00,17.1,40,1,3.4,2.08,0.9,5.923
2022/11/9 12:00,18.1,40,1,4.3,1.81,0.8,3.7
2022/11/9 13:00,18.6,40,1,4.8,1.78,0.8,3.107
2022/11/9 14:00,18,45,1,5.9,1.6,0.9,2.009
2022/11/9 15:00,17.3,50,1,6.8,1.06,0.7,0.699
2022/11/9 16:00,16.4,57,1,7.9,0.31,0.1,0.139
2022/11/9 17:00,14.7,64,0,8,0.05,0,0
2022/11/9 18:00,15.9,67,0,9.8,0,0,0
2022/11/9 19:00,15.9,70,0,10.5,0,0,0
2022/11/9 20:00,14.7,73,0,9.9,0,0,0
2022/11/9 21:00,15.2,66,0,8.9,0,0,0
2022/11/9 22:00,13.8,74,0,9.3,0,0,0
2022/11/9 23:00,13.9,72,0,8.9,0,0,0
2022/11/10 0:00,12.9,70,0,7.6,0,0,0
2022/11/10 1:00,12.7,70,0,7.4,0,0,0
2022/11/10 2:00,12,70,0,6.7,0,0,0
2022/11/10 3:00,11.4,72,0,6.5,0,0,0
2022/11/10 4:00,11.4,72,0,6.5,0,0,0
2022/11/10 5:00,10.6,76,0,6.6,0,0,0
2022/11/10 6:00,10.7,76,0,6.7,0,0,0.811
2022/11/10 7:00,10.4,80,1,7.1,0.07,0,2.291
2022/11/10 8:00,12.8,70,1,7.5,0.65,1,5.704
2022/11/10 9:00,14.9,61,1,7.5,1.27,1,6.64
2022/11/10 10:00,17.1,55,1,8,1.77,1,6.94
2022/11/10 11:00,20,56,1,11,2,1,5.783
2022/11/10 12:00,19.6,57,1,10.9,1.98,1,4.327
2022/11/10 13:00,21,52,1,10.8,1.8,1,3.859
2022/11/10 14:00,21,43,1,8,1.48,1,1.928
2022/11/10 15:00,19.6,43,1,6.7,0.67,0.2,0.488
2022/11/10 16:00,18.2,55,1,9,0.39,0.5,0.0713
2022/11/10 17:00,17.4,58,0,9.1,0.05,0,0
2022/11/10 18:00,16.2,65,0,9.6,0,0,0
2022/11/10 19:00,15.6,64,0,8.8,0,0,0
2022/11/10 20:00,14.7,66,0,8.4,0,0,0
2022/11/10 21:00,15.2,65,0,8.7,0,0,0
2022/11/10 22:00,14.6,67,0,8.6,0,0,0
2022/11/10 23:00,13,75,0,8.7,0,0,0
2022/11/11 0:00,13.9,70,0,8.5,0,0,0
2022/11/11 1:00,13,73,0,8.3,0,0,0
2022/11/11 2:00,13.7,67,0,7.7,0,0,0
2022/11/11 3:00,13.1,66,0,6.9,0,0,0
2022/11/11 4:00,12.7,67,0,6.7,0,0,0
2022/11/11 5:00,12.2,70,0,6.9,0,0,0
2022/11/11 6:00,11.2,75,0,6.9,0,0,0.796
2022/11/11 7:00,11.5,70,1,6.2,0.06,0,2.188
2022/11/11 8:00,13.2,66,1,7,0.65,1,5.724
2022/11/11 9:00,15.9,59,1,7.9,1.26,1,6.73
2022/11/11 10:00,17.9,48,1,6.8,1.75,1,7.08
2022/11/11 11:00,19.7,46,1,7.8,2.06,1,6.655
2022/11/11 12:00,20.6,44,1,7.9,2.15,1,5.673
2022/11/11 13:00,21.3,42,1,7.9,2.03,1,4.215
2022/11/11 14:00,20.8,44,1,8.1,1.67,1,2.217
2022/11/11 15:00,20,49,1,9,1.14,1,0.467
2022/11/11 16:00,19.4,51,1,9,0.41,0.9,0.0731
2022/11/11 17:00,18.6,61,0,10.9,0.06,0.2,0
2022/11/11 18:00,17.6,72,0,12.5,0,0,0
2022/11/11 19:00,17.2,78,0,13.3,0,0,0
2022/11/11 20:00,16.1,84,0,13.4,0,0,0
2022/11/11 21:00,16.4,85,0,13.9,0,0,0
2022/11/11 22:00,14.9,89,0,13.1,0,0,0
2022/11/11 23:00,15,90,0,13.4,0,0,0
2022/11/12 0:00,15.1,87,0,13,0,0,0
2022/11/12 1:00,14.3,88,0,12.3,0,0,0
2022/11/12 2:00,14.2,83,0,11.4,0,0,0
2022/11/12 3:00,13.8,84,0,11.2,0,0,0
2022/11/12 4:00,13.8,81,0,10.6,0,0,0
2022/11/12 5:00,13.5,79,0,10,0,0,0
2022/11/12 6:00,13.5,79,0,10,0,0,0.103
2022/11/12 7:00,14.2,75,1,9.9,0.04,0,1.139
2022/11/12 8:00,14.7,76,1,10.5,0.27,0,3.598
2022/11/12 9:00,17.1,69,1,11.4,1.21,0.9,6.531
2022/11/12 10:00,18.5,64,1,11.6,1.7,1,6.723
2022/11/12 11:00,19.8,59,1,11.6,2,1,6.402
2022/11/12 12:00,20.7,60,1,12.7,2.06,1,5.385
2022/11/12 13:00,21.5,57,1,12.6,1.97,1,3.887
2022/11/12 14:00,20.8,60,1,12.8,1.6,1,2.17
2022/11/12 15:00,20.5,63,1,13.2,1.05,1,0.522
2022/11/12 16:00,19.1,73,1,14.2,0.5,1,0.08
2022/11/12 17:00,17.1,80,0,13.6,0.05,0.2,0
2022/11/12 18:00,16.7,81,0,13.4,0,0,0
2022/11/12 19:00,16.1,86,0,13.8,0,0,0
2022/11/12 20:00,16.1,85,0,13.6,0,0,0
2022/11/12 21:00,15.9,86,0,13.6,0,0,0
2022/11/12 22:00,15.2,91,0,13.8,0,0,0
2022/11/12 23:00,15.3,92,0,14,0,0,0
2022/11/13 0:00,15,88,0,13,0,0,0
2022/11/13 1:00,13.9,92,0,12.6,0,0,0
2022/11/13 2:00,13.4,96,0,12.8,0,0,0
2022/11/13 3:00,13.8,93,0,12.7,0,0,0
2022/11/13 4:00,13.5,96,0,12.9,0,0,0
2022/11/13 5:00,13.5,95,0,12.7,0,0,0
2022/11/13 6:00,13.4,94,0,12.5,0,0,0.452
2022/11/13 7:00,13.6,94,1,12.7,0.08,0,1.352
2022/11/13 8:00,17.4,85,1,14.9,0.52,0.8,4.242
2022/11/13 9:00,19.8,80,1,16.3,0.95,0.7,4.697
2022/11/13 10:00,22.4,65,1,15.5,1.46,0.9,5.45
2022/11/13 11:00,23.3,59,1,14.9,1.75,0.8,5.351
2022/11/13 12:00,23.4,58,1,14.7,1.74,0.7,3.532
2022/11/13 13:00,22.4,63,1,15,0.94,0.1,1.327
2022/11/13 14:00,22.1,62,1,14.5,0.49,0,0.0984
2022/11/13 15:00,20.9,74,1,16.1,0.06,0,0.0476
2022/11/13 16:00,21.4,72,1,16.2,0.06,0,0.0173
2022/11/13 17:00,20.9,76,0,16.5,0.01,0,0
2022/11/13 18:00,19.4,89,0,17.6,0,0,0
2022/11/13 19:00,18.9,96,0,18.3,0,0,0
2022/11/13 20:00,18.6,97,0,18.1,0,0,0
2022/11/13 21:00,16.6,90,0,15,0,0,0
2022/11/13 22:00,16.1,83,0,13.2,0,0,0
2022/11/13 23:00,16.6,80,0,13.1,0,0,0
2022/11/14 0:00,16.2,82,0,13.1,0,0,0
2022/11/14 1:00,16.9,70,0,11.4,0,0,0
2022/11/14 2:00,17.2,58,0,8.9,0,0,0
2022/11/14 3:00,16.9,52,0,7,0,0,0
2022/11/14 4:00,16,51,0,5.9,0,0,0
2022/11/14 5:00,15.4,51,0,5.3,0,0,0
2022/11/14 6:00,15.2,53,0,5.7,0,0,0.0605
2022/11/14 7:00,15,51,1,5,0.04,0,1.019
2022/11/14 8:00,14.9,51,1,4.9,0.22,0,4.291
2022/11/14 9:00,15.5,48,1,4.6,0.87,0.4,6.659
2022/11/14 10:00,17.4,44,1,5,1.63,0.9,7.417
2022/11/14 11:00,17.8,41,1,4.4,2.1,1,7.184
2022/11/14 12:00,17.8,40,1,4,2.14,1,6.085
2022/11/14 13:00,18,45,1,5.9,1.98,1,3.904
2022/11/14 14:00,17.6,45,1,5.6,1.45,0.8,1.459
2022/11/14 15:00,17,45,1,5,0.77,0.3,0.331
2022/11/14 16:00,16.6,47,1,5.3,0.15,0,0.0104
2022/11/14 17:00,16.2,49,0,5.5,0.01,0,0
2022/11/14 18:00,15.1,57,0,6.7,0,0,0
2022/11/14 19:00,15,58,0,6.8,0,0,0
2022/11/14 20:00,15,58,0,6.8,0,0,0
2022/11/14 21:00,14.8,59,0,6.9,0,0,0
2022/11/14 22:00,14.8,59,0,6.9,0,0,0
2022/11/14 23:00,14.8,59,0,6.9,0,0,0
2022/11/15 0:00,14.3,62,0,7.1,0,0,0
2022/11/15 1:00,13.3,72,0,8.4,0,0,0
2022/11/15 2:00,12.2,84,0,9.6,0,0,0
2022/11/15 3:00,11.8,92,0,10.6,0,0,0
2022/11/15 4:00,11.6,90,0,10,0,0,0
2022/11/15 5:00,10.7,94,0,9.8,0,0,0
2022/11/15 6:00,10,98,0,9.7,0,0,0.028
2022/11/15 7:00,10,97,1,9.6,0.01,0,0.212
2022/11/15 8:00,10.7,98,1,10.4,0.13,0,0.795
2022/11/15 9:00,10.2,96,1,9.6,0.22,0,1.504
2022/11/15 10:00,10.7,97,1,10.3,0.44,0,1.864
2022/11/15 11:00,11.1,95,1,10.3,0.52,0,1.706
2022/11/15 12:00,11.9,95,1,11.1,0.48,0,2.099
2022/11/15 13:00,12,93,1,10.9,0.52,0,1.53
2022/11/15 14:00,12.3,91,1,10.9,0.42,0,0.85
2022/11/15 15:00,13,89,1,11.2,0.52,0,0.585
2022/11/15 16:00,12.4,88,1,10.5,0.3,0,0.22
2022/11/15 17:00,11.7,90,0,10.1,0.03,0,0
2022/11/15 18:00,11.3,92,0,10.1,0,0,0
2022/11/15 19:00,10.6,94,0,9.7,0,0,0
2022/11/15 20:00,10.1,95,0,9.3,0,0,0
2022/11/15 21:00,9.7,96,0,9.1,0,0,0
2022/11/15 22:00,10.1,98,0,9.8,0,0,0
2022/11/15 23:00,9.8,98,0,9.5,0,0,0
2022/11/16 0:00,9.6,98,0,9.3,0,0,0
2022/11/16 1:00,9.1,99,0,9,0,0,0
2022/11/16 2:00,9,99,0,8.9,0,0,0
2022/11/16 3:00,8.9,100,0,8.9,0,0,0
2022/11/16 4:00,8.7,100,0,8.7,0,0,0
2022/11/16 5:00,9.3,99,0,9.2,0,0,0
2022/11/16 6:00,8.7,92,0,7.5,0,0,0.396
2022/11/16 7:00,9,85,1,6.6,0.05,0,1.745
2022/11/16 8:00,10.1,77,1,6.3,0.64,1,6.306
2022/11/16 9:00,12.8,57,1,4.5,1.27,1,7.166
2022/11/16 10:00,14.9,50,1,4.6,1.78,1,7.52
2022/11/16 11:00,16,42,1,3.1,2.11,1,7.17
2022/11/16 12:00,16.6,38,1,2.2,2.21,1,6.135
2022/11/16 13:00,16.9,40,1,3.2,2.05,1,4.495
2022/11/16 14:00,17.2,43,1,4.5,1.76,1,2.308
2022/11/16 15:00,16.1,42,1,3.2,1.17,1,0.477
2022/11/16 16:00,14,58,1,5.9,0.51,1,0.0463
2022/11/16 17:00,12.9,59,0,5.1,0.04,0.1,0
2022/11/16 18:00,14,52,0,4.3,0,0,0
2022/11/16 19:00,13.3,56,0,4.7,0,0,0
2022/11/16 20:00,12.8,54,0,3.7,0,0,0
2022/11/16 21:00,13.9,57,0,5.5,0,0,0
2022/11/16 22:00,11.8,61,0,4.5,0,0,0
2022/11/16 23:00,11,66,0,4.9,0,0,0
2022/11/17 0:00,11,63,0,4.2,0,0,0
2022/11/17 1:00,10.5,65,0,4.2,0,0,0
2022/11/17 2:00,10,64,0,3.5,0,0,0
2022/11/17 3:00,9.6,65,0,3.4,0,0,0
2022/11/17 4:00,9.6,64,0,3.1,0,0,0
2022/11/17 5:00,8.3,70,0,3.2,0,0,0
2022/11/17 6:00,8.8,68,0,3.2,0,0,0.428
2022/11/17 7:00,9,69,1,3.6,0.05,0,1.656
2022/11/17 8:00,10,65,1,3.7,0.62,1,5.904
2022/11/17 9:00,12.2,55,1,3.4,1.22,1,6.976
2022/11/17 10:00,14.2,49,1,3.7,1.73,1,7.134
2022/11/17 11:00,15.5,45,1,3.6,2.04,1,6.315
2022/11/17 12:00,16.8,40,1,3.1,2.02,0.9,5.782
2022/11/17 13:00,17.2,35,1,1.6,2.1,1,3.363
2022/11/17 14:00,16.7,40,1,3.1,1.26,0.6,1.576
2022/11/17 15:00,15.5,46,1,4,0.56,0,0.329
2022/11/17 16:00,15.9,45,1,4,0.15,0,0.0927
2022/11/17 17:00,14.2,60,0,6.6,0.04,0,0
2022/11/17 18:00,14.2,61,0,6.8,0,0,0
2022/11/17 19:00,13.3,66,0,7.1,0,0,0
2022/11/17 20:00,14.6,59,0,6.7,0,0,0
2022/11/17 21:00,13.6,61,0,6.2,0,0,0
2022/11/17 22:00,13.7,62,0,6.6,0,0,0
2022/11/17 23:00,12.2,73,0,7.5,0,0,0
2022/11/18 0:00,12.5,71,0,7.4,0,0,0
2022/11/18 1:00,11.7,71,0,6.6,0,0,0
2022/11/18 2:00,11.1,74,0,6.7,0,0,0
2022/11/18 3:00,10.3,75,0,6.1,0,0,0
2022/11/18 4:00,9.7,75,0,5.5,0,0,0
2022/11/18 5:00,10.1,73,0,5.5,0,0,0
2022/11/18 6:00,9.8,72,0,5,0,0,0.282
2022/11/18 7:00,9.4,75,1,5.2,0.04,0,1.635
2022/11/18 8:00,10.9,67,1,5,0.51,0.9,5.714
2022/11/18 9:00,13.3,60,1,5.7,1.2,1,6.77
2022/11/18 10:00,15.6,59,1,7.6,1.69,1,7.102
2022/11/18 11:00,15.9,56,1,7.2,1.98,1,6.618
2022/11/18 12:00,16.7,55,1,7.6,1.88,0.9,5.769
2022/11/18 13:00,16.6,51,1,6.4,1.69,0.8,3.117
2022/11/18 14:00,17,50,1,6.5,1.59,1,1.503
2022/11/18 15:00,16.4,53,1,6.8,1.12,1,0.541
2022/11/18 16:00,15.7,55,1,6.7,0.5,1,0.0451
2022/11/18 17:00,13.9,67,0,7.9,0.05,0.2,0
2022/11/18 18:00,14.6,67,0,8.6,0,0,0
2022/11/18 19:00,15.1,67,0,9,0,0,0
2022/11/18 20:00,13.7,76,0,9.6,0,0,0
2022/11/18 21:00,13.4,79,0,9.9,0,0,0
2022/11/18 22:00,13,75,0,8.7,0,0,0
2022/11/18 23:00,11.8,81,0,8.7,0,0,0
2022/11/19 0:00,11,83,0,8.2,0,0,0
2022/11/19 1:00,11.2,82,0,8.3,0,0,0
2022/11/19 2:00,10.4,83,0,7.6,0,0,0
2022/11/19 3:00,10.2,83,0,7.5,0,0,0
2022/11/19 4:00,9.5,85,0,7.1,0,0,0
2022/11/19 5:00,10.4,73,0,5.8,0,0,0
2022/11/19 6:00,10.4,70,0,5.2,0,0,0.315
2022/11/19 7:00,10.6,69,1,5.2,0.04,0,1.507
2022/11/19 8:00,11.5,66,1,5.4,0.57,1,5.704
2022/11/19 9:00,14.4,54,1,5.2,1.18,1,6.763
2022/11/19 10:00,16.3,47,1,5,1.68,1,7.09
2022/11/19 11:00,17.1,43,1,4.4,1.99,1,6.696
2022/11/19 12:00,17.7,42,1,4.7,2.08,1,5.723
2022/11/19 13:00,18.2,43,1,5.4,1.95,1,4.326
2022/11/19 14:00,18.1,45,1,6,1.6,1,2.141
2022/11/19 15:00,16.8,47,1,5.4,1.01,1,0.597
2022/11/19 16:00,16.6,51,1,6.4,0.44,0.7,0.0408
2022/11/19 17:00,15.8,53,0,6.3,0.03,0,0
2022/11/19 18:00,14.9,54,0,5.7,0,0,0
2022/11/19 19:00,14.3,54,0,5.1,0,0,0
2022/11/19 20:00,13.4,59,0,5.6,0,0,0
2022/11/19 21:00,13.4,61,0,6.1,0,0,0
2022/11/19 22:00,13.3,63,0,6.4,0,0,0
2022/11/19 23:00,12.4,68,0,6.7,0,0,0
2022/11/20 0:00,12.7,68,0,7,0,0,0
2022/11/20 1:00,11.9,69,0,6.4,0,0,0
2022/11/20 2:00,10.7,72,0,5.9,0,0,0
2022/11/20 3:00,11.3,71,0,6.3,0,0,0
2022/11/20 4:00,10.6,76,0,6.6,0,0,0
2022/11/20 5:00,11,72,0,6.2,0,0,0
2022/11/20 6:00,10.9,72,0,6.1,0,0,0.0807
2022/11/20 7:00,10.9,73,1,6.3,0.02,0,0.546
2022/11/20 8:00,11.2,72,1,6.4,0.22,0,0.777
2022/11/20 9:00,12,70,1,6.7,0.35,0,2.065
2022/11/20 10:00,12.5,67,1,6.6,0.62,0,1.541
2022/11/20 11:00,12.7,65,1,6.3,0.56,0,1.176
2022/11/20 12:00,13.3,65,1,6.9,0.45,0,1.053
2022/11/20 13:00,13.6,64,1,6.9,0.5,0,0.721
2022/11/20 14:00,13.7,67,1,7.7,0.38,0,0.291
2022/11/20 15:00,13.3,72,1,8.4,0.14,0,0.0279
2022/11/20 16:00,11.5,91,1,10.1,0.03,0,0.022
2022/11/20 17:00,11.1,95,0,10.3,0,0,0
2022/11/20 18:00,11.1,96,0,10.5,0,0,0
2022/11/20 19:00,11.1,96,0,10.5,0,0,0
2022/11/20 20:00,11.2,95,0,10.4,0,0,0
2022/11/20 21:00,10.9,97,0,10.5,0,0,0
2022/11/20 22:00,10.9,98,0,10.6,0,0,0
2022/11/20 23:00,11,98,0,10.7,0,0,0
2022/11/21 0:00,11,98,0,10.7,0,0,0
2022/11/21 1:00,10.8,99,0,10.7,0,0,0
2022/11/21 2:00,11,99,0,10.9,0,0,0
2022/11/21 3:00,11.1,99,0,11,0,0,0
2022/11/21 4:00,11.1,98,0,10.8,0,0,0
2022/11/21 5:00,11.5,95,0,10.7,0,0,0
2022/11/21 6:00,11.8,95,0,11,0,0,0
2022/11/21 7:00,11.8,96,1,11.2,0,0,0.0557
2022/11/21 8:00,11.8,97,1,11.3,0.05,0,0.115
2022/11/21 9:00,12.1,97,1,11.6,0.09,0,0.637
2022/11/21 10:00,13.6,91,1,12.2,0.36,0,3.026
2022/11/21 11:00,14.1,88,1,12.2,0.84,0,2.307
2022/11/21 12:00,15.4,82,1,12.4,0.87,0.1,5.481
2022/11/21 13:00,16.6,77,1,12.6,1.5,0.9,4.009
2022/11/21 14:00,17.5,75,1,13,1.56,1,1.991
2022/11/21 15:00,16.9,79,1,13.2,1.05,1,0.47
2022/11/21 16:00,15.9,86,1,13.6,0.48,1,0.0483
2022/11/21 17:00,14.9,92,0,13.6,0.04,0.3,0
2022/11/21 18:00,14,96,0,13.4,0,0,0
2022/11/21 19:00,13.6,98,0,13.3,0,0,0
2022/11/21 20:00,13.6,99,0,13.5,0,0,0
2022/11/21 21:00,13.5,99,0,13.4,0,0,0
2022/11/21 22:00,13.3,100,0,13.3,0,0,0
2022/11/21 23:00,12.9,100,0,12.9,0,0,0
2022/11/22 0:00,12.5,100,0,12.5,0,0,0
2022/11/22 1:00,11.9,100,0,11.9,0,0,0
2022/11/22 2:00,11.5,100,0,11.5,0,0,0
2022/11/22 3:00,11.3,99,0,11.2,0,0,0
2022/11/22 4:00,10.8,100,0,10.8,0,0,0
2022/11/22 5:00,10.4,100,0,10.4,0,0,0
2022/11/22 6:00,10.3,100,0,10.3,0,0,0.293
2022/11/22 7:00,10.4,100,1,10.4,0.04,0,1.149
2022/11/22 8:00,12.5,95,1,11.7,0.51,0.9,5.575
2022/11/22 9:00,14.2,83,1,11.4,1.11,1,6.47
2022/11/22 10:00,16.6,71,1,11.3,1.61,1,6.955
2022/11/22 11:00,18.7,56,1,9.8,1.92,1,6.658
2022/11/22 12:00,19.9,52,1,9.8,2.02,1,5.646
2022/11/22 13:00,20.1,55,1,10.8,1.87,1,3.867
2022/11/22 14:00,20.1,51,1,9.7,1.48,1,1.679
2022/11/22 15:00,18.8,54,1,9.3,0.71,0.3,0.464
2022/11/22 16:00,18,58,1,9.6,0.23,0,0.0264
2022/11/22 17:00,17.1,65,0,10.5,0.01,0,0
2022/11/22 18:00,17.7,64,0,10.8,0,0,0
2022/11/22 19:00,17.2,67,0,11,0,0,0
2022/11/22 20:00,17.3,61,0,9.7,0,0,0
2022/11/22 21:00,16.7,61,0,9.2,0,0,0
2022/11/22 22:00,16.2,63,0,9.2,0,0,0
2022/11/22 23:00,15.9,63,0,8.9,0,0,0
2022/11/23 0:00,15.2,66,0,8.9,0,0,0
2022/11/23 1:00,14.6,66,0,8.3,0,0,0
2022/11/23 2:00,14.7,63,0,7.7,0,0,0
2022/11/23 3:00,14.2,69,0,8.6,0,0,0
2022/11/23 4:00,13.3,79,0,9.8,0,0,0
2022/11/23 5:00,12,96,0,11.4,0,0,0
2022/11/23 6:00,12,97,0,11.5,0,0,0
2022/11/23 7:00,11.9,98,1,11.6,0.01,0,0.0898
2022/11/23 8:00,12,98,1,11.7,0.05,0,0.315
2022/11/23 9:00,11.7,99,1,11.6,0.11,0,0.319
2022/11/23 10:00,11.9,98,1,11.6,0.15,0,0.394
2022/11/23 11:00,11.3,98,1,11,0.11,0,0.337
2022/11/23 12:00,10.8,98,1,10.5,0.13,0,0.0859
2022/11/23 13:00,10.5,98,1,10.2,0.1,0,0.202
2022/11/23 14:00,10.5,99,1,10.4,0.09,0,0.0781
2022/11/23 15:00,10.8,100,1,10.8,0.06,0,0.0206
2022/11/23 16:00,10.8,99,1,10.7,0.02,0,0
2022/11/23 17:00,10.7,99,0,10.6,0,0,0
2022/11/23 18:00,10.7,99,0,10.6,0,0,0
2022/11/23 19:00,10.4,99,0,10.3,0,0,0
2022/11/23 20:00,10.7,99,0,10.6,0,0,0
2022/11/23 21:00,11,99,0,10.9,0,0,0
2022/11/23 22:00,11.2,98,0,10.9,0,0,0
2022/11/23 23:00,11.3,98,0,11,0,0,0
2022/11/24 0:00,11.6,95,0,10.8,0,0,0
2022/11/24 1:00,11.7,95,0,10.9,0,0,0
2022/11/24 2:00,11.3,99,0,11.2,0,0,0
2022/11/24 3:00,11,97,0,10.6,0,0,0
2022/11/24 4:00,10.7,98,0,10.4,0,0,0
2022/11/24 5:00,9.8,99,0,9.7,0,0,0
2022/11/24 6:00,10.4,100,0,10.4,0,0,0.374
2022/11/24 7:00,11.3,95,1,10.5,0.02,0,0.803
2022/11/24 8:00,14.3,74,1,9.7,0.52,0.9,5.798
2022/11/24 9:00,16.2,64,1,9.4,1.15,1,6.793
2022/11/24 10:00,18.5,54,1,9,1.64,1,7.301
2022/11/24 11:00,19.4,50,1,8.7,1.95,1,5
2022/11/24 12:00,19.8,47,1,8.2,1.62,0.9,5.254
2022/11/24 13:00,20.1,47,1,8.5,1.69,0.9,3.28
2022/11/24 14:00,19.6,45,1,7.4,1.19,0.8,1.896
2022/11/24 15:00,18.6,49,1,7.7,0.91,0.8,0.656
2022/11/24 16:00,18,48,1,6.8,0.3,0.1,0.0519
2022/11/24 17:00,17.2,50,0,6.7,0.02,0,0
2022/11/24 18:00,17.3,48,0,6.2,0,0,0
2022/11/24 19:00,17,47,0,5.6,0,0,0
2022/11/24 20:00,15.6,53,0,6.1,0,0,0
2022/11/24 21:00,15.1,57,0,6.7,0,0,0
2022/11/24 22:00,14.8,56,0,6.1,0,0,0
2022/11/24 23:00,14.4,60,0,6.8,0,0,0
2022/11/25 0:00,14.1,60,0,6.5,0,0,0
2022/11/25 1:00,11.5,92,0,10.3,0,0,0
2022/11/25 2:00,10.7,93,0,9.6,0,0,0
2022/11/25 3:00,10.9,87,0,8.8,0,0,0
2022/11/25 4:00,11.7,73,0,7,0,0,0
2022/11/25 5:00,12.3,67,0,6.4,0,0,0
2022/11/25 6:00,12.4,64,0,5.8,0,0,0.115
2022/11/25 7:00,11.8,64,1,5.2,0.02,0,0.74
2022/11/25 8:00,11.9,67,1,6,0.51,0.9,5.712
2022/11/25 9:00,14.1,61,1,6.7,1.14,1,6.616
2022/11/25 10:00,15,55,1,6.1,1.63,1,7.086
2022/11/25 11:00,16.3,51,1,6.2,1.93,1,6.737
2022/11/25 12:00,16.8,45,1,4.8,2.06,1,5.843
2022/11/25 13:00,17.1,44,1,4.8,1.92,1,4.353
2022/11/25 14:00,16.9,45,1,4.9,1.58,1,2.27
2022/11/25 15:00,16,47,1,4.7,1.06,1,0.466
2022/11/25 16:00,14.8,49,1,4.2,0.45,1,0.0415
2022/11/25 17:00,13.2,61,0,5.9,0.04,0.2,0
2022/11/25 18:00,14.5,65,0,8,0,0,0
2022/11/25 19:00,13.6,69,0,8,0,0,0
2022/11/25 20:00,12.6,75,0,8.3,0,0,0
2022/11/25 21:00,12.9,77,0,9,0,0,0
2022/11/25 22:00,12.6,80,0,9.3,0,0,0
2022/11/25 23:00,11.9,85,0,9.5,0,0,0
2022/11/26 0:00,13,80,0,9.6,0,0,0
2022/11/26 1:00,12.5,81,0,9.3,0,0,0
2022/11/26 2:00,11.1,80,0,7.8,0,0,0
2022/11/26 3:00,11.6,78,0,7.9,0,0,0
2022/11/26 4:00,11.9,74,0,7.4,0,0,0
2022/11/26 5:00,10.6,86,0,8.4,0,0,0
2022/11/26 6:00,11.1,78,0,7.4,0,0,0
2022/11/26 7:00,11.4,75,1,7.1,0.01,0,0.0815
2022/11/26 8:00,11.6,75,1,7.3,0.09,0,0.352
2022/11/26 9:00,11.9,76,1,7.8,0.15,0,0.384
2022/11/26 10:00,11.3,89,1,9.6,0.19,0,1.439
2022/11/26 11:00,12.5,88,1,10.6,0.6,0,3.91
2022/11/26 12:00,14.2,76,1,10.1,1.37,0.5,2.425
2022/11/26 13:00,15.8,77,1,11.8,0.93,0,1.825
2022/11/26 14:00,15.8,82,1,12.7,0.92,0.3,1.115
2022/11/26 15:00,15.9,84,1,13.2,0.43,0,0.2
2022/11/26 16:00,15.1,91,1,13.7,0.1,0,0.0198
2022/11/26 17:00,13.8,81,0,10.6,0.01,0,0
2022/11/26 18:00,13,84,0,10.4,0,0,0
2022/11/26 19:00,12.9,83,0,10.1,0,0,0
2022/11/26 20:00,12.2,85,0,9.8,0,0,0
2022/11/26 21:00,12.8,77,0,8.9,0,0,0
2022/11/26 22:00,12.1,81,0,8.9,0,0,0
2022/11/26 23:00,12,77,0,8.1,0,0,0
2022/11/27 0:00,11.4,84,0,8.8,0,0,0
2022/11/27 1:00,11.7,83,0,8.9,0,0,0
2022/11/27 2:00,12.1,80,0,8.8,0,0,0
2022/11/27 3:00,12,77,0,8.1,0,0,0
2022/11/27 4:00,12.4,71,0,7.3,0,0,0
2022/11/27 5:00,12.8,62,0,5.7,0,0,0
2022/11/27 6:00,12.4,62,0,5.3,0,0,0.122
2022/11/27 7:00,12.7,57,1,4.4,0.02,0,0.539
2022/11/27 8:00,13.9,52,1,4.2,0.48,0.8,5.779
2022/11/27 9:00,15.4,48,1,4.5,1.12,1,6.849
2022/11/27 10:00,16.4,46,1,4.8,1.63,1,7.393
2022/11/27 11:00,17.1,40,1,3.4,1.95,1,6.931
2022/11/27 12:00,18,36,1,2.7,2.05,1,5.906
2022/11/27 13:00,19,39,1,4.8,1.92,1,4.356
2022/11/27 14:00,18.1,36,1,2.8,1.59,1,2.283
2022/11/27 15:00,17.6,35,1,2,1.09,1,0.43
2022/11/27 16:00,15.9,41,1,2.7,0.47,1,0.0192
2022/11/27 17:00,15.6,37,0,1,0.03,0.2,0
2022/11/27 18:00,15.1,50,0,4.8,0,0,0
2022/11/27 19:00,14.2,59,0,6.3,0,0,0
2022/11/27 20:00,14.3,55,0,5.4,0,0,0
2022/11/27 21:00,13.9,54,0,4.8,0,0,0
2022/11/27 22:00,12,61,0,4.7,0,0,0
2022/11/27 23:00,11.9,66,0,5.8,0,0,0
2022/11/28 0:00,11.7,59,0,4,0,0,0
2022/11/28 1:00,10.7,61,0,3.5,0,0,0
2022/11/28 2:00,10.2,62,0,3.3,0,0,0
2022/11/28 3:00,9.4,64,0,2.9,0,0,0
2022/11/28 4:00,9.1,64,0,2.7,0,0,0
2022/11/28 5:00,8.8,66,0,2.8,0,0,0
2022/11/28 6:00,9.2,61,0,2.1,0,0,0
2022/11/28 7:00,8.6,68,1,3,0.02,0,0.568
2022/11/28 8:00,9.9,60,1,2.5,0.25,0,1.191
2022/11/28 9:00,10.5,61,1,3.3,0.32,0,0.74
2022/11/28 10:00,10.7,59,1,3,0.4,0,1.997
2022/11/28 11:00,11.6,56,1,3.1,0.58,0,1.658
2022/11/28 12:00,12.6,58,1,4.6,0.62,0,1.175
2022/11/28 13:00,12.8,60,1,5.2,0.44,0,1.173
2022/11/28 14:00,13.4,58,1,5.3,0.43,0,0.985
2022/11/28 15:00,13.7,63,1,6.8,0.52,0.1,0.227
2022/11/28 16:00,13,71,1,7.9,0.17,0,0.0316
2022/11/28 17:00,13.6,67,0,7.6,0.01,0,0
2022/11/28 18:00,13,69,0,7.5,0,0,0
2022/11/28 19:00,13.5,67,0,7.5,0,0,0
2022/11/28 20:00,13.2,69,0,7.7,0,0,0
2022/11/28 21:00,13.2,71,0,8.1,0,0,0
2022/11/28 22:00,13.4,70,0,8.1,0,0,0
2022/11/28 23:00,13.3,72,0,8.4,0,0,0
2022/11/29 0:00,13,75,0,8.7,0,0,0
2022/11/29 1:00,12.8,75,0,8.5,0,0,0
2022/11/29 2:00,11.9,80,0,8.6,0,0,0
2022/11/29 3:00,11.9,80,0,8.6,0,0,0
2022/11/29 4:00,11.9,80,0,8.6,0,0,0
2022/11/29 5:00,11.9,83,0,9.1,0,0,0
2022/11/29 6:00,12.6,80,0,9.3,0,0,0
2022/11/29 7:00,13,76,1,8.9,0.02,0,0.479
2022/11/29 8:00,13,77,1,9.1,0.18,0,0.709
2022/11/29 9:00,14.4,72,1,9.4,0.38,0,0.894
2022/11/29 10:00,16.6,73,1,11.8,0.57,0,3.348
2022/11/29 11:00,18.9,83,1,16,0.47,0,1.742
2022/11/29 12:00,20.5,68,1,14.4,0.44,0,1.352
2022/11/29 13:00,21.2,65,1,14.4,0.58,0,1.467
2022/11/29 14:00,21,74,1,16.2,0.51,0,1.014
2022/11/29 15:00,19.1,85,1,16.5,0.29,0,0.19
2022/11/29 16:00,17.8,95,1,17,0.05,0,0
2022/11/29 17:00,18.1,98,0,17.8,0,0,0
2022/11/29 18:00,18.2,98,0,17.9,0,0,0
2022/11/29 19:00,18.3,98,0,18,0,0,0
2022/11/29 20:00,19.5,93,0,18.3,0,0,0
2022/11/29 21:00,18.9,97,0,18.4,0,0,0
2022/11/29 22:00,18.7,98,0,18.4,0,0,0
2022/11/29 23:00,20.5,93,0,19.3,0,0,0
2022/11/30 0:00,20.3,95,0,19.5,0,0,0
2022/11/30 1:00,16.7,97,0,16.2,0,0,0
2022/11/30 2:00,15.8,100,0,15.8,0,0,0
2022/11/30 3:00,16,100,0,16,0,0,0
2022/11/30 4:00,16,100,0,16,0,0,0
2022/11/30 5:00,15.9,100,0,15.9,0,0,0
2022/11/30 6:00,15.7,100,0,15.7,0,0,0
2022/11/30 7:00,15.7,100,1,15.7,0.02,0,0.456
2022/11/30 8:00,16.4,100,1,16.4,0.19,0,2.188
2022/11/30 9:00,16.6,98,1,16.3,0.34,0,0.871
2022/11/30 10:00,17.4,95,1,16.6,0.39,0,1.462
2022/11/30 11:00,18.8,80,1,15.3,0.98,0.2,2.129
2022/11/30 12:00,18.5,76,1,14.2,0.87,0.1,1.268
2022/11/30 13:00,18.5,72,1,13.4,0.47,0,0.824
2022/11/30 14:00,18.5,70,1,12.9,0.3,0,0.823
2022/11/30 15:00,18.3,73,1,13.4,0.27,0,0.272
2022/11/30 16:00,18.5,76,1,14.2,0.1,0,0.0205
2022/11/30 17:00,18.3,86,0,15.9,0.01,0,0
2022/11/30 18:00,17.6,85,0,15.1,0,0,0
2022/11/30 19:00,16.5,80,0,13.1,0,0,0
2022/11/30 20:00,15.4,54,0,6.2,0,0,0
2022/11/30 21:00,14.5,49,0,3.9,0,0,0
2022/11/30 22:00,14.5,46,0,3,0,0,0
2022/11/30 23:00,14.1,47,0,3,0,0,0
2022/12/1 0:00,13.5,48,0,2.7,0,0,0
2022/12/1 1:00,12.8,49,0,2.4,0,0,0
2022/12/1 2:00,12.4,51,0,2.6,0,0,0
2022/12/1 3:00,12.3,52,0,2.7,0,0,0
2022/12/1 4:00,12,52,0,2.5,0,0,0
2022/12/1 5:00,11.9,52,0,2.4,0,0,0
2022/12/1 6:00,11.9,60,0,4.4,0,0,0
2022/12/1 7:00,11.4,72,1,6.5,0,0,0.0315
2022/12/1 8:00,11.1,70,1,5.9,0.04,0,0.342
2022/12/1 9:00,10.5,70,1,5.3,0.14,0,0.447
2022/12/1 10:00,9.5,76,1,5.5,0.2,0,0.59
2022/12/1 11:00,9.5,73,1,4.9,0.19,0,1.004
2022/12/1 12:00,10,72,1,5.2,0.27,0,0.511
2022/12/1 13:00,9.3,81,1,6.2,0.18,0,0.624
2022/12/1 14:00,8.8,86,1,6.6,0.15,0,0.984
2022/12/1 15:00,9.3,80,1,6,0.21,0,0.141
2022/12/1 16:00,9,83,1,6.3,0.06,0,0.0178
2022/12/1 17:00,8.9,88,0,7,0.01,0,0
2022/12/1 18:00,8.6,88,0,6.7,0,0,0
2022/12/1 19:00,8.9,88,0,7,0,0,0
2022/12/1 20:00,9.2,87,0,7.2,0,0,0
2022/12/1 21:00,9.3,86,0,7.1,0,0,0
2022/12/1 22:00,9.1,83,0,6.4,0,0,0
2022/12/1 23:00,8.9,82,0,6,0,0,0
2022/12/2 0:00,8.6,84,0,6.1,0,0,0
2022/12/2 1:00,8.3,86,0,6.1,0,0,0
2022/12/2 2:00,8.4,81,0,5.3,0,0,0
2022/12/2 3:00,8.3,77,0,4.5,0,0,0
2022/12/2 4:00,8.5,78,0,4.9,0,0,0
2022/12/2 5:00,8.8,71,0,3.8,0,0,0
2022/12/2 6:00,9.4,55,0,0.8,0,0,0
2022/12/2 7:00,9.2,53,1,0.1,0.01,0,0.455
2022/12/2 8:00,8.7,59,1,1.1,0.14,0,0.336
2022/12/2 9:00,8.7,62,1,1.8,0.27,0,1.828
2022/12/2 10:00,10,58,1,2.1,0.52,0,1.963
2022/12/2 11:00,11.2,52,1,1.7,1.19,0.1,4.318
2022/12/2 12:00,12.7,46,1,1.4,1.39,0.5,4.88
2022/12/2 13:00,13,48,1,2.3,1.68,1,3.37
2022/12/2 14:00,11.6,52,1,2.1,0.74,0.3,1.43
2022/12/2 15:00,11.8,55,1,3.1,0.52,0.1,0.547
2022/12/2 16:00,10.8,56,1,2.4,0.18,0,0.0268
2022/12/2 17:00,10.2,61,0,3,0.02,0,0
2022/12/2 18:00,9.9,58,0,2,0,0,0
2022/12/2 19:00,8.9,59,0,1.3,0,0,0
2022/12/2 20:00,8.6,56,0,0.3,0,0,0
2022/12/2 21:00,7.7,53,0,-1.3,0,0,0
2022/12/2 22:00,7.6,53,0,-1.4,0,0,0
2022/12/2 23:00,6.3,60,0,-0.9,0,0,0
2022/12/3 0:00,6.7,58,0,-1,0,0,0
2022/12/3 1:00,6.1,59,0,-1.3,0,0,0
2022/12/3 2:00,6,61,0,-0.9,0,0,0
2022/12/3 3:00,5.6,64,0,-0.7,0,0,0
2022/12/3 4:00,5.6,65,0,-0.4,0,0,0
2022/12/3 5:00,5.7,62,0,-1,0,0,0
2022/12/3 6:00,6,64,0,-0.3,0,0,0
2022/12/3 7:00,6.3,63,1,-0.2,0.01,0,0.153
2022/12/3 8:00,6.8,63,1,0.3,0.12,0,2.493
2022/12/3 9:00,7.4,60,1,0.2,0.36,0,3.885
2022/12/3 10:00,9.1,56,1,0.8,0.65,0.1,6.447
2022/12/3 11:00,9.7,54,1,0.9,1.42,0.4,3.651
2022/12/3 12:00,9.9,56,1,1.5,0.77,0,2.985
2022/12/3 13:00,10.5,55,1,1.9,0.99,0.1,3.058
2022/12/3 14:00,10.9,58,1,3,1.34,0.9,1.452
2022/12/3 15:00,11,62,1,4,0.6,0.3,0.529
2022/12/3 16:00,9.6,73,1,5,0.31,0.4,0.0745
2022/12/3 17:00,8.3,76,0,4.3,0.04,0.1,0
2022/12/3 18:00,7.8,75,0,3.7,0,0,0
2022/12/3 19:00,7.3,79,0,3.9,0,0,0
2022/12/3 20:00,7.7,76,0,3.8,0,0,0
2022/12/3 21:00,7.6,77,0,3.8,0,0,0
2022/12/3 22:00,7.6,81,0,4.6,0,0,0
2022/12/3 23:00,7.2,81,0,4.2,0,0,0
2022/12/4 0:00,7.6,81,0,4.6,0,0,0
2022/12/4 1:00,7,84,0,4.5,0,0,0
2022/12/4 2:00,6.3,85,0,4,0,0,0
2022/12/4 3:00,5.6,91,0,4.3,0,0,0
2022/12/4 4:00,5.1,92,0,3.9,0,0,0
2022/12/4 5:00,5.5,92,0,4.3,0,0,0
2022/12/4 6:00,5.8,90,0,4.3,0,0,0
2022/12/4 7:00,6.2,88,1,4.4,0.02,0,1.049
2022/12/4 8:00,7.3,79,1,3.9,0.43,0.7,2.866
2022/12/4 9:00,8.7,65,1,2.5,0.66,0.7,6.182
2022/12/4 10:00,11.1,56,1,2.7,1.49,1,6.528
2022/12/4 11:00,12.5,53,1,3.2,1.26,0.6,6.188
2022/12/4 12:00,15,41,1,1.9,1.91,1,4.727
2022/12/4 13:00,14.4,51,1,4.4,0.99,0.3,1.636
2022/12/4 14:00,14.3,51,1,4.3,0.61,0,0.963
2022/12/4 15:00,14.4,56,1,5.8,0.41,0,0.307
2022/12/4 16:00,13.7,56,1,5.1,0.23,0.1,0.0249
2022/12/4 17:00,12.5,61,0,5.2,0.02,0,0
2022/12/4 18:00,13.3,47,0,2.2,0,0,0
2022/12/4 19:00,12.3,50,0,2.2,0,0,0
2022/12/4 20:00,12,51,0,2.2,0,0,0
2022/12/4 21:00,11.7,55,0,3,0,0,0
2022/12/4 22:00,10.7,62,0,3.7,0,0,0
2022/12/4 23:00,9.9,64,0,3.4,0,0,0
2022/12/5 0:00,9.8,62,0,2.9,0,0,0
2022/12/5 1:00,9.7,65,0,3.5,0,0,0
2022/12/5 2:00,10.2,61,0,3,0,0,0
2022/12/5 3:00,9.9,64,0,3.4,0,0,0
2022/12/5 4:00,9.9,57,0,1.8,0,0,0
2022/12/5 5:00,9.4,60,0,2,0,0,0
2022/12/5 6:00,8.6,65,0,2.4,0,0,0
2022/12/5 7:00,8,70,1,2.9,0,0,0.0152
2022/12/5 8:00,7.8,75,1,3.7,0.02,0,0.0684
2022/12/5 9:00,7.6,77,1,3.8,0.08,0,0.653
2022/12/5 10:00,7.9,77,1,4.1,0.23,0,0.542
2022/12/5 11:00,8.2,72,1,3.5,0.23,0,0.719
2022/12/5 12:00,8.4,71,1,3.5,0.27,0,1.067
2022/12/5 13:00,9.2,70,1,4,0.42,0,0.606
2022/12/5 14:00,8.3,68,1,2.8,0.24,0,0.199
2022/12/5 15:00,7.2,80,1,4,0.13,0,0.0604
2022/12/5 16:00,6.7,81,1,3.7,0.03,0,0
2022/12/5 17:00,6.1,89,0,4.4,0,0,0
2022/12/5 18:00,5.8,94,0,4.9,0,0,0
2022/12/5 19:00,6,94,0,5.1,0,0,0
2022/12/5 20:00,5.8,97,0,5.4,0,0,0
2022/12/5 21:00,5.3,97,0,4.9,0,0,0
2022/12/5 22:00,5.4,98,0,5.1,0,0,0
2022/12/5 23:00,5.4,98,0,5.1,0,0,0
2022/12/6 0:00,5.5,98,0,5.2,0,0,0
2022/12/6 1:00,5.2,98,0,4.9,0,0,0
2022/12/6 2:00,5,98,0,4.7,0,0,0
2022/12/6 3:00,4.6,98,0,4.3,0,0,0
2022/12/6 4:00,4.3,97,0,3.9,0,0,0
2022/12/6 5:00,4.2,98,0,3.9,0,0,0
2022/12/6 6:00,4.5,98,0,4.2,0,0,0
2022/12/6 7:00,4.6,98,1,4.3,0,0,0.296
2022/12/6 8:00,4.8,98,1,4.5,0.08,0,1.097
2022/12/6 9:00,5.3,98,1,5,0.23,0,1.827
2022/12/6 10:00,5.8,96,1,5.2,0.36,0,1.643
2022/12/6 11:00,6.1,96,1,5.5,0.39,0,1.834
2022/12/6 12:00,6.8,94,1,5.9,0.54,0,2.63
2022/12/6 13:00,7.2,89,1,5.5,0.7,0,2.105
2022/12/6 14:00,8.2,86,1,6,0.71,0,1.656
2022/12/6 15:00,8.2,86,1,6,0.59,0.1,0.422
2022/12/6 16:00,7.8,88,1,6,0.2,0,0.0275
2022/12/6 17:00,7.9,86,0,5.7,0.01,0,0
2022/12/6 18:00,7.7,90,0,6.2,0,0,0
2022/12/6 19:00,7.6,89,0,5.9,0,0,0
2022/12/6 20:00,6,95,0,5.3,0,0,0
2022/12/6 21:00,6.5,93,0,5.5,0,0,0
2022/12/6 22:00,5.8,96,0,5.2,0,0,0
2022/12/6 23:00,5.5,98,0,5.2,0,0,0
2022/12/7 0:00,6.1,98,0,5.8,0,0,0
2022/12/7 1:00,5,99,0,4.9,0,0,0
2022/12/7 2:00,5,100,0,5,0,0,0
2022/12/7 3:00,4.6,100,0,4.6,0,0,0
2022/12/7 4:00,4.7,95,0,4,0,0,0
2022/12/7 5:00,4.1,94,0,3.2,0,0,0
2022/12/7 6:00,4.1,96,0,3.5,0,0,0.116
2022/12/7 7:00,4.4,96,1,3.8,0.01,0,0.246
2022/12/7 8:00,6.3,89,1,4.6,0.37,0.7,4.978
2022/12/7 9:00,9.4,64,1,2.9,1.02,1,6.402
2022/12/7 10:00,11.4,52,1,1.9,1.54,1,7.021
2022/12/7 11:00,12.6,49,1,2.2,1.86,1,6.72
2022/12/7 12:00,13.1,46,1,1.8,1.97,1,5.845
2022/12/7 13:00,13.7,36,1,-1.1,1.87,1,4.288
2022/12/7 14:00,13.9,35,1,-1.3,1.53,1,1.988
2022/12/7 15:00,12.9,42,1,0.3,0.86,1,0.611
2022/12/7 16:00,11.8,52,1,2.3,0.34,0.3,0.0622
2022/12/7 17:00,9.9,58,0,2,0.02,0,0
2022/12/7 18:00,9.3,60,0,1.9,0,0,0
2022/12/7 19:00,9.6,62,0,2.7,0,0,0
2022/12/7 20:00,8.9,66,0,2.9,0,0,0
2022/12/7 21:00,8.6,70,0,3.5,0,0,0
2022/12/7 22:00,7.1,77,0,3.4,0,0,0
2022/12/7 23:00,6.9,78,0,3.3,0,0,0
2022/12/8 0:00,6.8,76,0,2.9,0,0,0
2022/12/8 1:00,6,79,0,2.6,0,0,0
2022/12/8 2:00,4.9,88,0,3.1,0,0,0
2022/12/8 3:00,5.1,85,0,2.8,0,0,0
2022/12/8 4:00,5,88,0,3.2,0,0,0
2022/12/8 5:00,5.1,87,0,3.1,0,0,0
2022/12/8 6:00,5,83,0,2.4,0,0,0.094
2022/12/8 7:00,4.6,87,1,2.6,0.01,0,0.27
2022/12/8 8:00,7.5,68,1,2,0.36,0.7,4.757
2022/12/8 9:00,10.4,55,1,1.8,0.99,1,6.245
2022/12/8 10:00,12.3,48,1,1.6,1.5,1,6.898
2022/12/8 11:00,13.8,43,1,1.5,1.83,1,6.687
2022/12/8 12:00,14.1,38,1,0,1.94,1,5.769
2022/12/8 13:00,14.6,41,1,1.5,1.82,1,4.218
2022/12/8 14:00,14.4,40,1,1,1.49,1,2.239
2022/12/8 15:00,14.1,35,1,-1.1,0.98,1,0.477
2022/12/8 16:00,11.9,44,1,0.1,0.41,1,0.0319
2022/12/8 17:00,10,55,0,1.4,0.03,0.1,0
2022/12/8 18:00,9.6,55,0,1,0,0,0
2022/12/8 19:00,11,49,0,0.7,0,0,0
2022/12/8 20:00,10,59,0,2.4,0,0,0
2022/12/8 21:00,8.9,61,0,1.8,0,0,0
2022/12/8 22:00,8.7,65,0,2.5,0,0,0
2022/12/8 23:00,8.1,63,0,1.5,0,0,0
2022/12/9 0:00,7.5,63,0,0.9,0,0,0
2022/12/9 1:00,7.5,62,0,0.7,0,0,0
2022/12/9 2:00,7.6,63,0,1,0,0,0
2022/12/9 3:00,7.2,66,0,1.3,0,0,0
2022/12/9 4:00,7,66,0,1.1,0,0,0
2022/12/9 5:00,5.9,70,0,0.9,0,0,0
2022/12/9 6:00,5.8,71,0,1,0,0,0
2022/12/9 7:00,5.4,75,1,1.3,0.01,0,0.187
2022/12/9 8:00,6.8,69,1,1.5,0.2,0.2,1.105
2022/12/9 9:00,9.5,58,1,1.7,0.63,0.5,2.533
2022/12/9 10:00,10.2,56,1,1.8,0.75,0.2,5.329
2022/12/9 11:00,10.8,56,1,2.4,0.98,0.1,5.746
2022/12/9 12:00,12.5,48,1,1.8,1.6,0.7,4.653
2022/12/9 13:00,12.8,48,1,2.1,1.79,1,3.989
2022/12/9 14:00,12.9,51,1,3,1.46,1,2.203
2022/12/9 15:00,12.7,58,1,4.7,0.98,1,0.552
2022/12/9 16:00,12,64,1,5.4,0.4,1,0.0596
2022/12/9 17:00,11.3,70,0,6,0.03,0,0
2022/12/9 18:00,9.9,80,0,6.6,0,0,0
2022/12/9 19:00,10.2,71,0,5.2,0,0,0
2022/12/9 20:00,9.2,76,0,5.2,0,0,0
2022/12/9 21:00,10,76,0,6,0,0,0
2022/12/9 22:00,9.9,76,0,5.9,0,0,0
2022/12/9 23:00,8.8,77,0,5,0,0,0
2022/12/10 0:00,8.1,76,0,4.1,0,0,0
2022/12/10 1:00,8.5,66,0,2.5,0,0,0
2022/12/10 2:00,7.2,71,0,2.3,0,0,0
2022/12/10 3:00,7,73,0,2.5,0,0,0
2022/12/10 4:00,7.2,74,0,2.9,0,0,0
2022/12/10 5:00,5.8,82,0,3,0,0,0
2022/12/10 6:00,5.6,82,0,2.8,0,0,0
2022/12/10 7:00,5.4,86,1,3.3,0.01,0,0.443
2022/12/10 8:00,8.1,74,1,3.8,0.4,0.7,4.374
2022/12/10 9:00,9.2,70,1,4,1,1,5.621
2022/12/10 10:00,11.6,55,1,2.9,1.39,1,6.904
2022/12/10 11:00,13.4,49,1,2.9,1.81,1,6.741
2022/12/10 12:00,13.8,41,1,0.8,1.94,1,5.815
2022/12/10 13:00,15.5,40,1,2,1.84,1,4.309
2022/12/10 14:00,15.4,36,1,0.4,1.52,1,2.277
2022/12/10 15:00,14.4,43,1,2,1.02,1,0.502
2022/12/10 16:00,13.9,48,1,3.1,0.44,1,0.0496
2022/12/10 17:00,12.4,56,0,3.9,0.03,0.1,0
2022/12/10 18:00,11.6,57,0,3.4,0,0,0
2022/12/10 19:00,10.4,70,0,5.2,0,0,0
2022/12/10 20:00,10.8,73,0,6.2,0,0,0
2022/12/10 21:00,11.2,76,0,7.1,0,0,0
2022/12/10 22:00,11.5,77,0,7.6,0,0,0
2022/12/10 23:00,10.4,77,0,6.6,0,0,0
2022/12/11 0:00,9.3,74,0,4.9,0,0,0
2022/12/11 1:00,8,72,0,3.3,0,0,0
2022/12/11 2:00,7,83,0,4.3,0,0,0
2022/12/11 3:00,6.8,84,0,4.3,0,0,0
2022/12/11 4:00,7.2,84,0,4.7,0,0,0
2022/12/11 5:00,7.8,76,0,3.9,0,0,0
2022/12/11 6:00,6.7,81,0,3.7,0,0,0
2022/12/11 7:00,7.2,81,1,4.2,0.01,0,0.447
2022/12/11 8:00,8.1,76,1,4.1,0.19,0,1.239
2022/12/11 9:00,9.7,69,1,4.3,0.72,0.4,1.847
2022/12/11 10:00,10.2,70,1,5,1.01,0.7,3.47
2022/12/11 11:00,11.7,64,1,5.1,1.1,0.7,6.248
2022/12/11 12:00,13.3,64,1,6.7,1.68,1,3.1
2022/12/11 13:00,14.1,66,1,7.9,1.27,0.7,1.776
2022/12/11 14:00,13.6,71,1,8.5,1.31,0.8,1.005
2022/12/11 15:00,12,74,1,7.5,0.23,0,0.0762
2022/12/11 16:00,11.1,75,1,6.9,0.03,0,0.00625
2022/12/11 17:00,10.3,71,0,5.3,0,0,0
2022/12/11 18:00,9.9,70,0,4.7,0,0,0
2022/12/11 19:00,9.8,60,0,2.4,0,0,0
2022/12/11 20:00,9.7,58,0,1.8,0,0,0
2022/12/11 21:00,9.2,62,0,2.3,0,0,0
2022/12/11 22:00,8.7,69,0,3.3,0,0,0
2022/12/11 23:00,7.3,80,0,4.1,0,0,0
2022/12/12 0:00,7.7,75,0,3.6,0,0,0
2022/12/12 1:00,7.9,73,0,3.4,0,0,0
2022/12/12 2:00,7.9,69,0,2.6,0,0,0
2022/12/12 3:00,7.2,67,0,1.5,0,0,0
2022/12/12 4:00,7.4,65,0,1.3,0,0,0
2022/12/12 5:00,6.6,68,0,1.1,0,0,0
2022/12/12 6:00,6.3,66,0,0.4,0,0,0
2022/12/12 7:00,6.2,66,1,0.3,0.01,0,0.281
2022/12/12 8:00,7,63,1,0.5,0.33,0.7,4.475
2022/12/12 9:00,8.4,57,1,0.4,0.96,1,6.42
2022/12/12 10:00,9.1,49,1,-1,1.49,1,7.184
2022/12/12 11:00,10.3,45,1,-1.1,1.83,1,6.961
2022/12/12 12:00,10.8,41,1,-1.9,1.95,1,6.024
2022/12/12 13:00,11.1,41,1,-1.6,1.84,1,4.401
2022/12/12 14:00,11,40,1,-2.1,1.51,1,2.234
2022/12/12 15:00,10.6,42,1,-1.8,0.92,0.9,0.632
2022/12/12 16:00,9.9,46,1,-1.2,0.44,0.8,0.0294
2022/12/12 17:00,9,49,0,-1.1,0.03,0.1,0
2022/12/12 18:00,8,59,0,0.5,0,0,0
2022/12/12 19:00,7.3,65,0,1.2,0,0,0
2022/12/12 20:00,6.6,70,0,1.5,0,0,0
2022/12/12 21:00,7.1,68,0,1.6,0,0,0
2022/12/12 22:00,6.7,70,0,1.6,0,0,0
2022/12/12 23:00,6.5,73,0,2,0,0,0
2022/12/13 0:00,7.2,71,0,2.3,0,0,0
2022/12/13 1:00,6.6,73,0,2.1,0,0,0
2022/12/13 2:00,7.3,67,0,1.6,0,0,0
2022/12/13 3:00,6.5,71,0,1.6,0,0,0
2022/12/13 4:00,6.7,67,0,1,0,0,0
2022/12/13 5:00,6.5,69,0,1.2,0,0,0
2022/12/13 6:00,5.5,87,0,3.5,0,0,0
2022/12/13 7:00,6.2,80,1,3,0,0,0.176
2022/12/13 8:00,5.9,90,1,4.4,0.07,0,0.113
2022/12/13 9:00,5.5,97,1,5.1,0.09,0,0.777
2022/12/13 10:00,6.4,96,1,5.8,0.38,0,2.134
2022/12/13 11:00,7.1,93,1,6.1,0.47,0,2.422
2022/12/13 12:00,8.9,77,1,5.1,1.05,0,2.14
2022/12/13 13:00,8.7,76,1,4.7,0.75,0.2,1.023
2022/12/13 14:00,9,88,1,7.1,0.52,0.1,1.543
2022/12/13 15:00,9.9,86,1,7.7,0.81,0.4,0.67
2022/12/13 16:00,8.5,91,1,7.1,0.44,1,0.0439
2022/12/13 17:00,7.7,92,0,6.5,0.03,0.1,0
2022/12/13 18:00,7.2,96,0,6.6,0,0,0
2022/12/13 19:00,7.1,98,0,6.8,0,0,0
2022/12/13 20:00,7,99,0,6.9,0,0,0
2022/12/13 21:00,7.4,98,0,7.1,0,0,0
2022/12/13 22:00,7.2,99,0,7.1,0,0,0
2022/12/13 23:00,6.6,99,0,6.5,0,0,0
2022/12/14 0:00,7.2,99,0,7.1,0,0,0
2022/12/14 1:00,6.4,99,0,6.3,0,0,0
2022/12/14 2:00,7.4,91,0,6,0,0,0
2022/12/14 3:00,8.3,78,0,4.7,0,0,0
2022/12/14 4:00,7.4,76,0,3.5,0,0,0
2022/12/14 5:00,7.1,70,0,2,0,0,0
2022/12/14 6:00,7.5,63,0,0.9,0,0,0
2022/12/14 7:00,8.6,60,1,1.3,0.01,0,0.378
2022/12/14 8:00,9.5,60,1,2.1,0.31,0.7,4.119
2022/12/14 9:00,11.7,52,1,2.2,0.95,1,6.131
2022/12/14 10:00,13.7,42,1,1,1.46,1,7.021
2022/12/14 11:00,14.2,34,1,-1.4,1.79,1,6.624
2022/12/14 12:00,12.6,57,1,4.3,1.36,0.7,5.479
2022/12/14 13:00,13.9,45,1,2.2,1.66,0.9,4.439
2022/12/14 14:00,14.4,36,1,-0.5,1.51,1,2.47
2022/12/14 15:00,11.5,38,1,-2.3,0.98,1,0.6
2022/12/14 16:00,10.2,39,1,-3.1,0.46,1,0.0639
2022/12/14 17:00,9.3,37,0,-4.6,0.04,0.2,0
2022/12/14 18:00,8.8,35,0,-5.8,0,0,0
2022/12/14 19:00,7.8,36,0,-6.3,0,0,0
2022/12/14 20:00,7.5,36,0,-6.6,0,0,0
2022/12/14 21:00,6.6,37,0,-7,0,0,0
2022/12/14 22:00,5.7,41,0,-6.5,0,0,0
2022/12/14 23:00,5.5,41,0,-6.7,0,0,0
2022/12/15 0:00,4.9,43,0,-6.6,0,0,0
2022/12/15 1:00,4.9,43,0,-6.6,0,0,0
2022/12/15 2:00,4.2,46,0,-6.4,0,0,0
2022/12/15 3:00,4.4,47,0,-5.9,0,0,0
2022/12/15 4:00,3.3,56,0,-4.6,0,0,0
2022/12/15 5:00,3.8,53,0,-4.9,0,0,0
2022/12/15 6:00,4.2,50,0,-5.3,0,0,0
2022/12/15 7:00,4.6,49,1,-5.2,0.01,0,0.433
2022/12/15 8:00,5.6,46,1,-5.1,0.2,0.1,1.788
2022/12/15 9:00,6.5,43,1,-5.2,0.64,0.3,5.197
2022/12/15 10:00,8.1,37,1,-5.7,1.42,1,6.898
2022/12/15 11:00,10.1,35,1,-4.6,1.8,1,6.801
2022/12/15 12:00,11.4,38,1,-2.4,1.92,1,5.948
2022/12/15 13:00,11.8,35,1,-3.1,1.84,1,4.429
2022/12/15 14:00,11.2,34,1,-4.1,1.54,1,2.395
2022/12/15 15:00,10.5,38,1,-3.2,1.04,1,0.55
2022/12/15 16:00,9.3,49,1,-0.9,0.45,1,0.0404
2022/12/15 17:00,7.3,54,0,-1.4,0.03,0.2,0
2022/12/15 18:00,6.6,63,0,0.1,0,0,0
2022/12/15 19:00,7.1,62,0,0.3,0,0,0
2022/12/15 20:00,8.2,43,0,-3.6,0,0,0
2022/12/15 21:00,8,43,0,-3.8,0,0,0
2022/12/15 22:00,6.3,50,0,-3.3,0,0,0
2022/12/15 23:00,5.7,53,0,-3.1,0,0,0
2022/12/16 0:00,5.2,54,0,-3.3,0,0,0
2022/12/16 1:00,5.2,58,0,-2.4,0,0,0
2022/12/16 2:00,4.6,58,0,-2.9,0,0,0
2022/12/16 3:00,4.2,59,0,-3.1,0,0,0
2022/12/16 4:00,3.9,62,0,-2.7,0,0,0
2022/12/16 5:00,3.3,69,0,-1.8,0,0,0
2022/12/16 6:00,2.9,67,0,-2.6,0,0,0
2022/12/16 7:00,3.9,68,1,-1.5,0.01,0,0.272
2022/12/16 8:00,6.3,62,1,-0.4,0.31,0.7,4.104
2022/12/16 9:00,8.4,60,1,1.1,0.91,1,5.977
2022/12/16 10:00,10.9,55,1,2.2,1.42,1,6.584
2022/12/16 11:00,11.6,50,1,1.5,1.75,1,6.495
2022/12/16 12:00,12.5,44,1,0.6,1.89,1,5.578
2022/12/16 13:00,13.2,40,1,-0.1,1.78,1,4.143
2022/12/16 14:00,13.5,38,1,-0.5,1.46,1,2.198
2022/12/16 15:00,12.9,32,1,-3.4,0.98,1,0.514
2022/12/16 16:00,11.1,42,1,-1.3,0.43,1,0.0418
2022/12/16 17:00,11.3,41,0,-1.5,0.03,0.2,0
2022/12/16 18:00,10.5,42,0,-1.9,0,0,0
2022/12/16 19:00,9.6,41,0,-3,0,0,0
2022/12/16 20:00,8.7,43,0,-3.2,0,0,0
2022/12/16 21:00,7.9,47,0,-2.7,0,0,0
2022/12/16 22:00,7.2,51,0,-2.2,0,0,0
2022/12/16 23:00,7.1,52,0,-2.1,0,0,0
2022/12/17 0:00,7.1,51,0,-2.3,0,0,0
2022/12/17 1:00,6.4,54,0,-2.2,0,0,0
2022/12/17 2:00,6.5,53,0,-2.4,0,0,0
2022/12/17 3:00,6.4,52,0,-2.7,0,0,0
2022/12/17 4:00,7,50,0,-2.7,0,0,0
2022/12/17 5:00,6.6,53,0,-2.3,0,0,0
2022/12/17 6:00,6.4,55,0,-2,0,0,0
2022/12/17 7:00,5.9,56,1,-2.2,0.01,0,0.893
2022/12/17 8:00,6,58,1,-1.6,0.18,0,1.589
2022/12/17 9:00,6.8,55,1,-1.6,0.56,0.3,1.541
2022/12/17 10:00,7.4,52,1,-1.8,0.78,0.1,1.601
2022/12/17 11:00,8.6,54,1,-0.2,0.88,0.1,2.699
2022/12/17 12:00,8.4,55,1,-0.1,1.08,0.2,1.074
2022/12/17 13:00,8.2,56,1,0,0.5,0,0.918
2022/12/17 14:00,8,62,1,1.2,0.46,0,0.624
2022/12/17 15:00,7.4,63,1,0.8,0.18,0,0.127
2022/12/17 16:00,7.4,67,1,1.7,0.08,0,0.0175
2022/12/17 17:00,7.8,66,0,1.9,0.01,0,0
2022/12/17 18:00,7,64,0,0.7,0,0,0
2022/12/17 19:00,6.6,63,0,0.1,0,0,0
2022/12/17 20:00,6.6,65,0,0.5,0,0,0
2022/12/17 21:00,5.3,86,0,3.2,0,0,0
2022/12/17 22:00,4.7,96,0,4.1,0,0,0
2022/12/17 23:00,4.8,98,0,4.5,0,0,0
2022/12/18 0:00,4.8,99,0,4.7,0,0,0
2022/12/18 1:00,5.5,100,0,5.5,0,0,0
2022/12/18 2:00,6,100,0,6,0,0,0
2022/12/18 3:00,5.9,99,0,5.8,0,0,0
2022/12/18 4:00,6.2,100,0,6.2,0,0,0
2022/12/18 5:00,5.6,99,0,5.5,0,0,0
2022/12/18 6:00,5.7,99,0,5.6,0,0,0
2022/12/18 7:00,5.1,97,1,4.7,0,0,0.128
2022/12/18 8:00,5.3,82,1,2.5,0.1,0,0.482
2022/12/18 9:00,6.3,68,1,0.8,0.41,0.2,5.407
2022/12/18 10:00,8,61,1,1,1.47,1,6.977
2022/12/18 11:00,9.1,55,1,0.6,1.81,1,6.837
2022/12/18 12:00,10.1,51,1,0.4,1.8,0.8,4.221
2022/12/18 13:00,10.2,42,1,-2.1,1.39,0.6,4.363
2022/12/18 14:00,9.7,34,1,-5.4,1.03,0.6,1.317
2022/12/18 15:00,9.2,25,1,-9.8,1.23,1,0.693
2022/12/18 16:00,8,23,1,-11.9,0.52,1,0.0367
2022/12/18 17:00,6.8,26,0,-11.4,0.04,0.2,0
2022/12/18 18:00,5.8,27,0,-11.8,0,0,0
2022/12/18 19:00,6.1,25,0,-12.5,0,0,0
2022/12/18 20:00,5.4,25,0,-13,0,0,0
2022/12/18 21:00,4.5,30,0,-11.6,0,0,0
2022/12/18 22:00,4.7,26,0,-13.2,0,0,0
2022/12/18 23:00,4.3,29,0,-12.2,0,0,0
2022/12/19 0:00,3.4,34,0,-11,0,0,0
2022/12/19 1:00,3.5,36,0,-10.1,0,0,0
2022/12/19 2:00,2.2,44,0,-8.8,0,0,0
2022/12/19 3:00,1.6,47,0,-8.5,0,0,0
2022/12/19 4:00,0.8,52,0,-7.9,0,0,0
2022/12/19 5:00,0.6,49,0,-8.9,0,0,0
2022/12/19 6:00,0.7,49,0,-8.8,0,0,0
2022/12/19 7:00,2,46,1,-8.4,0.01,0,0.109
2022/12/19 8:00,3.5,40,1,-8.8,0.32,0.7,4.119
2022/12/19 9:00,5.2,37,1,-8.3,0.97,1,6.616
2022/12/19 10:00,7.4,31,1,-8.6,1.5,1,7.293
2022/12/19 11:00,8.1,26,1,-10.2,1.85,1,7.125
2022/12/19 12:00,9,25,1,-10,1.99,1,6.259
2022/12/19 13:00,9,26,1,-9.5,1.89,1,4.653
2022/12/19 14:00,9.2,26,1,-9.3,1.58,1,2.54
2022/12/19 15:00,8.6,25,1,-10.3,1.1,1,0.537
2022/12/19 16:00,7.5,29,1,-9.4,0.49,1,0.0268
2022/12/19 17:00,5.9,36,0,-8,0.04,0.3,0
2022/12/19 18:00,6.1,43,0,-5.5,0,0,0
2022/12/19 19:00,5.7,44,0,-5.6,0,0,0
2022/12/19 20:00,5.4,32,0,-10,0,0,0
2022/12/19 21:00,5.3,33,0,-9.7,0,0,0
2022/12/19 22:00,3.5,42,0,-8.2,0,0,0
2022/12/19 23:00,3.4,44,0,-7.7,0,0,0
2022/12/20 0:00,2.9,46,0,-7.6,0,0,0
2022/12/20 1:00,2,49,0,-7.6,0,0,0
2022/12/20 2:00,2.5,49,0,-7.1,0,0,0
2022/12/20 3:00,2.9,45,0,-7.9,0,0,0
2022/12/20 4:00,1.7,52,0,-7.1,0,0,0
2022/12/20 5:00,1.4,54,0,-6.9,0,0,0
2022/12/20 6:00,1.8,54,0,-6.5,0,0,0
2022/12/20 7:00,2.2,55,1,-5.9,0.01,0,0.163
2022/12/20 8:00,2.7,56,1,-5.2,0.31,0.7,4.132
2022/12/20 9:00,5.5,48,1,-4.6,0.95,1,6.384
2022/12/20 10:00,6.7,45,1,-4.4,1.47,1,7.11
2022/12/20 11:00,8.7,40,1,-4.1,1.81,1,6.934
2022/12/20 12:00,9.1,32,1,-6.7,1.95,1,6.074
2022/12/20 13:00,9.9,28,1,-7.7,1.87,1,4.57
2022/12/20 14:00,10.1,28,1,-7.6,1.56,1,2.547
2022/12/20 15:00,9.5,35,1,-5.2,1.06,1,0.533
2022/12/20 16:00,8.3,43,1,-3.5,0.45,1,0.028
2022/12/20 17:00,6.8,44,0,-4.6,0.04,0.3,0
2022/12/20 18:00,6.6,47,0,-3.9,0,0,0
2022/12/20 19:00,6.6,50,0,-3.1,0,0,0
2022/12/20 20:00,5.9,58,0,-1.7,0,0,0
2022/12/20 21:00,5.9,58,0,-1.7,0,0,0
2022/12/20 22:00,5.1,60,0,-2,0,0,0
2022/12/20 23:00,4.4,60,0,-2.7,0,0,0
2022/12/21 0:00,3.7,61,0,-3.1,0,0,0
2022/12/21 1:00,3.9,61,0,-2.9,0,0,0
2022/12/21 2:00,4.4,57,0,-3.4,0,0,0
2022/12/21 3:00,4.6,56,0,-3.4,0,0,0
2022/12/21 4:00,3.8,58,0,-3.7,0,0,0
2022/12/21 5:00,3.3,63,0,-3.1,0,0,0
2022/12/21 6:00,2.9,68,0,-2.4,0,0,0
2022/12/21 7:00,3.7,65,1,-2.3,0.01,0,0.632
2022/12/21 8:00,4.4,60,1,-2.7,0.18,0,1.593
2022/12/21 9:00,5.5,58,1,-2.1,0.49,0,2.586
2022/12/21 10:00,6.7,54,1,-1.9,0.97,0.5,3.058
2022/12/21 11:00,8.4,48,1,-2,1.47,0.7,4.612
2022/12/21 12:00,8.2,49,1,-1.9,1.14,0.2,2.486
2022/12/21 13:00,8.8,49,1,-1.3,0.69,0,1.517
2022/12/21 14:00,9.8,48,1,-0.7,0.75,0.1,0.922
2022/12/21 15:00,9.5,53,1,0.4,0.57,0.4,0.751
2022/12/21 16:00,8.6,61,1,1.5,0.42,1,0.0457
2022/12/21 17:00,6.8,70,0,1.7,0.04,0.3,0
2022/12/21 18:00,7.5,69,0,2.2,0,0,0
2022/12/21 19:00,8.5,63,0,1.9,0,0,0
2022/12/21 20:00,7.9,61,0,0.9,0,0,0
2022/12/21 21:00,7.8,62,0,1,0,0,0
2022/12/21 22:00,8.1,58,0,0.4,0,0,0
2022/12/21 23:00,6.4,72,0,1.7,0,0,0
2022/12/22 0:00,6.4,73,0,1.9,0,0,0
2022/12/22 1:00,6.7,67,0,1,0,0,0
2022/12/22 2:00,6.4,62,0,-0.3,0,0,0
2022/12/22 3:00,6.3,59,0,-1.1,0,0,0
2022/12/22 4:00,5.6,74,0,1.3,0,0,0
2022/12/22 5:00,4.2,92,0,3,0,0,0
2022/12/22 6:00,4.3,97,0,3.9,0,0,0
2022/12/22 7:00,4.5,97,1,4.1,0,0,0.0142
2022/12/22 8:00,4.7,98,1,4.4,0.01,0,0.0291
2022/12/22 9:00,4.8,98,1,4.5,0.04,0,0.275
2022/12/22 10:00,5.3,98,1,5,0.12,0,0.469
2022/12/22 11:00,5.9,99,1,5.8,0.16,0,1.377
2022/12/22 12:00,7.2,98,1,6.9,0.34,0,3.196
2022/12/22 13:00,9,96,1,8.4,0.91,0,1.736
2022/12/22 14:00,9.7,94,1,8.8,0.44,0,1.638
2022/12/22 15:00,10.4,90,1,8.8,0.88,0.7,0.51
2022/12/22 16:00,9.8,98,1,9.5,0.27,0.2,0.0249
2022/12/22 17:00,9.3,96,0,8.7,0.03,0.1,0
2022/12/22 18:00,9.3,96,0,8.7,0,0,0
2022/12/22 19:00,9.5,89,0,7.8,0,0,0
2022/12/22 20:00,9.4,88,0,7.5,0,0,0
2022/12/22 21:00,8,86,0,5.8,0,0,0
2022/12/22 22:00,7.7,75,0,3.6,0,0,0
2022/12/22 23:00,6.7,70,0,1.6,0,0,0
2022/12/23 0:00,7.1,40,0,-5.6,0,0,0
2022/12/23 1:00,6.8,48,0,-3.4,0,0,0
2022/12/23 2:00,6.3,44,0,-5,0,0,0
2022/12/23 3:00,5.8,45,0,-5.2,0,0,0
2022/12/23 4:00,6.2,42,0,-5.7,0,0,0
2022/12/23 5:00,6,42,0,-5.9,0,0,0
2022/12/23 6:00,5.6,36,0,-8.3,0,0,0
2022/12/23 7:00,5,26,1,-12.9,0.01,0,0.17
2022/12/23 8:00,5,28,1,-12,0.31,0.7,4.062
2022/12/23 9:00,5.8,26,1,-12.2,0.96,1,6.794
2022/12/23 10:00,6.8,24,1,-12.4,1.5,1,7.566
2022/12/23 11:00,7.4,23,1,-12.4,1.86,1,7.548
2022/12/23 12:00,7.8,20,1,-13.8,2.01,1,6.564
2022/12/23 13:00,7.6,16,1,-16.6,1.95,1,4.976
2022/12/23 14:00,7.5,17,1,-16,1.66,1,2.737
2022/12/23 15:00,6.6,17,1,-16.7,1.15,1,0.615
2022/12/23 16:00,5.9,16,1,-18,0.54,1,0.0403
2022/12/23 17:00,4.9,21,0,-15.6,0.05,0.3,0
2022/12/23 18:00,4.5,23,0,-14.8,0,0,0
2022/12/23 19:00,3.6,28,0,-13.2,0,0,0
2022/12/23 20:00,3.6,26,0,-14.1,0,0,0
2022/12/23 21:00,3,29,0,-13.3,0,0,0
2022/12/23 22:00,3,30,0,-12.9,0,0,0
2022/12/23 23:00,2.7,29,0,-13.6,0,0,0
2022/12/24 0:00,2.5,31,0,-12.9,0,0,0
2022/12/24 1:00,2.2,32,0,-12.8,0,0,0
2022/12/24 2:00,1.9,33,0,-12.7,0,0,0
2022/12/24 3:00,1.8,33,0,-12.8,0,0,0
2022/12/24 4:00,2.1,32,0,-12.9,0,0,0
2022/12/24 5:00,2,34,0,-12.2,0,0,0
2022/12/24 6:00,2.3,39,0,-10.2,0,0,0
2022/12/24 7:00,3.2,40,1,-9.1,0,0,0.186
2022/12/24 8:00,4.3,43,1,-7.2,0.28,0.6,4.312
2022/12/24 9:00,6.4,41,1,-5.9,0.91,1,6.455
2022/12/24 10:00,7.9,38,1,-5.5,1.44,1,7.165
2022/12/24 11:00,9.5,33,1,-6,1.8,1,7.063
2022/12/24 12:00,10.2,35,1,-4.6,1.94,1,6.182
2022/12/24 13:00,10.5,40,1,-2.5,1.87,1,4.638
2022/12/24 14:00,11,35,1,-3.9,1.57,1,2.591
2022/12/24 15:00,10.5,39,1,-2.9,1.09,1,0.582
2022/12/24 16:00,9.8,40,1,-3.1,0.52,1,0.0373
2022/12/24 17:00,7.7,50,0,-2.1,0.05,0.3,0
2022/12/24 18:00,8.1,49,0,-2,0,0,0
2022/12/24 19:00,7.8,46,0,-3.1,0,0,0
2022/12/24 20:00,7.6,44,0,-3.9,0,0,0
2022/12/24 21:00,6.9,52,0,-2.3,0,0,0
2022/12/24 22:00,7,49,0,-3,0,0,0
2022/12/24 23:00,4.5,67,0,-1.1,0,0,0
2022/12/25 0:00,4,71,0,-0.8,0,0,0
2022/12/25 1:00,3.4,72,0,-1.2,0,0,0
2022/12/25 2:00,3.2,70,0,-1.7,0,0,0
2022/12/25 3:00,3.8,63,0,-2.6,0,0,0
2022/12/25 4:00,3.9,63,0,-2.5,0,0,0
2022/12/25 5:00,2.4,71,0,-2.3,0,0,0
2022/12/25 6:00,2,73,0,-2.3,0,0,0
2022/12/25 7:00,2,71,1,-2.7,0,0,0.0789
2022/12/25 8:00,4,63,1,-2.4,0.29,0.6,3.795
2022/12/25 9:00,6.7,54,1,-1.9,0.92,1,6.399
2022/12/25 10:00,9.8,42,1,-2.5,1.45,1,7.115
2022/12/25 11:00,12,27,1,-6.4,1.81,1,7.145
2022/12/25 12:00,12.5,28,1,-5.5,1.97,1,6.241
2022/12/25 13:00,12.9,28,1,-5.1,1.89,1,4.703
2022/12/25 14:00,12.2,27,1,-6.2,1.59,1,2.634
2022/12/25 15:00,11.3,29,1,-6.1,1.11,1,0.634
2022/12/25 16:00,10.9,30,1,-6,0.54,1,0.0406
2022/12/25 17:00,8.7,40,0,-4.1,0.05,0.2,0
2022/12/25 18:00,8.5,38,0,-5,0,0,0
2022/12/25 19:00,8,41,0,-4.4,0,0,0
2022/12/25 20:00,6.4,46,0,-4.4,0,0,0
2022/12/25 21:00,5.9,50,0,-3.7,0,0,0
2022/12/25 22:00,5.4,55,0,-2.9,0,0,0
2022/12/25 23:00,5.2,54,0,-3.3,0,0,0
2022/12/26 0:00,5.5,50,0,-4.1,0,0,0
2022/12/26 1:00,5.2,49,0,-4.6,0,0,0
2022/12/26 2:00,5,49,0,-4.8,0,0,0
2022/12/26 3:00,4.3,54,0,-4.2,0,0,0
2022/12/26 4:00,3.4,55,0,-4.8,0,0,0
2022/12/26 5:00,2.9,58,0,-4.5,0,0,0
2022/12/26 6:00,2.1,63,0,-4.2,0,0,0
2022/12/26 7:00,2.3,62,1,-4.2,0,0,0.157
2022/12/26 8:00,3.6,60,1,-3.4,0.28,0.6,3.763
2022/12/26 9:00,6.9,47,1,-3.6,0.91,1,6.273
2022/12/26 10:00,8.7,35,1,-5.9,1.44,1,7.067
2022/12/26 11:00,9.6,34,1,-5.5,1.8,1,7.084
2022/12/26 12:00,10.7,34,1,-4.5,1.95,1,6.216
2022/12/26 13:00,10.8,32,1,-5.2,1.82,1,4.908
2022/12/26 14:00,10.6,28,1,-7.1,1.67,1,2.685
2022/12/26 15:00,9.7,30,1,-7,1.13,1,0.677
2022/12/26 16:00,8.9,35,1,-5.7,0.54,1,0.0415
2022/12/26 17:00,7.7,41,0,-4.7,0.05,0.3,0
2022/12/26 18:00,7.4,42,0,-4.7,0,0,0
2022/12/26 19:00,6.5,46,0,-4.3,0,0,0
2022/12/26 20:00,6,50,0,-3.6,0,0,0
2022/12/26 21:00,5.3,53,0,-3.5,0,0,0
2022/12/26 22:00,4.7,53,0,-4,0,0,0
2022/12/26 23:00,4.8,51,0,-4.5,0,0,0
2022/12/27 0:00,3.9,54,0,-4.5,0,0,0
2022/12/27 1:00,3.1,57,0,-4.6,0,0,0
2022/12/27 2:00,3.4,57,0,-4.3,0,0,0
2022/12/27 3:00,3.2,57,0,-4.5,0,0,0
2022/12/27 4:00,3.2,58,0,-4.2,0,0,0
2022/12/27 5:00,3.2,58,0,-4.2,0,0,0
2022/12/27 6:00,3,57,0,-4.7,0,0,0
2022/12/27 7:00,3.7,54,1,-4.7,0,0,0.146
2022/12/27 8:00,4.9,50,1,-4.6,0.28,0.6,3.808
2022/12/27 9:00,6.8,45,1,-4.3,0.92,1,6.417
2022/12/27 10:00,9.3,37,1,-4.6,1.45,1,7.18
2022/12/27 11:00,10.7,35,1,-4.1,1.82,1,7.2
2022/12/27 12:00,11.6,34,1,-3.7,1.97,1,6.294
2022/12/27 13:00,12.1,31,1,-4.5,1.9,1,4.751
2022/12/27 14:00,12,32,1,-4.2,1.61,1,2.709
2022/12/27 15:00,11.2,34,1,-4.1,1.14,1,0.647
2022/12/27 16:00,10.4,37,1,-3.6,0.55,1,0.0377
2022/12/27 17:00,9.2,41,0,-3.3,0.06,0.3,0
2022/12/27 18:00,8.1,42,0,-4,0,0,0
2022/12/27 19:00,7.5,47,0,-3.1,0,0,0
2022/12/27 20:00,6.8,49,0,-3.2,0,0,0
2022/12/27 21:00,5.9,53,0,-2.9,0,0,0
2022/12/27 22:00,5.4,57,0,-2.4,0,0,0
2022/12/27 23:00,4.6,61,0,-2.3,0,0,0
2022/12/28 0:00,4.8,62,0,-1.9,0,0,0
2022/12/28 1:00,4.1,70,0,-0.9,0,0,0
2022/12/28 2:00,3.8,69,0,-1.4,0,0,0
2022/12/28 3:00,3.7,68,0,-1.6,0,0,0
2022/12/28 4:00,3.8,67,0,-1.8,0,0,0
2022/12/28 5:00,3.4,71,0,-1.3,0,0,0
2022/12/28 6:00,3.9,64,0,-2.3,0,0,0
2022/12/28 7:00,4.3,62,1,-2.3,0,0,0.362
2022/12/28 8:00,4.6,63,1,-1.8,0.12,0,2.681
2022/12/28 9:00,5.3,61,1,-1.6,0.61,0.4,5.906
2022/12/28 10:00,5.9,59,1,-1.5,0.59,0.1,6.899
2022/12/28 11:00,8.1,50,1,-1.7,1.34,0.7,6.528
2022/12/28 12:00,9.5,46,1,-1.5,1.91,1,5.708
2022/12/28 13:00,11,43,1,-1.1,1.86,1,4.483
2022/12/28 14:00,11.7,46,1,0.5,1.49,1,2.478
2022/12/28 15:00,11,51,1,1.3,0.99,1,0.658
2022/12/28 16:00,10.4,60,1,3,0.45,1,0.0503
2022/12/28 17:00,8.6,72,0,3.9,0.05,0.3,0
2022/12/28 18:00,8.1,55,0,-0.4,0,0,0
2022/12/28 19:00,7.9,55,0,-0.6,0,0,0
2022/12/28 20:00,6.5,61,0,-0.5,0,0,0
2022/12/28 21:00,6,63,0,-0.5,0,0,0
2022/12/28 22:00,5.2,68,0,-0.2,0,0,0
2022/12/28 23:00,4.9,69,0,-0.3,0,0,0
2022/12/29 0:00,4.9,72,0,0.3,0,0,0
2022/12/29 1:00,4.4,75,0,0.4,0,0,0
2022/12/29 2:00,4.3,77,0,0.6,0,0,0
2022/12/29 3:00,5.2,72,0,0.6,0,0,0
2022/12/29 4:00,3.7,79,0,0.4,0,0,0
2022/12/29 5:00,3.5,76,0,-0.3,0,0,0
2022/12/29 6:00,5.2,63,0,-1.3,0,0,0
2022/12/29 7:00,5.4,60,1,-1.7,0,0,0.223
2022/12/29 8:00,6.1,61,1,-0.8,0.26,0.6,3.736
2022/12/29 9:00,8.4,50,1,-1.4,0.89,1,6.247
2022/12/29 10:00,10.5,41,1,-2.2,1.43,1,6.965
2022/12/29 11:00,11.8,39,1,-1.7,1.79,1,6.917
2022/12/29 12:00,13.3,36,1,-1.4,1.94,1,6.034
2022/12/29 13:00,13,31,1,-3.7,1.88,1,4.6
2022/12/29 14:00,13,30,1,-4.1,1.57,1,2.612
2022/12/29 15:00,12,36,1,-2.6,1.09,1,0.658
2022/12/29 16:00,11.2,41,1,-1.6,0.5,1,0.0525
2022/12/29 17:00,8.9,48,0,-1.5,0.04,0.1,0
2022/12/29 18:00,10.5,35,0,-4.3,0,0,0
2022/12/29 19:00,8.6,40,0,-4.2,0,0,0
2022/12/29 20:00,8,42,0,-4.1,0,0,0
2022/12/29 21:00,7.7,43,0,-4.1,0,0,0
2022/12/29 22:00,7.3,45,0,-3.8,0,0,0
2022/12/29 23:00,6.6,47,0,-3.9,0,0,0
2022/12/30 0:00,5.7,48,0,-4.4,0,0,0
2022/12/30 1:00,5.8,49,0,-4.1,0,0,0
2022/12/30 2:00,5.6,51,0,-3.7,0,0,0
2022/12/30 3:00,4.6,58,0,-2.9,0,0,0
2022/12/30 4:00,4,60,0,-3,0,0,0
2022/12/30 5:00,4.4,59,0,-2.9,0,0,0
2022/12/30 6:00,3.9,60,0,-3.1,0,0,0
2022/12/30 7:00,4.3,61,1,-2.5,0,0,0.466
2022/12/30 8:00,4.6,61,1,-2.3,0.14,0,1.734
2022/12/30 9:00,5.7,57,1,-2.1,0.42,0,3.227
2022/12/30 10:00,6.9,54,1,-1.8,0.69,0,3.865
2022/12/30 11:00,8,50,1,-1.8,1.03,0.2,4.777
2022/12/30 12:00,9.4,43,1,-2.5,1.48,0.4,5.166
2022/12/30 13:00,10.9,37,1,-3.2,1.67,0.7,3.878
2022/12/30 14:00,10.9,34,1,-4.3,1.6,0.9,2.746
2022/12/30 15:00,10.6,38,1,-3.1,1.14,1,0.719
2022/12/30 16:00,9.3,45,1,-2,0.52,1,0.0628
2022/12/30 17:00,7.4,49,0,-2.6,0.03,0,0
2022/12/30 18:00,7,51,0,-2.4,0,0,0
2022/12/30 19:00,7.1,51,0,-2.3,0,0,0
2022/12/30 20:00,6.8,44,0,-4.6,0,0,0
2022/12/30 21:00,5.9,46,0,-4.8,0,0,0
2022/12/30 22:00,6,49,0,-3.9,0,0,0
2022/12/30 23:00,5.1,53,0,-3.7,0,0,0
2022/12/31 0:00,4.1,57,0,-3.6,0,0,0
2022/12/31 1:00,4.3,58,0,-3.2,0,0,0
2022/12/31 2:00,3.7,59,0,-3.6,0,0,0
2022/12/31 3:00,3.4,61,0,-3.4,0,0,0
2022/12/31 4:00,4.5,54,0,-4,0,0,0
2022/12/31 5:00,5.2,50,0,-4.4,0,0,0
2022/12/31 6:00,3.9,59,0,-3.4,0,0,0
2022/12/31 7:00,4,61,1,-2.8,0,0,0.148
2022/12/31 8:00,4.2,62,1,-2.4,0.07,0,0.706
2022/12/31 9:00,6.1,54,1,-2.5,0.37,0,1.791
2022/12/31 10:00,7.1,53,1,-1.8,0.74,0.1,1.633
2022/12/31 11:00,6.8,53,1,-2.1,0.65,0,1.965
2022/12/31 12:00,7.7,49,1,-2.3,0.63,0,2.676
2022/12/31 13:00,9.3,48,1,-1.1,1,0.1,4.619
2022/12/31 14:00,10.2,50,1,0.3,1.35,0.6,2.359
2022/12/31 15:00,9.3,48,1,-1.1,0.99,0.9,1.086
2022/12/31 16:00,8.1,53,1,-0.9,0.52,1,0.0671
2022/12/31 17:00,5.9,68,0,0.5,0.05,0.1,0
2022/12/31 18:00,5.4,68,0,0,0,0,0
2022/12/31 19:00,5.2,71,0,0.4,0,0,0
2022/12/31 20:00,5.7,69,0,0.5,0,0,0
2022/12/31 21:00,4.9,74,0,0.7,0,0,0
2022/12/31 22:00,3.8,81,0,0.9,0,0,0
2022/12/31 23:00,4.8,74,0,0.6,0,0,0
2023/1/1 0:00,3.8,73,0,-0.6,0,0,0
2023/1/1 1:00,3.5,75,0,-0.5,0,0,0
2023/1/1 2:00,3.2,74,0,-1,0,0,0
2023/1/1 3:00,3.4,71,0,-1.3,0,0,0
2023/1/1 4:00,3.2,70,0,-1.7,0,0,0
2023/1/1 5:00,1.8,81,0,-1.1,0,0,0
2023/1/1 6:00,1.6,78,0,-1.8,0,0,0
2023/1/1 7:00,1.3,78,1,-2.1,0,0,0.112
2023/1/1 8:00,2.9,73,1,-1.5,0.25,0.5,3.591
2023/1/1 9:00,6.4,60,1,-0.8,0.9,1,6.279
2023/1/1 10:00,8.5,49,1,-1.6,1.43,1,6.975
2023/1/1 11:00,10.9,47,1,0.1,1.81,1,6.972
2023/1/1 12:00,11,40,1,-2.1,1.98,1,6.179
2023/1/1 13:00,11.9,34,1,-3.4,1.92,1,4.773
2023/1/1 14:00,12.6,36,1,-2.1,1.63,1,2.734
2023/1/1 15:00,11,47,1,0.1,1.14,1,0.703
2023/1/1 16:00,10.3,49,1,0.1,0.52,1,0.042
2023/1/1 17:00,8.3,61,0,1.2,0.07,0.3,0
2023/1/1 18:00,7.7,62,0,0.9,0,0,0
2023/1/1 19:00,7.5,66,0,1.6,0,0,0
2023/1/1 20:00,6.6,73,0,2.1,0,0,0
2023/1/1 21:00,6.8,73,0,2.3,0,0,0
2023/1/1 22:00,6.4,73,0,1.9,0,0,0
2023/1/1 23:00,6.2,59,0,-1.2,0,0,0
2023/1/2 0:00,5.8,61,0,-1.1,0,0,0
2023/1/2 1:00,5.5,64,0,-0.8,0,0,0
2023/1/2 2:00,4.7,65,0,-1.3,0,0,0
2023/1/2 3:00,3.8,71,0,-1,0,0,0
2023/1/2 4:00,3.7,68,0,-1.6,0,0,0
2023/1/2 5:00,2.6,76,0,-1.2,0,0,0
2023/1/2 6:00,2.6,75,0,-1.4,0,0,0
2023/1/2 7:00,3.2,71,1,-1.5,0,0,0.158
2023/1/2 8:00,4.4,66,1,-1.4,0.25,0.5,3.61
2023/1/2 9:00,6.3,56,1,-1.8,0.88,1,6.24
2023/1/2 10:00,7.9,49,1,-2.1,1.42,1,7.045
2023/1/2 11:00,9.5,47,1,-1.2,1.8,1,7.011
2023/1/2 12:00,10.6,37,1,-3.5,1.95,1,5.766
2023/1/2 13:00,11.4,35,1,-3.5,1.93,1,5.085
2023/1/2 14:00,10,36,1,-4.4,1.5,0.8,2.23
2023/1/2 15:00,9.8,33,1,-5.7,0.46,0,0.705
2023/1/2 16:00,9.1,32,1,-6.7,0.23,0,0.0945
2023/1/2 17:00,8.1,32,0,-7.6,0.05,0,0
2023/1/2 18:00,7,35,0,-7.4,0,0,0
2023/1/2 19:00,6.5,39,0,-6.4,0,0,0
2023/1/2 20:00,5.2,43,0,-6.3,0,0,0
2023/1/2 21:00,4.8,45,0,-6.1,0,0,0
2023/1/2 22:00,4.4,46,0,-6.2,0,0,0
2023/1/2 23:00,4.5,46,0,-6.1,0,0,0
2023/1/3 0:00,4.3,47,0,-6,0,0,0
2023/1/3 1:00,3.9,50,0,-5.6,0,0,0
2023/1/3 2:00,4.3,47,0,-6,0,0,0
2023/1/3 3:00,3.2,49,0,-6.5,0,0,0
2023/1/3 4:00,2.8,47,0,-7.4,0,0,0
2023/1/3 5:00,1.9,48,0,-7.9,0,0,0
2023/1/3 6:00,1.2,54,0,-7.1,0,0,0
2023/1/3 7:00,0.9,53,1,-7.6,0,0,0.116
2023/1/3 8:00,2.7,51,1,-6.4,0.25,0.5,3.708
2023/1/3 9:00,6.1,37,1,-7.5,0.92,1,6.43
2023/1/3 10:00,8.8,32,1,-7,1.46,1,7.077
2023/1/3 11:00,9.1,30,1,-7.6,1.83,1,7.229
2023/1/3 12:00,10.6,30,1,-6.2,2.01,1,6.317
2023/1/3 13:00,10.3,28,1,-7.4,1.95,1,4.89
2023/1/3 14:00,10.3,26,1,-8.4,1.67,1,2.914
2023/1/3 15:00,9.4,29,1,-7.7,1.2,1,0.771
2023/1/3 16:00,8.7,34,1,-6.3,0.6,1,0.0561
2023/1/3 17:00,5.7,45,0,-5.3,0.08,0.4,0
2023/1/3 18:00,6.3,41,0,-6,0,0,0
2023/1/3 19:00,6.2,37,0,-7.4,0,0,0
2023/1/3 20:00,6.7,40,0,-5.9,0,0,0
2023/1/3 21:00,5.3,45,0,-5.7,0,0,0
2023/1/3 22:00,5.5,48,0,-4.6,0,0,0
2023/1/3 23:00,4.5,53,0,-4.2,0,0,0
2023/1/4 0:00,4.2,55,0,-4,0,0,0
2023/1/4 1:00,4.1,56,0,-3.9,0,0,0
2023/1/4 2:00,3.7,58,0,-3.8,0,0,0
2023/1/4 3:00,3.3,59,0,-3.9,0,0,0
2023/1/4 4:00,2.7,61,0,-4,0,0,0
2023/1/4 5:00,2.1,63,0,-4.2,0,0,0
2023/1/4 6:00,1.6,65,0,-4.2,0,0,0
2023/1/4 7:00,1.8,62,1,-4.7,0,0,0.156
2023/1/4 8:00,3.7,53,1,-5,0.25,0.5,3.728
2023/1/4 9:00,6.1,43,1,-5.5,0.91,1,6.52
2023/1/4 10:00,7.5,41,1,-4.9,1.46,1,7.212
2023/1/4 11:00,8.6,37,1,-5.2,1.83,1,7.199
2023/1/4 12:00,9.8,34,1,-5.3,2,1,6.209
2023/1/4 13:00,10.1,31,1,-6.2,1.94,1,4.841
2023/1/4 14:00,10.4,29,1,-6.9,1.58,1,2.883
2023/1/4 15:00,9.3,34,1,-5.7,0.87,1,0.705
2023/1/4 16:00,7.3,41,1,-5.1,0.33,0.6,0.0669
2023/1/4 17:00,7.4,35,0,-7.1,0.07,0.3,0
2023/1/4 18:00,6.9,40,0,-5.8,0,0,0
2023/1/4 19:00,6.1,42,0,-5.8,0,0,0
2023/1/4 20:00,5.1,45,0,-5.8,0,0,0
2023/1/4 21:00,4,49,0,-5.7,0,0,0
2023/1/4 22:00,4.3,52,0,-4.7,0,0,0
2023/1/4 23:00,4.5,50,0,-5,0,0,0
2023/1/5 0:00,4.3,46,0,-6.3,0,0,0
2023/1/5 1:00,4.5,41,0,-7.6,0,0,0
2023/1/5 2:00,4.6,38,0,-8.5,0,0,0
2023/1/5 3:00,4.1,41,0,-8,0,0,0
2023/1/5 4:00,4.4,40,0,-8,0,0,0
2023/1/5 5:00,4.1,40,0,-8.3,0,0,0
2023/1/5 6:00,3.6,42,0,-8.1,0,0,0
2023/1/5 7:00,3.2,45,1,-7.6,0,0,0.136
2023/1/5 8:00,4.2,43,1,-7.3,0.25,0.5,3.69
2023/1/5 9:00,6.3,35,1,-8,0.93,1,6.56
2023/1/5 10:00,7.7,30,1,-8.8,1.49,1,7.482
2023/1/5 11:00,9,30,1,-7.6,1.87,1,7.463
2023/1/5 12:00,9.6,26,1,-9,2.04,1,6.574
2023/1/5 13:00,10,23,1,-10.2,1.98,1,5.071
2023/1/5 14:00,9.8,23,1,-10.3,1.7,1,3.199
2023/1/5 15:00,8.9,27,1,-9.1,1.22,1,0.627
2023/1/5 16:00,8.1,28,1,-9.3,0.62,1,0.0648
2023/1/5 17:00,7.1,30,0,-9.3,0.08,0.3,0
2023/1/5 18:00,6.5,30,0,-9.8,0,0,0
2023/1/5 19:00,5.5,35,0,-8.7,0,0,0
2023/1/5 20:00,4.7,39,0,-8.1,0,0,0
2023/1/5 21:00,4.7,40,0,-7.7,0,0,0
2023/1/5 22:00,4.8,40,0,-7.7,0,0,0
2023/1/5 23:00,3.7,45,0,-7.1,0,0,0
2023/1/6 0:00,3.1,48,0,-6.8,0,0,0
2023/1/6 1:00,3.1,48,0,-6.8,0,0,0
2023/1/6 2:00,2.2,49,0,-7.4,0,0,0
2023/1/6 3:00,1.7,50,0,-7.6,0,0,0
2023/1/6 4:00,0.7,53,0,-7.8,0,0,0
2023/1/6 5:00,1.7,50,0,-7.6,0,0,0
2023/1/6 6:00,0.9,55,0,-7.1,0,0,0
2023/1/6 7:00,0.8,55,1,-7.2,0,0,0.454
2023/1/6 8:00,2.6,54,1,-5.8,0.22,0.4,2.106
2023/1/6 9:00,3.7,52,1,-5.2,0.56,1,4.904
2023/1/6 10:00,5.4,46,1,-5.3,1.26,1,6.423
2023/1/6 11:00,6.4,43,1,-5.2,1.72,1,5.952
2023/1/6 12:00,8.2,41,1,-4.2,1.73,1,5.653
2023/1/6 13:00,8.9,35,1,-5.7,1.8,1,5.045
2023/1/6 14:00,9.6,36,1,-4.7,1.71,1,2.866
2023/1/6 15:00,9.1,37,1,-4.8,1.33,1,0.819
2023/1/6 16:00,8.4,38,1,-5.1,0.47,0.4,0.112
2023/1/6 17:00,7.8,41,0,-4.6,0.06,0,0
2023/1/6 18:00,6.3,46,0,-4.4,0,0,0
2023/1/6 19:00,7.3,44,0,-4.1,0,0,0
2023/1/6 20:00,7,47,0,-3.5,0,0,0
2023/1/6 21:00,6.6,51,0,-2.8,0,0,0
2023/1/6 22:00,6.2,52,0,-2.9,0,0,0
2023/1/6 23:00,6.4,50,0,-3.2,0,0,0
2023/1/7 0:00,6.6,53,0,-2.3,0,0,0
2023/1/7 1:00,5.4,59,0,-2,0,0,0
2023/1/7 2:00,5.1,55,0,-3.2,0,0,0
2023/1/7 3:00,4.5,58,0,-3,0,0,0
2023/1/7 4:00,4.3,59,0,-3,0,0,0
2023/1/7 5:00,4.4,60,0,-2.7,0,0,0
2023/1/7 6:00,4,59,0,-3.3,0,0,0
2023/1/7 7:00,3.6,61,1,-3.2,0,0,0.296
2023/1/7 8:00,3.6,61,1,-3.2,0.23,0.5,3.591
2023/1/7 9:00,5.2,57,1,-2.6,0.86,1,6.39
2023/1/7 10:00,6.7,52,1,-2.4,1.45,1,6.969
2023/1/7 11:00,7.7,49,1,-2.3,1.78,1,6.931
2023/1/7 12:00,9,46,1,-2,1.94,1,6.128
2023/1/7 13:00,9.5,47,1,-1.2,1.88,1,4.778
2023/1/7 14:00,9.7,49,1,-0.5,1.61,1,2.837
2023/1/7 15:00,9.5,52,1,0.2,1.21,1,0.963
2023/1/7 16:00,8.6,54,1,-0.2,0.54,0.9,0.0827
2023/1/7 17:00,6.1,64,0,-0.2,0.1,0.4,0
2023/1/7 18:00,5.8,59,0,-1.6,0,0,0
2023/1/7 19:00,5.7,58,0,-1.9,0,0,0
2023/1/7 20:00,6.3,59,0,-1.1,0,0,0
2023/1/7 21:00,5.3,74,0,1.1,0,0,0
2023/1/7 22:00,5.4,75,0,1.3,0,0,0
2023/1/7 23:00,5.2,77,0,1.5,0,0,0
2023/1/8 0:00,4,74,0,-0.2,0,0,0
2023/1/8 1:00,3.3,75,0,-0.7,0,0,0
2023/1/8 2:00,3.9,66,0,-1.9,0,0,0
2023/1/8 3:00,3.2,70,0,-1.7,0,0,0
2023/1/8 4:00,2.7,70,0,-2.2,0,0,0
2023/1/8 5:00,2.2,70,0,-2.7,0,0,0
2023/1/8 6:00,2.9,68,0,-2.4,0,0,0
2023/1/8 7:00,3.5,65,1,-2.4,0,0,0.277
2023/1/8 8:00,3.6,65,1,-2.4,0.23,0.4,3.579
2023/1/8 9:00,5.8,60,1,-1.4,0.86,1,6.202
2023/1/8 10:00,8.8,49,1,-1.3,1.41,1,6.967
2023/1/8 11:00,10.9,44,1,-0.9,1.79,1,6.909
2023/1/8 12:00,10.9,40,1,-2.2,1.97,1,6.123
2023/1/8 13:00,11.6,38,1,-2.2,1.92,1,4.739
2023/1/8 14:00,11.9,38,1,-2,1.64,1,2.81
2023/1/8 15:00,11.1,42,1,-1.3,1.16,1,0.835
2023/1/8 16:00,10.1,45,1,-1.3,0.57,1,0.0964
2023/1/8 17:00,7.3,55,0,-1.1,0.08,0.4,0
2023/1/8 18:00,6.6,56,0,-1.5,0,0,0
2023/1/8 19:00,6.6,54,0,-2,0,0,0
2023/1/8 20:00,9.1,61,0,2,0,0,0
2023/1/8 21:00,8.7,63,0,2.1,0,0,0
2023/1/8 22:00,8.3,63,0,1.7,0,0,0
2023/1/8 23:00,8,62,0,1.2,0,0,0
2023/1/9 0:00,7.6,61,0,0.6,0,0,0
2023/1/9 1:00,6.5,63,0,0,0,0,0
2023/1/9 2:00,5.8,59,0,-1.6,0,0,0
2023/1/9 3:00,5.6,57,0,-2.2,0,0,0
2023/1/9 4:00,5,61,0,-1.9,0,0,0
2023/1/9 5:00,4.7,63,0,-1.7,0,0,0
2023/1/9 6:00,3.3,69,0,-1.8,0,0,0
2023/1/9 7:00,3,71,1,-1.7,0,0,0.245
2023/1/9 8:00,4.5,65,1,-1.5,0.23,0.4,3.687
2023/1/9 9:00,6.4,56,1,-1.7,0.86,1,6.216
2023/1/9 10:00,8.2,48,1,-2.1,1.41,1,6.867
2023/1/9 11:00,11.4,45,1,-0.1,1.8,1,6.85
2023/1/9 12:00,12.7,44,1,0.8,1.98,1,6.118
2023/1/9 13:00,13.1,43,1,0.8,1.92,1,4.796
2023/1/9 14:00,12.9,42,1,0.3,1.65,1,2.856
2023/1/9 15:00,12.1,52,1,2.6,1.14,1,0.833
2023/1/9 16:00,11.5,53,1,2.3,0.58,1,0.086
2023/1/9 17:00,9.8,64,0,3.3,0.09,0.4,0
2023/1/9 18:00,9.2,71,0,4.2,0,0,0
2023/1/9 19:00,8.2,77,0,4.4,0,0,0
2023/1/9 20:00,8.8,69,0,3.4,0,0,0
2023/1/9 21:00,7.8,72,0,3.1,0,0,0
2023/1/9 22:00,6.5,82,0,3.7,0,0,0
2023/1/9 23:00,7.8,71,0,2.9,0,0,0
2023/1/10 0:00,7.4,65,0,1.3,0,0,0
2023/1/10 1:00,8.3,52,0,-1,0,0,0
2023/1/10 2:00,7.3,52,0,-1.9,0,0,0
2023/1/10 3:00,6.9,55,0,-1.5,0,0,0
2023/1/10 4:00,6.7,52,0,-2.4,0,0,0
2023/1/10 5:00,5.9,49,0,-4,0,0,0
2023/1/10 6:00,5.7,43,0,-5.9,0,0,0
2023/1/10 7:00,5.5,41,1,-6.7,0,0,0.172
2023/1/10 8:00,5.6,42,1,-6.3,0.24,0.4,3.78
2023/1/10 9:00,6.6,39,1,-6.4,0.92,1,6.682
2023/1/10 10:00,8.1,33,1,-7.2,1.48,1,7.441
2023/1/10 11:00,8.5,28,1,-9,1.84,1,7.153
2023/1/10 12:00,9.3,26,1,-9.2,2.05,1,6.517
2023/1/10 13:00,8.9,31,1,-7.3,1.96,1,5.1
2023/1/10 14:00,8.7,32,1,-7.1,1.69,1,3.073
2023/1/10 15:00,7.5,34,1,-7.3,1.24,1,0.901
2023/1/10 16:00,6.6,37,1,-7,0.65,1,0.0787
2023/1/10 17:00,6,39,0,-6.9,0.11,0.5,0
2023/1/10 18:00,5.3,42,0,-6.6,0,0,0
2023/1/10 19:00,4.9,44,0,-6.3,0,0,0
2023/1/10 20:00,4.6,45,0,-6.3,0,0,0
2023/1/10 21:00,4.5,44,0,-6.7,0,0,0
2023/1/10 22:00,3.3,49,0,-6.4,0,0,0
2023/1/10 23:00,4,47,0,-6.3,0,0,0
2023/1/11 0:00,3.3,50,0,-6.1,0,0,0
2023/1/11 1:00,3.4,49,0,-6.3,0,0,0
2023/1/11 2:00,2.1,53,0,-6.5,0,0,0
2023/1/11 3:00,2.3,53,0,-6.3,0,0,0
2023/1/11 4:00,3,50,0,-6.4,0,0,0
2023/1/11 5:00,2.6,53,0,-6,0,0,0
2023/1/11 6:00,2.9,52,0,-6,0,0,0
2023/1/11 7:00,1.9,60,1,-5,0,0,0.56
2023/1/11 8:00,2.7,57,1,-4.9,0.19,0.3,1.735
2023/1/11 9:00,4.5,51,1,-4.7,0.43,0,3.375
2023/1/11 10:00,5.7,48,1,-4.4,0.59,0.1,6.143
2023/1/11 11:00,7.9,40,1,-4.8,1.84,1,7.151
2023/1/11 12:00,8.8,36,1,-5.4,2.03,1,6.341
2023/1/11 13:00,10.1,36,1,-4.3,1.97,1,4.918
2023/1/11 14:00,10.1,32,1,-5.8,1.69,1,2.959
2023/1/11 15:00,9.7,40,1,-3.2,1.22,1,0.897
2023/1/11 16:00,9,44,1,-2.6,0.62,1,0.0876
2023/1/11 17:00,6.6,53,0,-2.3,0.1,0.5,0
2023/1/11 18:00,5.8,55,0,-2.5,0,0,0
2023/1/11 19:00,6,56,0,-2.1,0,0,0
2023/1/11 20:00,5.2,64,0,-1,0,0,0
2023/1/11 21:00,5.2,70,0,0.2,0,0,0
2023/1/11 22:00,5.4,60,0,-1.7,0,0,0
2023/1/11 23:00,4.4,65,0,-1.6,0,0,0
2023/1/12 0:00,4.1,64,0,-2.1,0,0,0
2023/1/12 1:00,3.2,66,0,-2.5,0,0,0
2023/1/12 2:00,2.8,64,0,-3.3,0,0,0
2023/1/12 3:00,3.5,57,0,-4.2,0,0,0
2023/1/12 4:00,2.4,62,0,-4.1,0,0,0
2023/1/12 5:00,2.1,67,0,-3.4,0,0,0
2023/1/12 6:00,1.7,68,0,-3.6,0,0,0
2023/1/12 7:00,1.6,70,1,-3.3,0,0,0.317
2023/1/12 8:00,2.6,63,1,-3.7,0.2,0.3,3.797
2023/1/12 9:00,5,57,1,-2.8,0.91,1,6.378
2023/1/12 10:00,7.3,48,1,-3,1.46,1,6.006
2023/1/12 11:00,8,44,1,-3.5,1.37,0.9,6.212
2023/1/12 12:00,10.1,39,1,-3.2,1.97,1,4.265
2023/1/12 13:00,11.8,31,1,-4.8,2.13,1,4.816
2023/1/12 14:00,12,28,1,-5.9,1.73,1,2.984
2023/1/12 15:00,11.4,29,1,-6,1.28,1,0.922
2023/1/12 16:00,10.3,33,1,-5.2,0.64,1,0.0926
2023/1/12 17:00,8.3,37,0,-5.5,0.13,0.5,0
2023/1/12 18:00,6.9,44,0,-4.5,0,0,0
2023/1/12 19:00,6.7,48,0,-3.5,0,0,0
2023/1/12 20:00,6.1,61,0,-0.8,0,0,0
2023/1/12 21:00,6.5,63,0,0,0,0,0
2023/1/12 22:00,6.1,61,0,-0.8,0,0,0
2023/1/12 23:00,5.8,55,0,-2.5,0,0,0
2023/1/13 0:00,5.3,60,0,-1.8,0,0,0
2023/1/13 1:00,5,59,0,-2.3,0,0,0
2023/1/13 2:00,5,59,0,-2.3,0,0,0
2023/1/13 3:00,4.6,62,0,-2,0,0,0
2023/1/13 4:00,3.7,67,0,-1.8,0,0,0
2023/1/13 5:00,4.1,64,0,-2.1,0,0,0
2023/1/13 6:00,3.3,66,0,-2.4,0,0,0
2023/1/13 7:00,3.7,64,1,-2.5,0,0,0.321
2023/1/13 8:00,4.9,60,1,-2.2,0.23,0.5,3.538
2023/1/13 9:00,6.9,53,1,-2,0.85,1,5.962
2023/1/13 10:00,9.6,48,1,-0.9,1.37,1,6.664
2023/1/13 11:00,11,39,1,-2.4,1.76,1,6.504
2023/1/13 12:00,12.2,39,1,-1.3,1.88,1,5.134
2023/1/13 13:00,13.6,45,1,1.9,1.67,1,2.497
2023/1/13 14:00,12.6,56,1,4.1,0.88,0.1,1.891
2023/1/13 15:00,12.1,55,1,3.4,0.77,0.4,0.776
2023/1/13 16:00,11.6,57,1,3.4,0.34,0,0.162
2023/1/13 17:00,10.3,62,0,3.4,0.05,0,0
2023/1/13 18:00,10.2,67,0,4.4,0,0,0
2023/1/13 19:00,10.4,63,0,3.7,0,0,0
2023/1/13 20:00,10.8,61,0,3.6,0,0,0
2023/1/13 21:00,9.3,72,0,4.5,0,0,0
2023/1/13 22:00,9.1,74,0,4.7,0,0,0
2023/1/13 23:00,10.3,75,0,6.1,0,0,0
2023/1/14 0:00,13.8,71,0,8.6,0,0,0
2023/1/14 1:00,13.3,69,0,7.7,0,0,0
2023/1/14 2:00,13.8,68,0,8,0,0,0
2023/1/14 3:00,13.2,70,0,7.9,0,0,0
2023/1/14 4:00,9.5,75,0,5.3,0,0,0
2023/1/14 5:00,8.8,78,0,5.2,0,0,0
2023/1/14 6:00,8.2,77,0,4.4,0,0,0
2023/1/14 7:00,7.5,76,1,3.6,0,0,0.103
2023/1/14 8:00,8.4,75,1,4.2,0.11,0,0.1
2023/1/14 9:00,8.6,74,1,4.2,0.16,0,0.309
2023/1/14 10:00,9.3,70,1,4.1,0.31,0,0.519
2023/1/14 11:00,9.1,71,1,4.1,0.27,0,0.514
2023/1/14 12:00,8.7,91,1,7.3,0.2,0,0.472
2023/1/14 13:00,8.6,90,1,7.1,0.21,0,0.544
2023/1/14 14:00,9.2,86,1,7,0.23,0,0.512
2023/1/14 15:00,9.2,93,1,8.1,0.24,0,0.293
2023/1/14 16:00,9.2,91,1,7.8,0.12,0,0.0166
2023/1/14 17:00,8.9,96,0,8.3,0.03,0,0
2023/1/14 18:00,9.2,94,0,8.3,0,0,0
2023/1/14 19:00,8.7,95,0,8,0,0,0
2023/1/14 20:00,9.6,82,0,6.7,0,0,0
2023/1/14 21:00,8.7,85,0,6.3,0,0,0
2023/1/14 22:00,9.7,80,0,6.4,0,0,0
2023/1/14 23:00,8.5,88,0,6.6,0,0,0
2023/1/15 0:00,9.7,79,0,6.3,0,0,0
2023/1/15 1:00,10,80,0,6.7,0,0,0
2023/1/15 2:00,11.2,75,0,6.9,0,0,0
2023/1/15 3:00,10.7,80,0,7.4,0,0,0
2023/1/15 4:00,11.3,84,0,8.7,0,0,0
2023/1/15 5:00,11.6,80,0,8.3,0,0,0
2023/1/15 6:00,11.3,82,0,8.3,0,0,0
2023/1/15 7:00,11.2,79,1,7.7,0,0,0.171
2023/1/15 8:00,11.5,77,1,7.6,0.08,0,0.356
2023/1/15 9:00,11.5,75,1,7.2,0.16,0,0.599
2023/1/15 10:00,11.5,77,1,7.6,0.31,0,0.767
2023/1/15 11:00,11.5,74,1,7,0.32,0,0.872
2023/1/15 12:00,11.6,72,1,6.7,0.36,0,0.83
2023/1/15 13:00,11.7,72,1,6.8,0.38,0,0.859
2023/1/15 14:00,11.7,72,1,6.8,0.4,0,0.277
2023/1/15 15:00,11.1,78,1,7.4,0.15,0,0.0695
2023/1/15 16:00,10.3,84,1,7.7,0.05,0,0.0249
2023/1/15 17:00,10.1,87,0,8,0.01,0,0
2023/1/15 18:00,8.8,94,0,7.9,0,0,0
2023/1/15 19:00,8.3,97,0,7.9,0,0,0
2023/1/15 20:00,8.1,97,0,7.7,0,0,0
2023/1/15 21:00,8,98,0,7.7,0,0,0
2023/1/15 22:00,8.1,98,0,7.8,0,0,0
2023/1/15 23:00,8,99,0,7.9,0,0,0
2023/1/16 0:00,7.7,99,0,7.6,0,0,0
2023/1/16 1:00,7.4,99,0,7.3,0,0,0
2023/1/16 2:00,7.2,99,0,7.1,0,0,0
2023/1/16 3:00,7.1,99,0,7,0,0,0
2023/1/16 4:00,7,99,0,6.9,0,0,0
2023/1/16 5:00,6.7,99,0,6.6,0,0,0
2023/1/16 6:00,6.7,99,0,6.6,0,0,0
2023/1/16 7:00,6.8,98,1,6.5,0,0,0.015
2023/1/16 8:00,6.9,98,1,6.6,0.01,0,0.0182
2023/1/16 9:00,7,96,1,6.4,0.04,0,0.0325
2023/1/16 10:00,7.2,98,1,6.9,0.08,0,0.26
2023/1/16 11:00,7.1,98,1,6.8,0.17,0,0.196
2023/1/16 12:00,7,98,1,6.7,0.11,0,0.346
2023/1/16 13:00,6.7,96,1,6.1,0.19,0,0.568
2023/1/16 14:00,6.6,96,1,6,0.16,0,0.376
2023/1/16 15:00,6.5,97,1,6.1,0.14,0,0.223
2023/1/16 16:00,6.1,94,1,5.2,0.15,0,0.0287
2023/1/16 17:00,5.7,94,0,4.8,0.02,0,0
2023/1/16 18:00,5.5,88,0,3.7,0,0,0
2023/1/16 19:00,5.2,90,0,3.7,0,0,0
2023/1/16 20:00,5.4,79,0,2.1,0,0,0
2023/1/16 21:00,5.5,61,0,-1.4,0,0,0
2023/1/16 22:00,5.3,57,0,-2.5,0,0,0
2023/1/16 23:00,4.6,61,0,-2.3,0,0,0
2023/1/17 0:00,4.9,57,0,-2.9,0,0,0
2023/1/17 1:00,5,54,0,-3.5,0,0,0
2023/1/17 2:00,4.6,53,0,-4.1,0,0,0
2023/1/17 3:00,3.9,53,0,-4.8,0,0,0
2023/1/17 4:00,3.7,54,0,-4.7,0,0,0
2023/1/17 5:00,3.3,59,0,-3.9,0,0,0
2023/1/17 6:00,2.9,65,0,-3,0,0,0
2023/1/17 7:00,3,61,1,-3.8,0,0,0.322
2023/1/17 8:00,3.6,61,1,-3.2,0.11,0,0.885
2023/1/17 9:00,4.1,56,1,-3.9,0.25,0,2.005
2023/1/17 10:00,4.8,55,1,-3.5,0.58,0,1.681
2023/1/17 11:00,5.2,56,1,-2.8,0.58,0,2.05
2023/1/17 12:00,5.5,48,1,-4.6,0.65,0,1.611
2023/1/17 13:00,6.6,49,1,-3.3,0.8,0,1.919
2023/1/17 14:00,6.7,52,1,-2.4,0.75,0,2.207
2023/1/17 15:00,6.7,56,1,-1.4,0.97,0.7,0.894
2023/1/17 16:00,5.8,61,1,-1.1,0.67,0.9,0.165
2023/1/17 17:00,5.4,63,0,-1.1,0.13,0.4,0
2023/1/17 18:00,5.8,64,0,-0.5,0,0,0
2023/1/17 19:00,5.4,74,0,1.2,0,0,0
2023/1/17 20:00,4.4,92,0,3.2,0,0,0
2023/1/17 21:00,4.4,92,0,3.2,0,0,0
2023/1/17 22:00,4.2,95,0,3.5,0,0,0
2023/1/17 23:00,4.3,96,0,3.7,0,0,0
2023/1/18 0:00,4.2,94,0,3.3,0,0,0
2023/1/18 1:00,4.5,90,0,3,0,0,0
2023/1/18 2:00,4.4,88,0,2.6,0,0,0
2023/1/18 3:00,4.5,88,0,2.7,0,0,0
2023/1/18 4:00,4.5,83,0,1.9,0,0,0
2023/1/18 5:00,3.9,78,0,0.4,0,0,0
2023/1/18 6:00,4.2,76,0,0.4,0,0,0
2023/1/18 7:00,4.3,66,1,-1.5,0,0,0.246
2023/1/18 8:00,4.5,67,1,-1.1,0.11,0,0.749
2023/1/18 9:00,4.9,68,1,-0.5,0.38,0,3.503
2023/1/18 10:00,7.2,63,1,0.6,1.09,0.6,6.594
2023/1/18 11:00,8.7,53,1,-0.3,1.62,0.9,3.917
2023/1/18 12:00,9.9,53,1,0.8,1.64,0.7,2.441
2023/1/18 13:00,11.3,47,1,0.4,1.16,0.2,3.244
2023/1/18 14:00,11.7,44,1,-0.1,1.18,0.7,2.369
2023/1/18 15:00,11.4,46,1,0.2,1.16,1,1.097
2023/1/18 16:00,10.7,55,1,2,0.68,1,0.218
2023/1/18 17:00,8.8,67,0,3,0.13,0.2,0
2023/1/18 18:00,7.9,70,0,2.8,0,0,0
2023/1/18 19:00,8.1,60,0,0.8,0,0,0
2023/1/18 20:00,8.7,49,0,-1.4,0,0,0
2023/1/18 21:00,8.2,53,0,-0.8,0,0,0
2023/1/18 22:00,8.8,55,0,0.3,0,0,0
2023/1/18 23:00,7.5,58,0,-0.2,0,0,0
2023/1/19 0:00,7.3,61,0,0.3,0,0,0
2023/1/19 1:00,6.1,66,0,0.2,0,0,0
2023/1/19 2:00,5.8,66,0,0,0,0,0
2023/1/19 3:00,4.6,68,0,-0.8,0,0,0
2023/1/19 4:00,3.6,73,0,-0.8,0,0,0
2023/1/19 5:00,4.4,67,0,-1.2,0,0,0
2023/1/19 6:00,3.4,72,0,-1.2,0,0,0
2023/1/19 7:00,3.9,69,1,-1.3,0,0,0.583
2023/1/19 8:00,4.8,59,1,-2.5,0.25,0.4,3.975
2023/1/19 9:00,5.6,56,1,-2.5,0.88,1,4.694
2023/1/19 10:00,6.3,55,1,-2.1,1.16,0.6,2.134
2023/1/19 11:00,7.5,54,1,-1.2,0.86,0,5.003
2023/1/19 12:00,8.2,44,1,-3.3,1.86,0.7,2.492
2023/1/19 13:00,8,50,1,-1.8,1.01,0.2,0.827
2023/1/19 14:00,8,51,1,-1.5,0.42,0,0.491
2023/1/19 15:00,7.9,57,1,-0.1,0.31,0,0.26
2023/1/19 16:00,7.8,53,1,-1.2,0.19,0,0.0418
2023/1/19 17:00,7.5,53,0,-1.4,0.06,0,0
2023/1/19 18:00,7.6,52,0,-1.6,0,0,0
2023/1/19 19:00,7.4,59,0,-0.1,0,0,0
2023/1/19 20:00,6,69,0,0.8,0,0,0
2023/1/19 21:00,6.6,67,0,0.9,0,0,0
2023/1/19 22:00,6.7,69,0,1.4,0,0,0
2023/1/19 23:00,5.9,73,0,1.4,0,0,0
2023/1/20 0:00,7,67,0,1.3,0,0,0
2023/1/20 1:00,6,73,0,1.5,0,0,0
2023/1/20 2:00,5.6,77,0,1.9,0,0,0
2023/1/20 3:00,4.5,90,0,3,0,0,0
2023/1/20 4:00,4.5,91,0,3.2,0,0,0
2023/1/20 5:00,4.2,86,0,2.1,0,0,0
2023/1/20 6:00,4.6,74,0,0.4,0,0,0
2023/1/20 7:00,4.9,70,1,-0.1,0,0,0.666
2023/1/20 8:00,4.4,71,1,-0.4,0.15,0.1,3.639
2023/1/20 9:00,6.8,68,1,1.3,0.9,1,6.509
2023/1/20 10:00,7.9,53,1,-1.1,1.48,1,7.228
2023/1/20 11:00,8.8,48,1,-1.6,1.9,1,7.147
2023/1/20 12:00,10.2,44,1,-1.5,2.09,1,6.498
2023/1/20 13:00,11.8,37,1,-2.4,2.07,1,5.183
2023/1/20 14:00,11.3,48,1,0.7,1.76,1,3.306
2023/1/20 15:00,11.2,50,1,1.2,1.29,1,1.132
2023/1/20 16:00,10.5,56,1,2.1,0.7,1,0.117
2023/1/20 17:00,8.3,68,0,2.8,0.15,0.7,0
2023/1/20 18:00,7.4,71,0,2.5,0,0,0
2023/1/20 19:00,7.4,72,0,2.7,0,0,0
2023/1/20 20:00,7.7,70,0,2.6,0,0,0
2023/1/20 21:00,8.6,62,0,1.7,0,0,0
2023/1/20 22:00,8.7,42,0,-3.5,0,0,0
2023/1/20 23:00,8.2,43,0,-3.6,0,0,0
2023/1/21 0:00,8,44,0,-3.5,0,0,0
2023/1/21 1:00,6.8,47,0,-3.7,0,0,0
2023/1/21 2:00,6.4,43,0,-5.2,0,0,0
2023/1/21 3:00,5.4,45,0,-5.6,0,0,0
2023/1/21 4:00,4.7,47,0,-5.6,0,0,0
2023/1/21 5:00,4.5,43,0,-7,0,0,0
2023/1/21 6:00,3.9,43,0,-7.5,0,0,0
2023/1/21 7:00,3.4,43,1,-8,0.01,0,0.31
2023/1/21 8:00,3.8,41,1,-8.2,0.28,0.5,4.454
2023/1/21 9:00,4.9,37,1,-8.6,0.98,1,7.196
2023/1/21 10:00,6.4,31,1,-9.5,1.57,1,7.394
2023/1/21 11:00,6.9,29,1,-9.9,1.89,0.9,7.976
2023/1/21 12:00,8.1,29,1,-8.9,2.19,1,3.026
2023/1/21 13:00,8.3,30,1,-8.2,1.91,1,3.023
2023/1/21 14:00,8.1,27,1,-9.8,1.78,1,3.412
2023/1/21 15:00,7.7,28,1,-9.6,1.29,1,1.262
2023/1/21 16:00,7.4,27,1,-10.4,0.8,1,0.133
2023/1/21 17:00,6,32,0,-9.4,0.18,0.6,0
2023/1/21 18:00,5.7,30,0,-10.5,0,0,0
2023/1/21 19:00,5,34,0,-9.5,0,0,0
2023/1/21 20:00,4.8,35,0,-9.4,0,0,0
2023/1/21 21:00,4.5,37,0,-8.9,0,0,0
2023/1/21 22:00,4.1,39,0,-8.6,0,0,0
2023/1/21 23:00,3.6,43,0,-7.8,0,0,0
2023/1/22 0:00,3.7,42,0,-8,0,0,0
2023/1/22 1:00,3.6,42,0,-8.1,0,0,0
2023/1/22 2:00,3.2,46,0,-7.3,0,0,0
2023/1/22 3:00,2.7,49,0,-6.9,0,0,0
2023/1/22 4:00,2.2,53,0,-6.4,0,0,0
2023/1/22 5:00,2.3,52,0,-6.5,0,0,0
2023/1/22 6:00,2.1,55,0,-6,0,0,0
2023/1/22 7:00,2.5,53,1,-6.1,0,0,0.639
2023/1/22 8:00,3.2,50,1,-6.2,0.12,0,2.714
2023/1/22 9:00,4,47,1,-6.3,0.39,0,4.49
2023/1/22 10:00,4.8,46,1,-5.8,1.08,0.3,2.043
2023/1/22 11:00,5.7,41,1,-6.5,1.72,0.8,2.173
2023/1/22 12:00,5.9,40,1,-6.7,1.58,0.5,2.56
2023/1/22 13:00,7.4,36,1,-6.7,1.4,0.7,4.373
2023/1/22 14:00,8.1,37,1,-5.7,1.57,1,3.138
2023/1/22 15:00,7.9,41,1,-4.5,1.23,1,1.28
2023/1/22 16:00,7,48,1,-3.2,0.74,0.8,0.219
2023/1/22 17:00,5.9,57,0,-2,0.09,0.1,0
2023/1/22 18:00,4.6,66,0,-1.2,0,0,0
2023/1/22 19:00,5.4,65,0,-0.6,0,0,0
2023/1/22 20:00,5.7,68,0,0.3,0,0,0
2023/1/22 21:00,6.1,60,0,-1.1,0,0,0
2023/1/22 22:00,6.1,58,0,-1.5,0,0,0
2023/1/22 23:00,5.6,54,0,-3,0,0,0
2023/1/23 0:00,4.7,58,0,-2.8,0,0,0
2023/1/23 1:00,4,59,0,-3.3,0,0,0
2023/1/23 2:00,3.4,66,0,-2.3,0,0,0
2023/1/23 3:00,3.4,67,0,-2.1,0,0,0
2023/1/23 4:00,3.5,68,0,-1.8,0,0,0
2023/1/23 5:00,3.6,62,0,-3,0,0,0
2023/1/23 6:00,3.9,60,0,-3.1,0,0,0
2023/1/23 7:00,3.4,65,1,-2.5,0,0,0.0275
2023/1/23 8:00,3.9,73,1,-0.5,0.05,0,0.168
2023/1/23 9:00,3.5,75,1,-0.5,0.11,0,0.57
2023/1/23 10:00,3,87,1,1.1,0.25,0,1.014
2023/1/23 11:00,3.7,87,1,1.7,0.4,0,2.943
2023/1/23 12:00,4.6,87,1,2.6,0.65,0,3.018
2023/1/23 13:00,5.2,84,1,2.7,0.96,0.1,0.81
2023/1/23 14:00,5.9,82,1,3.1,0.46,0,0.432
2023/1/23 15:00,5.9,84,1,3.4,0.25,0,0.206
2023/1/23 16:00,5.6,84,1,3.1,0.1,0,0.0314
2023/1/23 17:00,5.2,85,0,2.9,0.02,0,0
2023/1/23 18:00,5.2,83,0,2.6,0,0,0
2023/1/23 19:00,5.2,84,0,2.7,0,0,0
2023/1/23 20:00,5.4,81,0,2.4,0,0,0
2023/1/23 21:00,5.1,81,0,2.1,0,0,0
2023/1/23 22:00,5.2,80,0,2,0,0,0
2023/1/23 23:00,4.8,81,0,1.8,0,0,0
2023/1/24 0:00,4.5,81,0,1.5,0,0,0
2023/1/24 1:00,4.2,77,0,0.5,0,0,0
2023/1/24 2:00,3.9,76,0,0.1,0,0,0
2023/1/24 3:00,3.3,78,0,-0.1,0,0,0
2023/1/24 4:00,3.7,74,0,-0.5,0,0,0
2023/1/24 5:00,3.8,71,0,-1,0,0,0
2023/1/24 6:00,3.4,75,0,-0.6,0,0,0
2023/1/24 7:00,3.5,76,1,-0.3,0,0,0.0193
2023/1/24 8:00,4.4,78,1,0.9,0.04,0,0.426
2023/1/24 9:00,5.1,75,1,1,0.24,0,0.843
2023/1/24 10:00,5.7,89,1,4,0.29,0,2.762
2023/1/24 11:00,7.8,72,1,3.1,1,0.4,4.645
2023/1/24 12:00,9.8,62,1,2.9,1.96,1,4.311
2023/1/24 13:00,10.3,58,1,2.4,1.75,0.9,4.646
2023/1/24 14:00,11.5,60,1,4,1.78,1,2.943
2023/1/24 15:00,11,58,1,3.1,1.15,1,1.052
2023/1/24 16:00,10.4,62,1,3.4,0.67,0.8,0.155
2023/1/24 17:00,4.4,59,0,-2.9,0.14,0,0
2023/1/24 18:00,3.4,47,0,-6.8,0,0,0
2023/1/24 19:00,3,36,0,-10.6,0,0,0
2023/1/24 20:00,1.5,37,0,-11.6,0,0,0
2023/1/24 21:00,-0.1,40,0,-12.1,0,0,0
2023/1/24 22:00,-0.5,39,0,-12.7,0,0,0
2023/1/24 23:00,-0.6,35,0,-14.2,0,0,0
2023/1/25 0:00,-0.7,28,0,-16.9,0,0,0
2023/1/25 1:00,-1.2,32,0,-15.8,0,0,0
2023/1/25 2:00,-1.6,34,0,-15.4,0,0,0
2023/1/25 3:00,-2,35,0,-15.4,0,0,0
2023/1/25 4:00,-2.2,34,0,-15.9,0,0,0
2023/1/25 5:00,-2.2,32,0,-16.7,0,0,0
2023/1/25 6:00,-2.5,33,0,-16.6,0,0,0
2023/1/25 7:00,-2.8,36,1,-15.8,0.01,0,0.292
2023/1/25 8:00,-2.1,33,1,-16.2,0.32,0.6,5.077
2023/1/25 9:00,-0.5,29,1,-16.3,1.07,1,7.634
2023/1/25 10:00,0.6,27,1,-16.3,1.67,1,8.457
2023/1/25 11:00,1.7,23,1,-17.2,2.1,1,8.136
2023/1/25 12:00,1.6,26,1,-15.8,1.53,0.8,6.875
2023/1/25 13:00,2.6,23,1,-16.5,2.18,1,5.459
2023/1/25 14:00,2.5,21,1,-17.6,2.1,1,3.891
2023/1/25 15:00,2.4,23,1,-16.6,1.54,1,1.313
2023/1/25 16:00,2,26,1,-15.5,0.89,1,0.126
2023/1/25 17:00,1.3,27,0,-15.6,0.24,0.8,0.014
2023/1/25 18:00,0.5,30,0,-15.1,0,0,0
2023/1/25 19:00,0.1,31,0,-15,0,0,0
2023/1/25 20:00,-0.2,32,0,-14.9,0,0,0
2023/1/25 21:00,-0.7,34,0,-14.6,0,0,0
2023/1/25 22:00,-1.4,37,0,-14.2,0,0,0
2023/1/25 23:00,-1.3,36,0,-14.4,0,0,0
2023/1/26 0:00,-1.4,37,0,-14.2,0,0,0
2023/1/26 1:00,-1.9,39,0,-14,0,0,0
2023/1/26 2:00,-1.6,38,0,-14,0,0,0
2023/1/26 3:00,-1.8,39,0,-13.9,0,0,0
2023/1/26 4:00,-1.3,37,0,-14.1,0,0,0
2023/1/26 5:00,-1.7,38,0,-14.1,0,0,0
2023/1/26 6:00,-3.2,47,0,-12.9,0,0,0
2023/1/26 7:00,-3.1,47,1,-12.8,0.01,0,0.437
2023/1/26 8:00,-0.4,37,1,-13.3,0.32,0.6,4.833
2023/1/26 9:00,3.3,36,1,-10.3,1.02,1,6.931
2023/1/26 10:00,4.3,42,1,-7.5,1.56,1,7.718
2023/1/26 11:00,5.5,44,1,-5.8,1.99,1,7.696
2023/1/26 12:00,7.1,40,1,-5.6,2.18,1,6.933
2023/1/26 13:00,8.2,41,1,-4.2,2.15,1,5.54
2023/1/26 14:00,7.8,44,1,-3.7,1.89,1,3.543
2023/1/26 15:00,7.5,45,1,-3.6,1.39,1,1.169
2023/1/26 16:00,6.8,47,1,-3.7,0.66,0.9,0.162
2023/1/26 17:00,5.7,51,0,-3.6,0.15,0.3,0
2023/1/26 18:00,4.9,48,0,-5.2,0,0,0
2023/1/26 19:00,4.3,51,0,-4.9,0,0,0
2023/1/26 20:00,4.2,55,0,-4,0,0,0
2023/1/26 21:00,4.9,49,0,-4.9,0,0,0
2023/1/26 22:00,4.6,46,0,-6,0,0,0
2023/1/26 23:00,4.2,43,0,-7.3,0,0,0
2023/1/27 0:00,3.2,50,0,-6.2,0,0,0
2023/1/27 1:00,2.8,55,0,-5.3,0,0,0
2023/1/27 2:00,2.8,57,0,-4.9,0,0,0
2023/1/27 3:00,2.7,57,0,-4.9,0,0,0
2023/1/27 4:00,2.1,57,0,-5.5,0,0,0
2023/1/27 5:00,1.9,58,0,-5.5,0,0,0
2023/1/27 6:00,2.1,59,0,-5.1,0,0,0
2023/1/27 7:00,2.4,55,1,-5.7,0,0,0.22
2023/1/27 8:00,3.2,54,1,-5.2,0.11,0,0.579
2023/1/27 9:00,4.1,48,1,-5.9,0.38,0.1,4.341
2023/1/27 10:00,5.3,47,1,-5.1,1.09,0.4,3.073
2023/1/27 11:00,5.8,45,1,-5.2,1.42,0.5,2.636
2023/1/27 12:00,5.7,42,1,-6.2,0.89,0,1.817
2023/1/27 13:00,6.5,46,1,-4.3,0.73,0,0.914
2023/1/27 14:00,5.9,45,1,-5.1,0.37,0,0.391
2023/1/27 15:00,5.7,48,1,-4.4,0.19,0,0.111
2023/1/27 16:00,5.3,59,1,-2.1,0.07,0,0.0259
2023/1/27 17:00,5.1,60,1,-2,0.02,0,0
2023/1/27 18:00,3.8,82,0,1,0,0,0
2023/1/27 19:00,3.9,85,0,1.6,0,0,0
2023/1/27 20:00,4.1,84,0,1.6,0,0,0
2023/1/27 21:00,3.2,79,0,-0.1,0,0,0
2023/1/27 22:00,2.7,72,0,-1.8,0,0,0
2023/1/27 23:00,2.6,66,0,-3.1,0,0,0
2023/1/28 0:00,2.5,58,0,-4.9,0,0,0
2023/1/28 1:00,2.3,50,0,-7,0,0,0
2023/1/28 2:00,2.3,45,0,-8.4,0,0,0
2023/1/28 3:00,1.9,44,0,-9.1,0,0,0
2023/1/28 4:00,1.5,45,0,-9.1,0,0,0
2023/1/28 5:00,1.8,42,0,-9.7,0,0,0
2023/1/28 6:00,1.3,44,0,-9.6,0,0,0
2023/1/28 7:00,1.1,48,1,-8.7,0.01,0,0.4
2023/1/28 8:00,1.9,46,1,-8.5,0.32,0.6,5.226
2023/1/28 9:00,4.2,35,1,-9.9,1.06,1,7.408
2023/1/28 10:00,5.4,28,1,-11.6,1.65,1,8.167
2023/1/28 11:00,6.4,28,1,-10.8,2.08,1,8.035
2023/1/28 12:00,7.8,27,1,-10,2.29,1,7.24
2023/1/28 13:00,7.6,23,1,-12.2,2.26,1,5.761
2023/1/28 14:00,7.2,24,1,-12,1.98,1,3.632
2023/1/28 15:00,6.2,28,1,-11,1.16,0.6,1.154
2023/1/28 16:00,5.6,29,1,-11,0.59,0.6,0.14
2023/1/28 17:00,4.9,29,1,-11.6,0.1,0,0
2023/1/28 18:00,4.1,33,0,-10.7,0,0,0
2023/1/28 19:00,3.7,34,0,-10.7,0,0,0
2023/1/28 20:00,3.3,36,0,-10.3,0,0,0
2023/1/28 21:00,2.5,41,0,-9.4,0,0,0
2023/1/28 22:00,1.8,43,0,-9.4,0,0,0
2023/1/28 23:00,2.2,41,0,-9.7,0,0,0
2023/1/29 0:00,0.9,44,0,-10,0,0,0
2023/1/29 1:00,1.3,45,0,-9.3,0,0,0
2023/1/29 2:00,1.2,46,0,-9.1,0,0,0
2023/1/29 3:00,1.2,46,0,-9.1,0,0,0
2023/1/29 4:00,0.5,50,0,-8.7,0,0,0
2023/1/29 5:00,-1,57,0,-8.4,0,0,0
2023/1/29 6:00,-1.3,58,0,-8.5,0,0,0
2023/1/29 7:00,-0.5,53,1,-8.9,0.01,0,0.454
2023/1/29 8:00,0.8,50,1,-8.4,0.32,0.5,5.202
2023/1/29 9:00,3,43,1,-8.4,1.06,1,7.308
2023/1/29 10:00,5,37,1,-8.5,1.65,1,7.97
2023/1/29 11:00,6.9,33,1,-8.3,2.06,1,7.75
2023/1/29 12:00,6.3,30,1,-10,2.28,1,7.011
2023/1/29 13:00,7.7,32,1,-7.9,2.13,0.9,5.669
2023/1/29 14:00,7.4,37,1,-6.3,1.98,1,3.68
2023/1/29 15:00,6.6,40,1,-6,1.5,1,1.343
2023/1/29 16:00,6.4,44,1,-4.9,0.87,1,0.163
2023/1/29 17:00,5.3,46,1,-5.4,0.24,0.8,0.026
2023/1/29 18:00,4,51,0,-5.2,0,0,0
2023/1/29 19:00,4,55,0,-4.2,0,0,0
2023/1/29 20:00,4,62,0,-2.6,0,0,0
2023/1/29 21:00,3.5,67,0,-2,0,0,0
2023/1/29 22:00,2.9,72,0,-1.6,0,0,0
2023/1/29 23:00,2.8,75,0,-1.2,0,0,0
2023/1/30 0:00,3.1,69,0,-2,0,0,0
2023/1/30 1:00,1.7,72,0,-2.8,0,0,0
2023/1/30 2:00,1.1,67,0,-4.3,0,0,0
2023/1/30 3:00,-0.1,71,0,-4.7,0,0,0
2023/1/30 4:00,0.2,71,0,-4.4,0,0,0
2023/1/30 5:00,-0.2,70,0,-5,0,0,0
2023/1/30 6:00,0.1,70,0,-4.7,0,0,0
2023/1/30 7:00,-0.2,71,1,-4.8,0.01,0,0.596
2023/1/30 8:00,1,64,1,-5,0.31,0.5,5.145
2023/1/30 9:00,2.5,58,1,-4.9,1.04,1,7.119
2023/1/30 10:00,3.9,54,1,-4.5,1.62,1,7.741
2023/1/30 11:00,6.6,51,1,-2.8,2.04,1,7.703
2023/1/30 12:00,7.7,38,1,-5.7,2.26,1,6.966
2023/1/30 13:00,9.2,49,1,-0.9,2.22,1,5.7
2023/1/30 14:00,9.6,52,1,0.2,1.95,1,3.735
2023/1/30 15:00,9.8,45,1,-1.6,1.19,0.7,0.874
2023/1/30 16:00,9.5,39,1,-3.7,0.15,0,0.0822
2023/1/30 17:00,8.8,39,1,-4.4,0.13,0.1,0
2023/1/30 18:00,5.9,47,0,-4.5,0,0,0
2023/1/30 19:00,5.3,40,0,-7.2,0,0,0
2023/1/30 20:00,4.4,42,0,-7.4,0,0,0
2023/1/30 21:00,3.7,42,0,-8,0,0,0
2023/1/30 22:00,3.3,42,0,-8.4,0,0,0
2023/1/30 23:00,3.3,40,0,-9,0,0,0
2023/1/31 0:00,2.9,41,0,-9,0,0,0
2023/1/31 1:00,2.5,42,0,-9.1,0,0,0
2023/1/31 2:00,2,43,0,-9.3,0,0,0
2023/1/31 3:00,2.1,41,0,-9.8,0,0,0
2023/1/31 4:00,2.4,38,0,-10.5,0,0,0
2023/1/31 5:00,1.8,42,0,-9.7,0,0,0
2023/1/31 6:00,2,40,0,-10.2,0,0,0
2023/1/31 7:00,1.4,41,1,-10.4,0.01,0,0.459
2023/1/31 8:00,1.9,42,1,-9.6,0.17,0.2,2.397
2023/1/31 9:00,4.7,37,1,-8.7,0.94,0.7,4.69
2023/1/31 10:00,5.8,31,1,-10,1.53,0.9,6.733
2023/1/31 11:00,7.2,29,1,-9.6,2.09,1,8.32
2023/1/31 12:00,7.3,28,1,-10,2.31,1,4.791
2023/1/31 13:00,8.1,28,1,-9.3,2.29,1,5.756
2023/1/31 14:00,8.6,29,1,-8.4,2.02,1,3.73
2023/1/31 15:00,7.6,30,1,-8.9,1.56,1,1.146
2023/1/31 16:00,7,31,1,-9,0.58,0.4,0.228
2023/1/31 17:00,6.6,33,1,-8.5,0.19,0.2,0.00333
2023/1/31 18:00,7.1,28,0,-10.2,0,0,0
2023/1/31 19:00,5.8,34,0,-8.8,0,0,0
2023/1/31 20:00,6.2,34,0,-8.5,0,0,0
2023/1/31 21:00,3.4,55,0,-4.8,0,0,0
2023/1/31 22:00,3.7,48,0,-6.3,0,0,0
2023/1/31 23:00,3.1,57,0,-4.6,0,0,0
2023/2/1 0:00,2.8,48,0,-7.1,0,0,0
2023/2/1 1:00,1.8,50,0,-7.5,0,0,0
2023/2/1 2:00,1.4,51,0,-7.6,0,0,0
2023/2/1 3:00,1.1,52,0,-7.7,0,0,0
2023/2/1 4:00,0.2,52,0,-8.5,0,0,0
2023/2/1 5:00,0.2,49,0,-9.2,0,0,0
2023/2/1 6:00,-0.4,54,0,-8.6,0,0,0
2023/2/1 7:00,-0.2,52,1,-8.9,0.01,0,0.836
2023/2/1 8:00,2.7,45,1,-8,0.31,0.5,4.979
2023/2/1 9:00,5.4,41,1,-6.8,1.02,1,6.362
2023/2/1 10:00,7.3,52,1,-1.9,1.51,1,6.968
2023/2/1 11:00,9.4,56,1,1.1,1.94,1,7.517
2023/2/1 12:00,12.8,30,1,-4.3,2.22,1,6.642
2023/2/1 13:00,11.1,36,1,-3.4,2.09,0.9,2.983
2023/2/1 14:00,11.7,38,1,-2.1,0.91,0.6,3.533
2023/2/1 15:00,12.5,41,1,-0.4,1.37,1,1.358
2023/2/1 16:00,12,43,1,-0.2,0.81,1,0.236
2023/2/1 17:00,11.5,40,1,-1.6,0.25,0.7,0.024
2023/2/1 18:00,10.8,42,0,-1.6,0,0,0
2023/2/1 19:00,10.2,45,0,-1.2,0,0,0
2023/2/1 20:00,9.8,46,0,-1.3,0,0,0
2023/2/1 21:00,9.4,49,0,-0.8,0,0,0
2023/2/1 22:00,8.3,54,0,-0.4,0,0,0
2023/2/1 23:00,7.6,45,0,-3.6,0,0,0
2023/2/2 0:00,6.8,53,0,-2.1,0,0,0
2023/2/2 1:00,6.6,56,0,-1.5,0,0,0
2023/2/2 2:00,6.4,55,0,-2,0,0,0
2023/2/2 3:00,6.6,50,0,-3.1,0,0,0
2023/2/2 4:00,6,48,0,-4.2,0,0,0
2023/2/2 5:00,5.8,44,0,-5.5,0,0,0
2023/2/2 6:00,5.1,43,0,-6.4,0,0,0
2023/2/2 7:00,4.9,41,1,-7.2,0.01,0,0.56
2023/2/2 8:00,4.9,39,1,-7.9,0.21,0,1.981
2023/2/2 9:00,5.9,35,1,-8.4,0.64,0.5,3.599
2023/2/2 10:00,7.3,28,1,-10,1.43,1,6.383
2023/2/2 11:00,8.6,27,1,-9.3,1.97,1,2.996
2023/2/2 12:00,7.8,26,1,-10.5,1.18,0.4,2.052
2023/2/2 13:00,8.5,27,1,-9.4,1.04,0,2.285
2023/2/2 14:00,8.9,24,1,-10.6,1.24,0.3,2.37
2023/2/2 15:00,8.8,25,1,-10.1,0.99,0.2,1.11
2023/2/2 16:00,7.6,27,1,-10.2,0.65,0.2,0.305
2023/2/2 17:00,7,28,1,-10.2,0.15,0,0.003
2023/2/2 18:00,6.2,30,0,-10.1,0,0,0
2023/2/2 19:00,5.8,31,0,-10,0,0,0
2023/2/2 20:00,5.5,34,0,-9.1,0,0,0
2023/2/2 21:00,5.3,35,0,-8.9,0,0,0
2023/2/2 22:00,5.1,38,0,-8,0,0,0
2023/2/2 23:00,4.8,39,0,-8,0,0,0
2023/2/3 0:00,4.8,40,0,-7.7,0,0,0
2023/2/3 1:00,4.6,41,0,-7.5,0,0,0
2023/2/3 2:00,4.4,43,0,-7.1,0,0,0
2023/2/3 3:00,4.2,45,0,-6.7,0,0,0
2023/2/3 4:00,4,46,0,-6.6,0,0,0
2023/2/3 5:00,3.8,47,0,-6.5,0,0,0
2023/2/3 6:00,3.6,49,0,-6.1,0,0,0
2023/2/3 7:00,3.3,51,1,-5.9,0.01,0,0.538
2023/2/3 8:00,3.4,51,1,-5.8,0.2,0,1.299
2023/2/3 9:00,4.3,49,1,-5.5,0.56,0,1.938
2023/2/3 10:00,5.1,46,1,-5.5,1.01,0.1,1.627
2023/2/3 11:00,5,44,1,-6.2,1.02,0,1.367
2023/2/3 12:00,5.5,44,1,-5.8,0.65,0,1.058
2023/2/3 13:00,5.6,43,1,-6,0.49,0,0.718
2023/2/3 14:00,5.5,40,1,-7,0.37,0,0.665
2023/2/3 15:00,5.7,43,1,-5.9,0.23,0,0.321
2023/2/3 16:00,5.3,47,1,-5.1,0.14,0,0.0661
2023/2/3 17:00,5.7,47,1,-4.7,0.04,0,0
2023/2/3 18:00,5.7,48,0,-4.4,0,0,0
2023/2/3 19:00,5.6,50,0,-4,0,0,0
2023/2/3 20:00,5.3,55,0,-3,0,0,0
2023/2/3 21:00,4.8,55,0,-3.5,0,0,0
2023/2/3 22:00,5.2,50,0,-4.4,0,0,0
2023/2/3 23:00,4.8,48,0,-5.3,0,0,0
2023/2/4 0:00,4.8,47,0,-5.5,0,0,0
2023/2/4 1:00,4.9,47,0,-5.4,0,0,0
2023/2/4 2:00,4.1,53,0,-4.6,0,0,0
2023/2/4 3:00,3.5,55,0,-4.7,0,0,0
2023/2/4 4:00,3.2,54,0,-5.2,0,0,0
2023/2/4 5:00,3.4,56,0,-4.5,0,0,0
2023/2/4 6:00,3,55,0,-5.1,0,0,0
2023/2/4 7:00,2.2,62,1,-4.3,0.01,0,0.939
2023/2/4 8:00,3.8,56,1,-4.2,0.17,0,1.434
2023/2/4 9:00,4.9,52,1,-4.1,0.36,0,3.204
2023/2/4 10:00,6.3,42,1,-5.7,1.02,0.3,3.698
2023/2/4 11:00,7.6,51,1,-1.9,1.34,0.6,6.071
2023/2/4 12:00,8.6,53,1,-0.4,1.46,0.6,6.755
2023/2/4 13:00,9.6,51,1,0,2.15,1,5.441
2023/2/4 14:00,10.1,52,1,0.7,1.94,1,3.575
2023/2/4 15:00,10.9,53,1,1.7,1.47,1,1.443
2023/2/4 16:00,10.6,58,1,2.7,0.87,1,0.25
2023/2/4 17:00,9.6,65,1,3.4,0.28,0.7,0.0236
2023/2/4 18:00,7.7,76,0,3.8,0.01,0,0
2023/2/4 19:00,7.1,82,0,4.3,0,0,0
2023/2/4 20:00,7.7,81,0,4.7,0,0,0
2023/2/4 21:00,7.7,79,0,4.3,0,0,0
2023/2/4 22:00,6.7,59,0,-0.7,0,0,0
2023/2/4 23:00,6.6,54,0,-2,0,0,0
2023/2/5 0:00,5.9,57,0,-2,0,0,0
2023/2/5 1:00,5.8,56,0,-2.3,0,0,0
2023/2/5 2:00,5.2,59,0,-2.1,0,0,0
2023/2/5 3:00,5,60,0,-2.1,0,0,0
2023/2/5 4:00,3.6,63,0,-2.8,0,0,0
2023/2/5 5:00,3.5,65,0,-2.4,0,0,0
2023/2/5 6:00,2.2,69,0,-2.9,0,0,0
2023/2/5 7:00,1.8,72,1,-2.7,0.01,0,1.264
2023/2/5 8:00,4.3,59,1,-3,0.35,0.5,5.594
2023/2/5 9:00,6.3,53,1,-2.6,1.13,1,7.171
2023/2/5 10:00,8.5,46,1,-2.4,1.72,1,7.896
2023/2/5 11:00,8.7,42,1,-3.5,2.16,1,7.681
2023/2/5 12:00,9,39,1,-4.2,2.33,1,6.647
2023/2/5 13:00,9.4,35,1,-5.3,2.3,0.9,5.684
2023/2/5 14:00,10.8,36,1,-3.7,2.05,1,3.737
2023/2/5 15:00,10.5,31,1,-5.9,1.59,1,1.498
2023/2/5 16:00,10.2,34,1,-4.9,0.96,1,0.276
2023/2/5 17:00,9.6,41,1,-3,0.33,0.9,0.0125
2023/2/5 18:00,8.7,54,0,-0.1,0.01,0,0
2023/2/5 19:00,8.8,58,0,1,0,0,0
2023/2/5 20:00,7.4,65,0,1.3,0,0,0
2023/2/5 21:00,6.6,73,0,2.1,0,0,0
2023/2/5 22:00,5.9,75,0,1.8,0,0,0
2023/2/5 23:00,5,75,0,1,0,0,0
2023/2/6 0:00,6,71,0,1.2,0,0,0
2023/2/6 1:00,5.5,73,0,1.1,0,0,0
2023/2/6 2:00,4.9,69,0,-0.3,0,0,0
2023/2/6 3:00,4.2,66,0,-1.6,0,0,0
2023/2/6 4:00,4.4,63,0,-2,0,0,0
2023/2/6 5:00,4.2,63,0,-2.2,0,0,0
2023/2/6 6:00,3.8,64,0,-2.4,0,0,0
2023/2/6 7:00,4,63,1,-2.4,0.01,0,1.407
2023/2/6 8:00,5.4,59,1,-2,0.35,0.5,5.529
2023/2/6 9:00,7.5,54,1,-1.2,1.11,1,6.167
2023/2/6 10:00,9.1,48,1,-1.3,1.7,1,7.912
2023/2/6 11:00,10.2,46,1,-0.9,2.15,1,7.624
2023/2/6 12:00,11.2,42,1,-1.2,2.37,1,6.942
2023/2/6 13:00,12.2,39,1,-1.3,2.36,1,5.563
2023/2/6 14:00,12.7,32,1,-3.6,2.02,1,3.313
2023/2/6 15:00,11.9,47,1,1,1.31,1,1.314
2023/2/6 16:00,10.8,48,1,0.3,0.68,0.6,0.348
2023/2/6 17:00,9.7,47,1,-1.1,0.21,0,0.0126
2023/2/6 18:00,8.1,56,0,-0.1,0,0,0
2023/2/6 19:00,8.3,54,0,-0.4,0,0,0
2023/2/6 20:00,8,59,0,0.5,0,0,0
2023/2/6 21:00,8.2,61,0,1.1,0,0,0
2023/2/6 22:00,7.7,61,0,0.7,0,0,0
2023/2/6 23:00,7.2,63,0,0.6,0,0,0
2023/2/7 0:00,7.3,61,0,0.3,0,0,0
2023/2/7 1:00,8.5,60,0,1.2,0,0,0
2023/2/7 2:00,7.8,65,0,1.6,0,0,0
2023/2/7 3:00,7.2,65,0,1.1,0,0,0
2023/2/7 4:00,7.2,65,0,1.1,0,0,0
2023/2/7 5:00,7.1,59,0,-0.3,0,0,0
2023/2/7 6:00,7.3,57,0,-0.6,0,0,0
2023/2/7 7:00,7.3,55,1,-1.1,0,0,0.214
2023/2/7 8:00,7.9,53,1,-1.1,0.16,0,2.6
2023/2/7 9:00,9.3,49,1,-0.9,0.79,0.4,3.244
2023/2/7 10:00,10.2,48,1,-0.3,1,0.3,7.008
2023/2/7 11:00,13.3,43,1,1,1.95,0.9,6.418
2023/2/7 12:00,14,49,1,3.5,2.06,1,3.817
2023/2/7 13:00,14.1,49,1,3.6,1.3,0.3,4.009
2023/2/7 14:00,15.1,53,1,5.6,1.55,0.7,2.23
2023/2/7 15:00,14.4,57,1,6,1.03,0.4,0.813
2023/2/7 16:00,13.9,62,1,6.8,0.41,0,0.216
2023/2/7 17:00,12.6,68,1,6.9,0.14,0,0.0198
2023/2/7 18:00,11.8,73,0,7.1,0,0,0
2023/2/7 19:00,11.5,76,0,7.4,0,0,0
2023/2/7 20:00,10.5,79,0,7,0,0,0
2023/2/7 21:00,10.3,80,0,7,0,0,0
2023/2/7 22:00,10.2,79,0,6.7,0,0,0
2023/2/7 23:00,10.2,77,0,6.4,0,0,0
2023/2/8 0:00,10,79,0,6.5,0,0,0
2023/2/8 1:00,9.6,81,0,6.5,0,0,0
2023/2/8 2:00,9,79,0,5.6,0,0,0
2023/2/8 3:00,8.5,80,0,5.3,0,0,0
2023/2/8 4:00,8.6,74,0,4.2,0,0,0
2023/2/8 5:00,8.1,75,0,4,0,0,0
2023/2/8 6:00,7.9,78,0,4.3,0,0,0
2023/2/8 7:00,7.9,81,1,4.9,0.02,0,0.481
2023/2/8 8:00,8.1,78,1,4.5,0.23,0,2.111
2023/2/8 9:00,9.2,70,1,4,0.84,0.6,4.666
2023/2/8 10:00,9.6,66,1,3.6,1,0.2,7.422
2023/2/8 11:00,10.4,55,1,1.8,1.95,0.9,4.005
2023/2/8 12:00,10.4,55,1,1.8,1.13,0.1,1.922
2023/2/8 13:00,10.7,55,1,2,0.63,0,2.216
2023/2/8 14:00,10.4,51,1,0.7,0.39,0,1.11
2023/2/8 15:00,10.6,53,1,1.4,0.25,0,0.589
2023/2/8 16:00,9.6,61,1,2.5,0.28,0,0.119
2023/2/8 17:00,9.4,61,1,2.3,0.12,0,0.0253
2023/2/8 18:00,9.2,62,0,2.3,0,0,0
2023/2/8 19:00,8.4,75,0,4.2,0,0,0
2023/2/8 20:00,7.1,85,0,4.8,0,0,0
2023/2/8 21:00,6.7,87,0,4.7,0,0,0
2023/2/8 22:00,6.7,86,0,4.5,0,0,0
2023/2/8 23:00,6.1,81,0,3.1,0,0,0
2023/2/9 0:00,6.4,59,0,-1,0,0,0
2023/2/9 1:00,6.2,50,0,-3.4,0,0,0
2023/2/9 2:00,5.6,50,0,-4,0,0,0
2023/2/9 3:00,5.5,43,0,-6.1,0,0,0
2023/2/9 4:00,4.6,47,0,-5.7,0,0,0
2023/2/9 5:00,4.2,48,0,-5.8,0,0,0
2023/2/9 6:00,4.3,46,0,-6.3,0,0,0.0829
2023/2/9 7:00,4,48,1,-6,0.02,0,2.286
2023/2/9 8:00,4.6,44,1,-6.6,0.42,0.6,6.224
2023/2/9 9:00,6.5,42,1,-5.5,1.21,1,7.615
2023/2/9 10:00,8,38,1,-5.4,1.8,1,8.363
2023/2/9 11:00,9.4,33,1,-6,2.25,1,8.225
2023/2/9 12:00,10.1,30,1,-6.7,2.47,1,7.371
2023/2/9 13:00,10.3,28,1,-7.4,2.44,1,5.905
2023/2/9 14:00,9.7,27,1,-8.4,2.17,1,3.995
2023/2/9 15:00,9.6,30,1,-7.1,1.78,1,1.572
2023/2/9 16:00,7.8,29,1,-9.1,0.97,1,0.258
2023/2/9 17:00,6.8,32,1,-8.7,0.34,1,0.018
2023/2/9 18:00,6.3,31,0,-9.6,0.01,0,0
2023/2/9 19:00,5.6,34,0,-9,0,0,0
2023/2/9 20:00,5.2,36,0,-8.6,0,0,0
2023/2/9 21:00,4.7,38,0,-8.4,0,0,0
2023/2/9 22:00,4.1,41,0,-8,0,0,0
2023/2/9 23:00,3.5,45,0,-7.3,0,0,0
2023/2/10 0:00,2.5,51,0,-6.6,0,0,0
2023/2/10 1:00,2.2,51,0,-6.9,0,0,0
2023/2/10 2:00,2.5,50,0,-6.9,0,0,0
2023/2/10 3:00,3.1,49,0,-6.6,0,0,0
2023/2/10 4:00,3.1,46,0,-7.4,0,0,0
2023/2/10 5:00,3.3,49,0,-6.4,0,0,0
2023/2/10 6:00,2.9,54,0,-5.5,0,0,0
2023/2/10 7:00,2.6,53,1,-6,0,0,0.0242
2023/2/10 8:00,1.4,71,1,-3.3,0.04,0,0.3
2023/2/10 9:00,0.1,90,1,-1.3,0.12,0,0.298
2023/2/10 10:00,0.1,93,1,-0.9,0.1,0,0.445
2023/2/10 11:00,0.2,94,1,-0.6,0.13,0,2.029
2023/2/10 12:00,0.5,94,1,-0.3,0.22,0,1.681
2023/2/10 13:00,1,95,1,0.3,0.37,0,0.889
2023/2/10 14:00,1,96,1,0.4,0.24,0,0.35
2023/2/10 15:00,1.2,97,1,0.8,0.13,0,0.168
2023/2/10 16:00,1.4,98,1,1.1,0.08,0,0.0256
2023/2/10 17:00,1.6,98,1,1.3,0.03,0,0
2023/2/10 18:00,1.8,98,0,1.5,0,0,0
2023/2/10 19:00,2,98,0,1.7,0,0,0
2023/2/10 20:00,2.1,98,0,1.8,0,0,0
2023/2/10 21:00,2.4,98,0,2.1,0,0,0
2023/2/10 22:00,2.6,98,0,2.3,0,0,0
2023/2/10 23:00,2.8,97,0,2.4,0,0,0
2023/2/11 0:00,2.7,96,0,2.1,0,0,0
2023/2/11 1:00,3,94,0,2.1,0,0,0
2023/2/11 2:00,3,95,0,2.3,0,0,0
2023/2/11 3:00,3.5,91,0,2.2,0,0,0
2023/2/11 4:00,5,84,0,2.5,0,0,0
2023/2/11 5:00,7.3,62,0,0.5,0,0,0
2023/2/11 6:00,6.9,62,0,0.1,0,0,0.136
2023/2/11 7:00,5,74,1,0.8,0.02,0,2.656
2023/2/11 8:00,6.6,67,1,0.9,0.44,0.6,6.073
2023/2/11 9:00,8.9,58,1,1.1,1.22,1,7.457
2023/2/11 10:00,11.4,52,1,1.9,1.82,1,8.194
2023/2/11 11:00,12.2,45,1,0.6,2.27,1,8.123
2023/2/11 12:00,12.5,42,1,0,2.48,1,7.28
2023/2/11 13:00,13.5,41,1,0.5,2.45,1,5.833
2023/2/11 14:00,13.4,44,1,1.4,2.19,1,3.958
2023/2/11 15:00,12.7,42,1,0.1,1.69,1,1.651
2023/2/11 16:00,12.1,46,1,0.8,0.89,1,0.305
2023/2/11 17:00,11.1,49,1,0.8,0.34,0.9,0.0148
2023/2/11 18:00,9.8,53,0,0.7,0.01,0,0
2023/2/11 19:00,9.3,55,0,0.7,0,0,0
2023/2/11 20:00,9,58,0,1.2,0,0,0
2023/2/11 21:00,8.8,61,0,1.7,0,0,0
2023/2/11 22:00,8.6,63,0,2,0,0,0
2023/2/11 23:00,8.1,64,0,1.7,0,0,0
2023/2/12 0:00,8,67,0,2.3,0,0,0
2023/2/12 1:00,7.9,65,0,1.7,0,0,0
2023/2/12 2:00,7.4,67,0,1.7,0,0,0
2023/2/12 3:00,7.2,64,0,0.9,0,0,0
2023/2/12 4:00,7.1,62,0,0.3,0,0,0
2023/2/12 5:00,6.9,66,0,1,0,0,0
2023/2/12 6:00,6.3,63,0,-0.2,0,0,0.212
2023/2/12 7:00,5.2,67,1,-0.4,0.03,0,0.876
2023/2/12 8:00,6.7,61,1,-0.3,0.24,0,4.841
2023/2/12 9:00,8.4,57,1,0.4,0.86,0.4,6.38
2023/2/12 10:00,9.4,53,1,0.3,1.71,1,7.137
2023/2/12 11:00,11.8,52,1,2.3,2.05,1,7.029
2023/2/12 12:00,14.5,52,1,4.8,2.35,1,6.84
2023/2/12 13:00,15.6,52,1,5.8,2.32,1,5.634
2023/2/12 14:00,16.3,56,1,7.5,2.02,1,3.584
2023/2/12 15:00,16.4,58,1,8.1,1.46,1,1.471
2023/2/12 16:00,15.4,64,1,8.6,0.59,0.2,0.318
2023/2/12 17:00,14.6,73,1,9.8,0.15,0,0.015
2023/2/12 18:00,13.8,77,0,9.9,0.01,0,0
2023/2/12 19:00,15,65,0,8.5,0,0,0
2023/2/12 20:00,13.5,74,0,9,0,0,0
2023/2/12 21:00,12.3,80,0,9,0,0,0
2023/2/12 22:00,11.1,75,0,6.9,0,0,0
2023/2/12 23:00,10.8,73,0,6.2,0,0,0
2023/2/13 0:00,10.2,74,0,5.8,0,0,0
2023/2/13 1:00,9.7,68,0,4.1,0,0,0
2023/2/13 2:00,9.7,66,0,3.7,0,0,0
2023/2/13 3:00,9.4,69,0,4,0,0,0
2023/2/13 4:00,9.1,70,0,3.9,0,0,0
2023/2/13 5:00,8.8,77,0,5,0,0,0
2023/2/13 6:00,8.9,79,0,5.5,0,0,0
2023/2/13 7:00,9.1,84,1,6.6,0,0,0.0229
2023/2/13 8:00,9.1,86,1,6.9,0.03,0,0.0268
2023/2/13 9:00,8.9,86,1,6.7,0.06,0,0.0962
2023/2/13 10:00,8.8,90,1,7.3,0.1,0,0.228
2023/2/13 11:00,8,92,1,6.8,0.12,0,0.357
2023/2/13 12:00,7.5,95,1,6.8,0.15,0,0.446
2023/2/13 13:00,7.3,96,1,6.7,0.16,0,0.366
2023/2/13 14:00,7.2,95,1,6.5,0.16,0,0.266
2023/2/13 15:00,7.3,97,1,6.9,0.14,0,0.181
2023/2/13 16:00,7.3,97,1,6.9,0.12,0,0.0395
2023/2/13 17:00,7.1,94,1,6.2,0.04,0,0
2023/2/13 18:00,6.8,93,0,5.8,0,0,0
2023/2/13 19:00,6.5,95,0,5.8,0,0,0
2023/2/13 20:00,6.4,94,0,5.5,0,0,0
2023/2/13 21:00,6.1,96,0,5.5,0,0,0
2023/2/13 22:00,5.8,93,0,4.8,0,0,0
2023/2/13 23:00,5.3,93,0,4.3,0,0,0
2023/2/14 0:00,5.3,86,0,3.2,0,0,0
2023/2/14 1:00,5.3,72,0,0.7,0,0,0
2023/2/14 2:00,5.3,67,0,-0.3,0,0,0
2023/2/14 3:00,5,64,0,-1.2,0,0,0
2023/2/14 4:00,4.8,62,0,-1.9,0,0,0
2023/2/14 5:00,4.6,55,0,-3.6,0,0,0
2023/2/14 6:00,4.6,47,0,-5.7,0,0,0.028
2023/2/14 7:00,4.3,54,1,-4.2,0.01,0,0.494
2023/2/14 8:00,4.7,56,1,-3.3,0.22,0,1.375
2023/2/14 9:00,5.2,47,1,-5.2,0.31,0,2.61
2023/2/14 10:00,6.1,47,1,-4.3,0.51,0,2.213
2023/2/14 11:00,7.2,42,1,-4.8,0.83,0,2.768
2023/2/14 12:00,8.8,35,1,-5.8,2.36,0.8,3.91
2023/2/14 13:00,9.8,35,1,-4.9,2.11,0.6,2.47
2023/2/14 14:00,10.1,31,1,-6.2,1.57,0.5,2.517
2023/2/14 15:00,8.4,34,1,-6.5,1.49,0.6,1.191
2023/2/14 16:00,7.3,30,1,-9.1,0.69,0.3,0.323
2023/2/14 17:00,5.6,36,1,-8.3,0.28,0.2,0.0111
2023/2/14 18:00,4.7,37,0,-8.7,0.01,0,0
2023/2/14 19:00,4.2,40,0,-8.2,0,0,0
2023/2/14 20:00,4,40,0,-8.4,0,0,0
2023/2/14 21:00,3.9,40,0,-8.5,0,0,0
2023/2/14 22:00,4.1,36,0,-9.6,0,0,0
2023/2/14 23:00,3.5,41,0,-8.5,0,0,0
2023/2/15 0:00,3.4,43,0,-8,0,0,0
2023/2/15 1:00,2.8,43,0,-8.5,0,0,0
2023/2/15 2:00,2.3,40,0,-9.9,0,0,0
2023/2/15 3:00,1.9,40,0,-10.3,0,0,0
2023/2/15 4:00,1.8,40,0,-10.3,0,0,0
2023/2/15 5:00,1.8,40,0,-10.3,0,0,0
2023/2/15 6:00,1.9,36,0,-11.6,0,0,0
2023/2/15 7:00,2,37,1,-11.2,0.02,0,0.536
2023/2/15 8:00,2.3,37,1,-10.9,0.31,0,1.356
2023/2/15 9:00,3,37,1,-10.3,0.86,0.4,1.936
2023/2/15 10:00,4.5,36,1,-9.3,0.97,0,2.835
2023/2/15 11:00,4.8,30,1,-11.3,1.5,0.4,4.198
2023/2/15 12:00,5.9,31,1,-9.9,1.47,0.5,6.49
2023/2/15 13:00,7,31,1,-9,2.25,0.9,5.953
2023/2/15 14:00,7.2,30,1,-9.2,2.31,1,4.334
2023/2/15 15:00,6.9,30,1,-9.5,1.83,1,1.828
2023/2/15 16:00,5.8,31,1,-10,1.18,1,0.302
2023/2/15 17:00,4.9,32,1,-10.4,0.46,1,0.0332
2023/2/15 18:00,4.2,33,0,-10.6,0.02,0,0
2023/2/15 19:00,3.3,37,0,-10,0,0,0
2023/2/15 20:00,2.8,38,0,-10.1,0,0,0
2023/2/15 21:00,2.6,39,0,-9.9,0,0,0
2023/2/15 22:00,2.3,41,0,-9.6,0,0,0
2023/2/15 23:00,1.2,46,0,-9.1,0,0,0
2023/2/16 0:00,1.6,44,0,-9.3,0,0,0
2023/2/16 1:00,0.4,49,0,-9.1,0,0,0
2023/2/16 2:00,0.6,49,0,-8.9,0,0,0
2023/2/16 3:00,0.4,51,0,-8.5,0,0,0
2023/2/16 4:00,0.2,54,0,-8,0,0,0
2023/2/16 5:00,0.3,55,0,-7.7,0,0,0
2023/2/16 6:00,-0.2,56,0,-7.9,0,0,0.165
2023/2/16 7:00,-0.3,58,1,-7.5,0.03,0,3.6
2023/2/16 8:00,1.1,51,1,-7.9,0.55,0.8,6.575
2023/2/16 9:00,3.3,47,1,-6.9,1.34,1,8.037
2023/2/16 10:00,4.8,43,1,-6.7,1.96,1,8.593
2023/2/16 11:00,5.8,39,1,-7.1,2.41,1,8.44
2023/2/16 12:00,6.5,35,1,-7.9,2.63,1,7.654
2023/2/16 13:00,7.5,32,1,-8.1,2.6,1,6.246
2023/2/16 14:00,9,33,1,-6.4,2.33,1,4.267
2023/2/16 15:00,7.7,29,1,-9.2,1.84,1,1.821
2023/2/16 16:00,7.3,31,1,-8.7,1.18,1,0.281
2023/2/16 17:00,6.7,32,1,-8.8,0.46,1,0.04
2023/2/16 18:00,5,41,0,-7.1,0.02,0.1,0
2023/2/16 19:00,6.1,55,0,-2.3,0,0,0
2023/2/16 20:00,5.4,60,0,-1.7,0,0,0
2023/2/16 21:00,4.7,68,0,-0.7,0,0,0
2023/2/16 22:00,5.2,65,0,-0.8,0,0,0
2023/2/16 23:00,5.3,58,0,-2.3,0,0,0
2023/2/17 0:00,4.9,61,0,-2,0,0,0
2023/2/17 1:00,4.4,62,0,-2.2,0,0,0
2023/2/17 2:00,2.8,64,0,-3.3,0,0,0
2023/2/17 3:00,2.4,60,0,-4.6,0,0,0
2023/2/17 4:00,1.6,58,0,-5.8,0,0,0
2023/2/17 5:00,1.3,59,0,-5.8,0,0,0
2023/2/17 6:00,1.4,59,0,-5.7,0,0,0.114
2023/2/17 7:00,1.5,58,1,-5.8,0.04,0,2.318
2023/2/17 8:00,2.6,56,1,-5.3,0.57,0.8,4.371
2023/2/17 9:00,4.6,49,1,-5.2,1.17,0.8,6.975
2023/2/17 10:00,6.1,46,1,-4.6,1.92,1,7.102
2023/2/17 11:00,7.9,46,1,-3,2.15,1,8.115
2023/2/17 12:00,9.1,45,1,-2.2,2.53,1,7.267
2023/2/17 13:00,10,44,1,-1.7,2.54,1,5.926
2023/2/17 14:00,9.6,43,1,-2.4,2.26,1,4.048
2023/2/17 15:00,10.5,46,1,-0.6,1.78,1,1.758
2023/2/17 16:00,9.9,44,1,-1.8,1.14,1,0.335
2023/2/17 17:00,8.7,50,1,-1.1,0.44,1,0.0313
2023/2/17 18:00,6.5,59,0,-0.9,0.03,0.1,0
2023/2/17 19:00,6.4,58,0,-1.3,0,0,0
2023/2/17 20:00,6.1,58,0,-1.5,0,0,0
2023/2/17 21:00,6.4,59,0,-1,0,0,0
2023/2/17 22:00,5.8,62,0,-0.9,0,0,0
2023/2/17 23:00,6.1,62,0,-0.6,0,0,0
2023/2/18 0:00,5.2,63,0,-1.3,0,0,0
2023/2/18 1:00,4.1,66,0,-1.7,0,0,0
2023/2/18 2:00,4.1,65,0,-1.9,0,0,0
2023/2/18 3:00,4.5,61,0,-2.4,0,0,0
2023/2/18 4:00,3.3,67,0,-2.2,0,0,0
2023/2/18 5:00,2.8,69,0,-2.3,0,0,0
2023/2/18 6:00,2.1,70,0,-2.8,0,0,0.293
2023/2/18 7:00,2.6,70,1,-2.3,0.04,0,2.77
2023/2/18 8:00,5.4,56,1,-2.7,0.52,0.8,5.683
2023/2/18 9:00,8.3,46,1,-2.6,1.23,1,7.037
2023/2/18 10:00,11.1,40,1,-2,1.82,1,7.667
2023/2/18 11:00,12.5,34,1,-2.9,2.24,1,7.667
2023/2/18 12:00,13,35,1,-2.1,2.43,1,6.984
2023/2/18 13:00,13.6,33,1,-2.4,2.42,1,5.726
2023/2/18 14:00,14.2,37,1,-0.3,2.22,1,3.352
2023/2/18 15:00,14.5,44,1,2.4,1.39,0.7,1.756
2023/2/18 16:00,13.3,52,1,3.7,1.12,1,0.427
2023/2/18 17:00,12.6,58,1,4.6,0.45,0.9,0.0475
2023/2/18 18:00,11.6,69,0,6.1,0.03,0,0
2023/2/18 19:00,10.9,74,0,6.5,0,0,0
2023/2/18 20:00,10,82,0,7.1,0,0,0
2023/2/18 21:00,9.5,84,0,6.9,0,0,0
2023/2/18 22:00,9.2,87,0,7.2,0,0,0
2023/2/18 23:00,10.3,79,0,6.8,0,0,0
2023/2/19 0:00,9,78,0,5.4,0,0,0
2023/2/19 1:00,9.5,71,0,4.5,0,0,0
2023/2/19 2:00,8.5,66,0,2.5,0,0,0
2023/2/19 3:00,7.6,71,0,2.7,0,0,0
2023/2/19 4:00,7.5,68,0,2,0,0,0
2023/2/19 5:00,7.7,62,0,0.9,0,0,0
2023/2/19 6:00,7.6,60,0,0.4,0,0,0
2023/2/19 7:00,7.9,59,1,0.4,0.04,0,0.612
2023/2/19 8:00,8.4,58,1,0.6,0.3,0,0.773
2023/2/19 9:00,9,59,1,1.4,0.51,0,1.045
2023/2/19 10:00,9.8,58,1,1.9,0.62,0,0.657
2023/2/19 11:00,11.4,58,1,3.4,0.64,0,0.536
2023/2/19 12:00,13,56,1,4.4,0.88,0,0.961
2023/2/19 13:00,14.9,48,1,4,1.32,0.2,3.095
2023/2/19 14:00,16.7,54,1,7.4,1.44,0.5,2.342
2023/2/19 15:00,17.6,54,1,8.2,1.16,0.4,0.681
2023/2/19 16:00,17.3,60,1,9.5,0.52,0,0.336
2023/2/19 17:00,15.9,55,1,6.9,0.21,0,0.0144
2023/2/19 18:00,15.9,58,0,7.7,0.01,0,0
2023/2/19 19:00,15.2,52,0,5.4,0,0,0
2023/2/19 20:00,13.8,44,0,1.8,0,0,0
2023/2/19 21:00,12.9,46,0,1.6,0,0,0
2023/2/19 22:00,12.7,44,0,0.8,0,0,0
2023/2/19 23:00,11.6,46,0,0.4,0,0,0
2023/2/20 0:00,11.2,44,0,-0.6,0,0,0
2023/2/20 1:00,10.2,47,0,-0.6,0,0,0
2023/2/20 2:00,10.4,46,0,-0.7,0,0,0
2023/2/20 3:00,9.5,48,0,-1,0,0,0
2023/2/20 4:00,8.3,53,0,-0.7,0,0,0
2023/2/20 5:00,8.6,51,0,-1,0,0,0
2023/2/20 6:00,7.9,46,0,-3,0,0,0.159
2023/2/20 7:00,7.2,46,1,-3.6,0.03,0,3.409
2023/2/20 8:00,8.2,42,1,-3.9,0.61,0.8,6.395
2023/2/20 9:00,9.8,39,1,-3.5,1.35,1,7.787
2023/2/20 10:00,10.4,35,1,-4.4,1.93,0.9,7.982
2023/2/20 11:00,11.4,32,1,-4.7,2.17,0.8,5.801
2023/2/20 12:00,13.6,33,1,-2.4,2.66,1,4.536
2023/2/20 13:00,12.8,33,1,-3.1,2.43,0.9,4.946
2023/2/20 14:00,13.6,33,1,-2.4,2.33,1,3.966
2023/2/20 15:00,13.4,39,1,-0.2,1.81,1,1.806
2023/2/20 16:00,12.2,45,1,0.6,1.07,1,0.441
2023/2/20 17:00,11.6,44,1,-0.2,0.27,0.4,0.029
2023/2/20 18:00,10.9,53,0,1.7,0,0,0
2023/2/20 19:00,9.9,63,0,3.2,0,0,0
2023/2/20 20:00,9.4,61,0,2.3,0,0,0
2023/2/20 21:00,7.4,33,0,-7.8,0,0,0
2023/2/20 22:00,6.3,35,0,-8,0,0,0
2023/2/20 23:00,5.6,40,0,-6.9,0,0,0
2023/2/21 0:00,4.7,37,0,-8.7,0,0,0
2023/2/21 1:00,4.3,41,0,-7.8,0,0,0
2023/2/21 2:00,4.2,43,0,-7.3,0,0,0
2023/2/21 3:00,3.8,45,0,-7,0,0,0
2023/2/21 4:00,3.1,44,0,-8,0,0,0
2023/2/21 5:00,2.9,41,0,-9,0,0,0
2023/2/21 6:00,2.9,39,0,-9.7,0,0,0.12
2023/2/21 7:00,2.3,45,1,-8.4,0.03,0,3.653
2023/2/21 8:00,3.7,46,1,-6.8,0.65,0.9,6.823
2023/2/21 9:00,5.2,34,1,-9.4,1.43,1,8.26
2023/2/21 10:00,6.2,32,1,-9.3,2.06,1,8.89
2023/2/21 11:00,7.6,28,1,-9.7,2.52,1,8.621
2023/2/21 12:00,7.9,25,1,-10.9,2.76,1,7.969
2023/2/21 13:00,8.2,24,1,-11.2,2.61,1,6.571
2023/2/21 14:00,8.6,25,1,-10.3,2.46,1,4.498
2023/2/21 15:00,7.8,29,1,-9.1,1.94,1,1.942
2023/2/21 16:00,6.8,30,1,-9.5,1.28,1,0.311
2023/2/21 17:00,5.5,31,1,-10.3,0.54,1,0.0425
2023/2/21 18:00,4.6,34,0,-9.9,0.04,0.2,0
2023/2/21 19:00,3.6,40,0,-8.7,0,0,0
2023/2/21 20:00,3,39,0,-9.6,0,0,0
2023/2/21 21:00,2.7,40,0,-9.5,0,0,0
2023/2/21 22:00,3.1,35,0,-10.9,0,0,0
2023/2/21 23:00,3,33,0,-11.7,0,0,0
2023/2/22 0:00,2.8,34,0,-11.5,0,0,0
2023/2/22 1:00,2.1,36,0,-11.4,0,0,0
2023/2/22 2:00,1.8,38,0,-11,0,0,0
2023/2/22 3:00,2.3,34,0,-11.9,0,0,0
2023/2/22 4:00,1.7,38,0,-11.1,0,0,0
2023/2/22 5:00,1.4,41,0,-10.4,0,0,0
2023/2/22 6:00,0.9,44,0,-10,0,0,0.151
2023/2/22 7:00,0.6,48,1,-9.1,0.05,0.1,3.687
2023/2/22 8:00,1.7,48,1,-8.1,0.68,0.9,6.817
2023/2/22 9:00,4.2,41,1,-7.9,1.45,1,8.196
2023/2/22 10:00,5.8,36,1,-8.1,2.07,1,8.632
2023/2/22 11:00,7.5,35,1,-7,2.51,1,8.422
2023/2/22 12:00,7.7,30,1,-8.8,2.72,1,7.617
2023/2/22 13:00,9.3,33,1,-6.1,2.7,1,6.268
2023/2/22 14:00,8.8,31,1,-7.4,2.41,1,4.358
2023/2/22 15:00,9.2,32,1,-6.6,1.91,1,1.925
2023/2/22 16:00,8.5,33,1,-6.8,1.24,1,0.338
2023/2/22 17:00,7.7,39,1,-5.4,0.51,1,0.0455
2023/2/22 18:00,6.6,51,0,-2.8,0.04,0.2,0
2023/2/22 19:00,6.3,61,0,-0.7,0,0,0
2023/2/22 20:00,7.9,63,0,1.3,0,0,0
2023/2/22 21:00,7.8,65,0,1.6,0,0,0
2023/2/22 22:00,7.3,70,0,2.2,0,0,0
2023/2/22 23:00,7.8,79,0,4.4,0,0,0
2023/2/23 0:00,8.2,82,0,5.3,0,0,0
2023/2/23 1:00,6.7,69,0,1.4,0,0,0
2023/2/23 2:00,5.8,63,0,-0.7,0,0,0
2023/2/23 3:00,5.3,62,0,-1.4,0,0,0
2023/2/23 4:00,4.7,59,0,-2.6,0,0,0
2023/2/23 5:00,4.8,54,0,-3.7,0,0,0
2023/2/23 6:00,4.9,48,0,-5.2,0,0,0.0567
2023/2/23 7:00,5.1,49,1,-4.7,0.01,0,0.158
2023/2/23 8:00,5,50,1,-4.5,0.1,0,0.415
2023/2/23 9:00,5.4,50,1,-4.2,0.18,0,1.386
2023/2/23 10:00,6.6,46,1,-4.2,0.6,0,2.714
2023/2/23 11:00,8.1,42,1,-4,1.04,0.1,2.502
2023/2/23 12:00,9,43,1,-2.9,2,0.7,4.889
2023/2/23 13:00,11.2,40,1,-1.9,2.56,1,5.556
2023/2/23 14:00,13.4,43,1,1.1,2.25,1,3.679
2023/2/23 15:00,14.1,39,1,0.4,1.79,1,1.785
2023/2/23 16:00,13.6,41,1,0.6,1.17,1,0.359
2023/2/23 17:00,12.6,42,1,0.1,0.48,1,0.0483
2023/2/23 18:00,11.8,45,0,0.3,0.04,0.1,0
2023/2/23 19:00,11.1,49,0,0.8,0,0,0
2023/2/23 20:00,11.2,46,0,0,0,0,0
2023/2/23 21:00,9.7,56,0,1.4,0,0,0
2023/2/23 22:00,8.7,73,0,4.1,0,0,0
2023/2/23 23:00,8.6,79,0,5.2,0,0,0
2023/2/24 0:00,7.7,82,0,4.8,0,0,0
2023/2/24 1:00,8,80,0,4.8,0,0,0
2023/2/24 2:00,6.7,78,0,3.1,0,0,0
2023/2/24 3:00,6.7,71,0,1.8,0,0,0
2023/2/24 4:00,6.7,65,0,0.6,0,0,0
2023/2/24 5:00,6.7,64,0,0.4,0,0,0
2023/2/24 6:00,6.5,64,0,0.2,0,0,0.119
2023/2/24 7:00,6.2,61,1,-0.7,0.04,0,0.95
2023/2/24 8:00,6.9,59,1,-0.5,0.33,0,1.244
2023/2/24 9:00,8.1,55,1,-0.4,0.61,0,1.746
2023/2/24 10:00,9.2,51,1,-0.4,0.84,0,2.554
2023/2/24 11:00,10.9,50,1,0.9,1.14,0,2.384
2023/2/24 12:00,11.9,50,1,1.8,0.87,0,1.43
2023/2/24 13:00,11.5,54,1,2.5,0.72,0,0.878
2023/2/24 14:00,11.7,58,1,3.7,0.45,0,0.609
2023/2/24 15:00,11.6,57,1,3.4,0.3,0,0.967
2023/2/24 16:00,11.9,60,1,4.4,0.39,0,0.427
2023/2/24 17:00,11.2,69,1,5.7,0.17,0,0.0159
2023/2/24 18:00,10.7,76,0,6.7,0.01,0,0
2023/2/24 19:00,9.1,91,0,7.7,0,0,0
2023/2/24 20:00,8.4,97,0,8,0,0,0
2023/2/24 21:00,8.4,99,0,8.3,0,0,0
2023/2/24 22:00,8.3,99,0,8.2,0,0,0
2023/2/24 23:00,8.4,98,0,8.1,0,0,0
2023/2/25 0:00,8.2,97,0,7.8,0,0,0
2023/2/25 1:00,7.2,99,0,7.1,0,0,0
2023/2/25 2:00,6.5,99,0,6.4,0,0,0
2023/2/25 3:00,6,97,0,5.6,0,0,0
2023/2/25 4:00,5.8,92,0,4.6,0,0,0
2023/2/25 5:00,6.3,81,0,3.3,0,0,0
2023/2/25 6:00,6.5,67,0,0.8,0,0,0.172
2023/2/25 7:00,6.4,64,1,0.1,0.1,0.4,3.378
2023/2/25 8:00,8.2,52,1,-1.1,0.74,1,6.757
2023/2/25 9:00,9.8,45,1,-1.6,1.55,1,7.966
2023/2/25 10:00,10.8,39,1,-2.6,2.09,1,8.63
2023/2/25 11:00,11.7,37,1,-2.5,2.76,1,6.036
2023/2/25 12:00,11.1,35,1,-3.8,1.75,0.2,3.601
2023/2/25 13:00,10,36,1,-4.4,1.25,0,1.259
2023/2/25 14:00,9.4,33,1,-6,0.44,0,0.434
2023/2/25 15:00,9.2,30,1,-7.5,0.25,0,0.213
2023/2/25 16:00,8.6,32,1,-7.2,0.1,0,0.0314
2023/2/25 17:00,7.6,32,1,-8,0.04,0,0
2023/2/25 18:00,7.3,33,0,-7.9,0,0,0
2023/2/25 19:00,6.4,36,0,-7.6,0,0,0
2023/2/25 20:00,6.4,28,0,-10.8,0,0,0
2023/2/25 21:00,5.4,31,0,-10.4,0,0,0
2023/2/25 22:00,4.7,36,0,-9.1,0,0,0
2023/2/25 23:00,4.3,37,0,-9.1,0,0,0
2023/2/26 0:00,4,37,0,-9.4,0,0,0
2023/2/26 1:00,3.5,38,0,-9.5,0,0,0
2023/2/26 2:00,3,39,0,-9.6,0,0,0
2023/2/26 3:00,2.9,38,0,-10,0,0,0
2023/2/26 4:00,2.5,41,0,-9.4,0,0,0
2023/2/26 5:00,2.6,40,0,-9.6,0,0,0
2023/2/26 6:00,2.5,39,0,-10,0,0,0.165
2023/2/26 7:00,2.1,42,1,-9.5,0.12,0.4,3.492
2023/2/26 8:00,4.4,39,1,-8.3,0.78,1,6.949
2023/2/26 9:00,5.9,34,1,-8.8,1.51,1,8.462
2023/2/26 10:00,7.5,33,1,-7.7,2.14,1,8.984
2023/2/26 11:00,7.7,28,1,-9.6,2.59,1,8.792
2023/2/26 12:00,9.4,31,1,-6.9,2.8,1,7.881
2023/2/26 13:00,10.1,31,1,-6.2,2.77,1,6.546
2023/2/26 14:00,9.9,27,1,-8.2,2.51,1,4.513
2023/2/26 15:00,9.9,29,1,-7.3,2.01,1,1.993
2023/2/26 16:00,8.8,28,1,-8.7,1.35,1,0.323
2023/2/26 17:00,8,29,1,-8.9,0.61,1,0.056
2023/2/26 18:00,7.1,32,0,-8.5,0.06,0.3,0
2023/2/26 19:00,6.5,35,0,-7.9,0,0,0
2023/2/26 20:00,6.1,37,0,-7.5,0,0,0
2023/2/26 21:00,6.2,34,0,-8.5,0,0,0
2023/2/26 22:00,5.9,34,0,-8.8,0,0,0
2023/2/26 23:00,5.9,33,0,-9.1,0,0,0
2023/2/27 0:00,5.1,39,0,-7.7,0,0,0
2023/2/27 1:00,4.6,49,0,-5.2,0,0,0
2023/2/27 2:00,4.1,51,0,-5.1,0,0,0
2023/2/27 3:00,4,51,0,-5.2,0,0,0
2023/2/27 4:00,4.4,48,0,-5.6,0,0,0
2023/2/27 5:00,3.7,50,0,-5.7,0,0,0
2023/2/27 6:00,4.4,47,0,-5.9,0,0,0.252
2023/2/27 7:00,4.6,48,1,-5.4,0.11,0.4,3.278
2023/2/27 8:00,6.3,43,1,-5.3,0.74,1,6.648
2023/2/27 9:00,8,38,1,-5.4,1.49,1,8.154
2023/2/27 10:00,9.9,34,1,-5.2,2.12,1,8.581
2023/2/27 11:00,11.1,27,1,-7.2,2.57,1,8.309
2023/2/27 12:00,12.4,26,1,-6.6,2.8,1,7.544
2023/2/27 13:00,13.6,24,1,-6.6,2.78,1,6.282
2023/2/27 14:00,13.9,23,1,-6.9,2.5,1,4.406
2023/2/27 15:00,12.6,34,1,-2.8,1.98,1,1.949
2023/2/27 16:00,12.2,32,1,-4,1.31,1,0.328
2023/2/27 17:00,11.3,36,1,-3.2,0.59,1,0.0467
2023/2/27 18:00,10.4,47,0,-0.4,0.05,0.3,0
2023/2/27 19:00,9.7,55,0,1.1,0,0,0
2023/2/27 20:00,9.5,63,0,2.8,0,0,0
2023/2/27 21:00,9.5,68,0,3.9,0,0,0
2023/2/27 22:00,10.1,66,0,4.1,0,0,0
2023/2/27 23:00,9.3,68,0,3.7,0,0,0
2023/2/28 0:00,8.8,68,0,3.2,0,0,0
2023/2/28 1:00,8.1,67,0,2.4,0,0,0
2023/2/28 2:00,6.4,70,0,1.3,0,0,0
2023/2/28 3:00,5.3,70,0,0.3,0,0,0
2023/2/28 4:00,4.4,72,0,-0.2,0,0,0
2023/2/28 5:00,4.3,71,0,-0.5,0,0,0
2023/2/28 6:00,3.8,62,0,-2.8,0,0,0.228
2023/2/28 7:00,3.8,67,1,-1.8,0.12,0.5,3.31
2023/2/28 8:00,7,49,1,-3,0.77,1,6.522
2023/2/28 9:00,9.8,43,1,-2.2,1.51,1,7.682
2023/2/28 10:00,12.4,40,1,-0.8,2.12,1,8.293
2023/2/28 11:00,15.3,40,1,1.8,2.56,1,8.562
2023/2/28 12:00,17.7,34,1,1.7,2.75,1,7.959
2023/2/28 13:00,18,32,1,1.1,2.74,1,6.533
2023/2/28 14:00,18.5,35,1,2.8,2.48,1,4.493
2023/2/28 15:00,18.2,33,1,1.7,1.98,1,1.918
2023/2/28 16:00,17.2,36,1,2,1.3,1,0.363
2023/2/28 17:00,16.1,38,1,1.8,0.58,1,0.0666
2023/2/28 18:00,14.9,39,0,1.1,0.06,0.3,0
2023/2/28 19:00,13.9,43,0,1.5,0,0,0
2023/2/28 20:00,13.4,47,0,2.3,0,0,0
2023/2/28 21:00,13,53,0,3.7,0,0,0
2023/2/28 22:00,12.5,57,0,4.2,0,0,0
2023/2/28 23:00,12.1,58,0,4.1,0,0,0
2023/3/1 0:00,11.9,56,0,3.4,0,0,0
2023/3/1 1:00,12,58,0,4,0,0,0
2023/3/1 2:00,11.3,58,0,3.4,0,0,0
2023/3/1 3:00,10.7,58,0,2.8,0,0,0
2023/3/1 4:00,9,58,0,1.2,0,0,0
2023/3/1 5:00,7.7,63,0,1.1,0,0,0
2023/3/1 6:00,8.2,55,0,-0.3,0,0,0.339
2023/3/1 7:00,8.8,56,1,0.5,0.07,0,0.998
2023/3/1 8:00,10.2,57,1,2.1,0.35,0,3.614
2023/3/1 9:00,11.9,47,1,1,1.07,0.6,6.712
2023/3/1 10:00,14.8,47,1,3.6,1.76,0.9,6.186
2023/3/1 11:00,16.4,41,1,3.1,1.92,0.7,7.934
2023/3/1 12:00,17.3,25,1,-2.9,2.67,1,7.404
2023/3/1 13:00,16.9,27,1,-2.2,2.08,1,5.604
2023/3/1 14:00,18.3,31,1,0.9,1.97,0.9,4.28
2023/3/1 15:00,17.6,32,1,0.7,1.76,1,1.765
2023/3/1 16:00,16.8,35,1,1.3,0.67,0.4,0.386
2023/3/1 17:00,16.6,39,1,2.6,0.22,0,0.0349
2023/3/1 18:00,15.8,51,0,5.7,0.01,0,0
2023/3/1 19:00,15.7,47,0,4.4,0,0,0
2023/3/1 20:00,15.2,50,0,4.9,0,0,0
2023/3/1 21:00,14.6,55,0,5.7,0,0,0
2023/3/1 22:00,14.9,55,0,6,0,0,0
2023/3/1 23:00,14.7,54,0,5.5,0,0,0
2023/3/2 0:00,14.7,66,0,8.4,0,0,0
2023/3/2 1:00,13.8,76,0,9.7,0,0,0
2023/3/2 2:00,14.4,72,0,9.4,0,0,0
2023/3/2 3:00,14.4,70,0,9,0,0,0
2023/3/2 4:00,14.4,70,0,9,0,0,0
2023/3/2 5:00,14.4,72,0,9.4,0,0,0
2023/3/2 6:00,14.5,73,0,9.7,0,0,0.214
2023/3/2 7:00,14.1,68,1,8.3,0.03,0,0.598
2023/3/2 8:00,14.1,74,1,9.6,0.2,0,1.693
2023/3/2 9:00,13.9,49,1,3.4,0.77,0.5,7.445
2023/3/2 10:00,15.9,49,1,5.2,2.08,1,4.264
2023/3/2 11:00,17.3,39,1,3.2,2.44,1,3.37
2023/3/2 12:00,17.4,41,1,4,1.95,0.5,2.758
2023/3/2 13:00,17.6,43,1,4.9,1.7,0.3,1.964
2023/3/2 14:00,16.5,34,1,0.6,0.87,0.1,2.081
2023/3/2 15:00,16,31,1,-1.1,1.51,0.7,1.363
2023/3/2 16:00,13.2,36,1,-1.5,0.37,0,0.044
2023/3/2 17:00,11.9,36,1,-2.7,0.12,0,0.023
2023/3/2 18:00,9.9,40,0,-3,0.01,0,0
2023/3/2 19:00,8.8,36,0,-5.4,0,0,0
2023/3/2 20:00,8,35,0,-6.5,0,0,0
2023/3/2 21:00,7.3,39,0,-5.7,0,0,0
2023/3/2 22:00,6.9,41,0,-5.4,0,0,0
2023/3/2 23:00,6.7,40,0,-5.9,0,0,0
2023/3/3 0:00,6.2,41,0,-6.1,0,0,0
2023/3/3 1:00,5.5,46,0,-5.2,0,0,0
2023/3/3 2:00,5.1,48,0,-5,0,0,0
2023/3/3 3:00,4.6,52,0,-4.4,0,0,0
2023/3/3 4:00,4.6,51,0,-4.6,0,0,0
2023/3/3 5:00,4.1,53,0,-4.6,0,0,0
2023/3/3 6:00,4.6,50,0,-4.9,0,0,0.508
2023/3/3 7:00,5,51,1,-4.3,0.1,0,3.183
2023/3/3 8:00,5.4,48,1,-4.7,0.55,0.1,5.404
2023/3/3 9:00,6.8,42,1,-5.2,0.97,0.1,7.416
2023/3/3 10:00,8.3,38,1,-5.2,1.53,0.2,7.989
2023/3/3 11:00,8.1,36,1,-6.1,1.62,0.1,6.897
2023/3/3 12:00,10,33,1,-5.5,2.13,0.6,7.647
2023/3/3 13:00,11.3,30,1,-5.6,2.68,1,6.34
2023/3/3 14:00,11.3,36,1,-3.2,2.49,1,4.363
2023/3/3 15:00,11.7,36,1,-2.9,1.97,1,2.004
2023/3/3 16:00,10.7,38,1,-3,1.32,1,0.431
2023/3/3 17:00,10.2,48,1,-0.3,0.58,1,0.0761
2023/3/3 18:00,9.4,54,0,0.6,0.07,0.3,0
2023/3/3 19:00,9.3,58,0,1.5,0,0,0
2023/3/3 20:00,9.5,59,0,1.9,0,0,0
2023/3/3 21:00,8.9,63,0,2.3,0,0,0
2023/3/3 22:00,8.3,64,0,1.9,0,0,0
2023/3/3 23:00,7.7,69,0,2.4,0,0,0
2023/3/4 0:00,6.7,74,0,2.4,0,0,0
2023/3/4 1:00,8.6,67,0,2.8,0,0,0
2023/3/4 2:00,6.4,72,0,1.7,0,0,0
2023/3/4 3:00,6,64,0,-0.3,0,0,0
2023/3/4 4:00,5.7,56,0,-2.4,0,0,0
2023/3/4 5:00,5.6,55,0,-2.7,0,0,0
2023/3/4 6:00,5.9,56,0,-2.2,0,0,0.233
2023/3/4 7:00,5.8,57,1,-2,0.11,0.2,3.312
2023/3/4 8:00,7.1,51,1,-2.3,0.77,1,6.406
2023/3/4 9:00,9,45,1,-2.3,1.53,1,7.732
2023/3/4 10:00,12.1,43,1,-0.1,2.14,1,8.234
2023/3/4 11:00,13.3,36,1,-1.4,2.6,1,8.059
2023/3/4 12:00,15.3,32,1,-1.3,2.83,1,7.358
2023/3/4 13:00,16,26,1,-3.5,2.82,1,5.964
2023/3/4 14:00,16.9,27,1,-2.2,2.45,1,3.896
2023/3/4 15:00,16.6,28,1,-2,1.94,1,1.9
2023/3/4 16:00,15.5,31,1,-1.5,1.23,1,0.67
2023/3/4 17:00,14,35,1,-1.2,0.49,0.6,0.0621
2023/3/4 18:00,13.1,33,0,-2.8,0.05,0,0
2023/3/4 19:00,12.2,33,0,-3.6,0,0,0
2023/3/4 20:00,10.5,35,0,-4.3,0,0,0
2023/3/4 21:00,9.8,38,0,-3.8,0,0,0
2023/3/4 22:00,8.9,43,0,-3,0,0,0
2023/3/4 23:00,8.3,46,0,-2.6,0,0,0
2023/3/5 0:00,8.8,48,0,-1.6,0,0,0
2023/3/5 1:00,8.7,46,0,-2.3,0,0,0
2023/3/5 2:00,8.3,44,0,-3.2,0,0,0
2023/3/5 3:00,8.1,44,0,-3.4,0,0,0
2023/3/5 4:00,7.7,45,0,-3.5,0,0,0
2023/3/5 5:00,7.5,47,0,-3.1,0,0,0
2023/3/5 6:00,7.6,51,0,-1.9,0,0,0.443
2023/3/5 7:00,7.2,56,1,-1,0.1,0,3.409
2023/3/5 8:00,7.7,56,1,-0.5,0.56,0.3,5.512
2023/3/5 9:00,8.5,54,1,-0.3,1.3,0.6,3.717
2023/3/5 10:00,9.6,51,1,0,1.29,0.1,4.283
2023/3/5 11:00,10.6,54,1,1.7,1.43,0,6.504
2023/3/5 12:00,11.7,55,1,3,2.07,0.4,5.806
2023/3/5 13:00,11.7,52,1,2.2,1.54,0.3,5.039
2023/3/5 14:00,11.4,54,1,2.4,1.05,0,1.922
2023/3/5 15:00,11.5,55,1,2.8,0.57,0,0.54
2023/3/5 16:00,11,57,1,2.8,0.23,0,0.208
2023/3/5 17:00,10.8,59,1,3.1,0.1,0,0.0332
2023/3/5 18:00,10.5,62,0,3.5,0.01,0,0
2023/3/5 19:00,10.3,65,0,4,0,0,0
2023/3/5 20:00,10.2,66,0,4.1,0,0,0
2023/3/5 21:00,10.1,68,0,4.5,0,0,0
2023/3/5 22:00,9.6,72,0,4.8,0,0,0
2023/3/5 23:00,8.9,78,0,5.3,0,0,0
2023/3/6 0:00,8,88,0,6.1,0,0,0
2023/3/6 1:00,8,83,0,5.3,0,0,0
2023/3/6 2:00,7.6,87,0,5.6,0,0,0
2023/3/6 3:00,7,93,0,6,0,0,0
2023/3/6 4:00,7.1,94,0,6.2,0,0,0
2023/3/6 5:00,7.4,87,0,5.4,0,0,0
2023/3/6 6:00,7.6,88,0,5.8,0,0,0.141
2023/3/6 7:00,8,86,1,5.8,0.04,0,0.502
2023/3/6 8:00,8.4,82,1,5.5,0.24,0,1.6
2023/3/6 9:00,9,81,1,5.9,0.47,0,6.243
2023/3/6 10:00,10.7,74,1,6.3,1.29,0,8.087
2023/3/6 11:00,11.4,67,1,5.5,1.87,0.2,4.925
2023/3/6 12:00,12.8,68,1,7.1,2.05,0.4,3.611
2023/3/6 13:00,13.2,65,1,6.8,1.44,0.1,2.951
2023/3/6 14:00,12.6,63,1,5.8,1.73,0.5,3.359
2023/3/6 15:00,14.1,58,1,6,1.75,0.8,1.777
2023/3/6 16:00,13.6,63,1,6.7,0.87,0.4,0.525
2023/3/6 17:00,12.5,68,1,6.8,0.67,0.9,0.155
2023/3/6 18:00,11.2,74,0,6.8,0.08,0.4,0
2023/3/6 19:00,10.8,76,0,6.8,0,0,0
2023/3/6 20:00,9.9,82,0,7,0,0,0
2023/3/6 21:00,9.2,84,0,6.7,0,0,0
2023/3/6 22:00,8.9,86,0,6.7,0,0,0
2023/3/6 23:00,8.9,87,0,6.9,0,0,0
2023/3/7 0:00,8.7,89,0,7,0,0,0
2023/3/7 1:00,7.8,94,0,6.9,0,0,0
2023/3/7 2:00,7.8,93,0,6.8,0,0,0
2023/3/7 3:00,7.9,91,0,6.5,0,0,0
2023/3/7 4:00,7,92,0,5.8,0,0,0
2023/3/7 5:00,7.4,85,0,5.1,0,0,0
2023/3/7 6:00,6.7,87,0,4.7,0,0,0.486
2023/3/7 7:00,8.1,79,1,4.7,0.16,0.3,3.441
2023/3/7 8:00,9.7,73,1,5.1,0.81,1,6.226
2023/3/7 9:00,11.5,63,1,4.7,1.53,1,7.499
2023/3/7 10:00,13.3,56,1,4.7,2.16,1,7.974
2023/3/7 11:00,15.7,53,1,6.2,2.58,1,8
2023/3/7 12:00,16.1,48,1,5.1,2.76,1,7.338
2023/3/7 13:00,17.2,49,1,6.4,2.74,1,6.194
2023/3/7 14:00,17.9,37,1,3,2.4,1,4.35
2023/3/7 15:00,17.5,32,1,0.6,1.93,1,2.019
2023/3/7 16:00,17.1,26,1,-2.5,1.27,1,0.576
2023/3/7 17:00,15.7,37,1,1.1,0.57,1,0.104
2023/3/7 18:00,14,50,0,3.8,0.07,0.1,0
2023/3/7 19:00,13.7,55,0,4.8,0,0,0
2023/3/7 20:00,12.8,62,0,5.7,0,0,0
2023/3/7 21:00,12.2,72,0,7.3,0,0,0
2023/3/7 22:00,12.1,74,0,7.6,0,0,0
2023/3/7 23:00,11.4,76,0,7.3,0,0,0
2023/3/8 0:00,10.1,82,0,7.2,0,0,0
2023/3/8 1:00,10.3,85,0,7.9,0,0,0
2023/3/8 2:00,9.2,84,0,6.7,0,0,0
2023/3/8 3:00,9.2,79,0,5.8,0,0,0
2023/3/8 4:00,8.5,66,0,2.5,0,0,0
2023/3/8 5:00,7.7,61,0,0.7,0,0,0
2023/3/8 6:00,8,52,0,-1.2,0,0,0.488
2023/3/8 7:00,10.1,41,1,-2.5,0.16,0.3,3.23
2023/3/8 8:00,11.1,46,1,-0.1,0.81,1,6.057
2023/3/8 9:00,13.2,36,1,-1.5,1.52,1,7.418
2023/3/8 10:00,14.8,32,1,-1.7,2.15,1,7.886
2023/3/8 11:00,18,38,1,3.5,2.58,1,7.884
2023/3/8 12:00,18.1,41,1,4.7,2.78,1,7.437
2023/3/8 13:00,20.3,45,1,8,2.74,1,6.305
2023/3/8 14:00,20.7,35,1,4.7,2.5,1,4.364
2023/3/8 15:00,19.9,32,1,2.7,2.02,1,2.051
2023/3/8 16:00,18.5,41,1,5,1.36,1,0.523
2023/3/8 17:00,17.1,54,1,7.7,0.59,1,0.0869
2023/3/8 18:00,16.2,49,0,5.5,0.07,0.2,0
2023/3/8 19:00,15.5,50,0,5.1,0,0,0
2023/3/8 20:00,15,52,0,5.2,0,0,0
2023/3/8 21:00,14.8,52,0,5.1,0,0,0
2023/3/8 22:00,14.7,53,0,5.2,0,0,0
2023/3/8 23:00,13.8,58,0,5.7,0,0,0
2023/3/9 0:00,12.4,64,0,5.8,0,0,0
2023/3/9 1:00,12.2,67,0,6.3,0,0,0
2023/3/9 2:00,11.4,69,0,5.9,0,0,0
2023/3/9 3:00,10.6,73,0,6,0,0,0
2023/3/9 4:00,10.2,77,0,6.4,0,0,0
2023/3/9 5:00,9.9,76,0,5.9,0,0,0
2023/3/9 6:00,9.9,72,0,5.1,0,0,0.621
2023/3/9 7:00,10.8,61,1,3.6,0.14,0.1,2.891
2023/3/9 8:00,13.3,53,1,3.9,0.73,1,5.409
2023/3/9 9:00,16.1,45,1,4.2,1.43,1,6.823
2023/3/9 10:00,17.9,37,1,3,2.03,1,7.495
2023/3/9 11:00,20.6,33,1,3.8,2.46,1,7.305
2023/3/9 12:00,20.6,32,1,3.4,2.62,1,6.737
2023/3/9 13:00,21.8,31,1,3.9,2.63,1,5.673
2023/3/9 14:00,21.5,35,1,5.4,2.34,1,3.851
2023/3/9 15:00,20.6,45,1,8.3,1.8,1,1.853
2023/3/9 16:00,19.4,56,1,10.4,1.07,1,0.587
2023/3/9 17:00,18.7,55,1,9.5,0.43,0.5,0.0836
2023/3/9 18:00,17.6,52,0,7.6,0.06,0,0
2023/3/9 19:00,17.5,51,0,7.3,0,0,0
2023/3/9 20:00,16.7,59,0,8.7,0,0,0
2023/3/9 21:00,16.7,56,0,7.9,0,0,0
2023/3/9 22:00,16.3,59,0,8.3,0,0,0
2023/3/9 23:00,16,64,0,9.2,0,0,0
2023/3/10 0:00,16.1,68,0,10.2,0,0,0
2023/3/10 1:00,16.4,66,0,10.1,0,0,0
2023/3/10 2:00,16.3,65,0,9.7,0,0,0
2023/3/10 3:00,16.3,67,0,10.2,0,0,0
2023/3/10 4:00,13.7,86,0,11.4,0,0,0
2023/3/10 5:00,15.5,79,0,11.9,0,0,0
2023/3/10 6:00,13.4,79,0,9.9,0,0,0
2023/3/10 7:00,14.8,65,1,8.3,0.04,0,3.671
2023/3/10 8:00,16.3,66,1,10,0.83,0.9,6.064
2023/3/10 9:00,17.9,63,1,10.8,1.55,1,7.319
2023/3/10 10:00,19.5,56,1,10.5,2.18,1,7.696
2023/3/10 11:00,20.1,54,1,10.5,2.04,0.6,6.999
2023/3/10 12:00,19.5,53,1,9.7,1.56,0.2,5.743
2023/3/10 13:00,20.1,53,1,10.2,1.65,0.4,5.895
2023/3/10 14:00,21.5,47,1,9.7,2.35,0.8,4.067
2023/3/10 15:00,21.4,48,1,10,1.91,1,1.927
2023/3/10 16:00,20.4,54,1,10.8,1.25,0.9,0.55
2023/3/10 17:00,19.4,57,1,10.7,0.36,0.4,0.111
2023/3/10 18:00,17.9,63,0,10.8,0.08,0,0
2023/3/10 19:00,17.9,38,0,3.4,0,0,0
2023/3/10 20:00,17.6,35,0,2,0,0,0
2023/3/10 21:00,15.7,36,0,0.7,0,0,0
2023/3/10 22:00,15.5,36,0,0.5,0,0,0
2023/3/10 23:00,14.2,39,0,0.5,0,0,0
2023/3/11 0:00,12.8,45,0,1.2,0,0,0
2023/3/11 1:00,13,42,0,0.4,0,0,0
2023/3/11 2:00,12.6,42,0,0.1,0,0,0
2023/3/11 3:00,11.8,42,0,-0.7,0,0,0
2023/3/11 4:00,10.4,49,0,0.2,0,0,0
2023/3/11 5:00,9.8,55,0,1.2,0,0,0
2023/3/11 6:00,9.3,57,1,1.2,0,0,0.497
2023/3/11 7:00,10.7,54,1,1.8,0.21,0.4,3.691
2023/3/11 8:00,12.6,46,1,1.3,0.89,1,6.447
2023/3/11 9:00,14.2,43,1,1.8,1.6,1,7.493
2023/3/11 10:00,17,34,1,1,2.22,1,7.927
2023/3/11 11:00,18.5,28,1,-0.3,2.64,1,7.726
2023/3/11 12:00,18.9,31,1,1.4,2.82,1,7.083
2023/3/11 13:00,20.2,31,1,2.6,2.75,1,5.82
2023/3/11 14:00,20.1,32,1,2.9,2.45,1,4.047
2023/3/11 15:00,19.4,26,1,-0.6,1.98,1,1.973
2023/3/11 16:00,19.2,29,1,0.8,1.31,1,0.591
2023/3/11 17:00,17.7,40,1,4,0.59,1,0.129
2023/3/11 18:00,16.2,49,0,5.5,0.08,0,0
2023/3/11 19:00,15.1,48,0,4.2,0,0,0
2023/3/11 20:00,14.2,46,0,2.8,0,0,0
2023/3/11 21:00,13.4,54,0,4.3,0,0,0
2023/3/11 22:00,13.3,54,0,4.2,0,0,0
2023/3/11 23:00,13.4,53,0,4,0,0,0
2023/3/12 0:00,12.3,59,0,4.5,0,0,0
2023/3/12 1:00,11.5,65,0,5.2,0,0,0
2023/3/12 2:00,12.7,64,0,6.1,0,0,0
2023/3/12 3:00,11.6,67,0,5.7,0,0,0
2023/3/12 4:00,11.4,68,0,5.7,0,0,0
2023/3/12 5:00,10.2,74,0,5.8,0,0,0
2023/3/12 6:00,10.7,72,1,5.9,0,0,0.634
2023/3/12 7:00,10.9,71,1,5.9,0.22,0.4,3.325
2023/3/12 8:00,12.5,62,1,5.4,0.84,1,5.008
2023/3/12 9:00,13.7,63,1,6.8,1.33,1,6.092
2023/3/12 10:00,15.5,56,1,6.8,1.84,1,6.318
2023/3/12 11:00,16.1,55,1,7.1,1.93,0.7,5.486
2023/3/12 12:00,17.7,55,1,8.6,1.89,0.5,5.338
2023/3/12 13:00,17.2,51,1,7,2.46,0.7,4.719
2023/3/12 14:00,18,50,1,7.4,1.42,0,2.115
2023/3/12 15:00,17.3,52,1,7.4,1.22,0.2,1.483
2023/3/12 16:00,16.9,57,1,8.3,0.61,0,0.467
2023/3/12 17:00,16.8,54,1,7.5,0.17,0,0.0335
2023/3/12 18:00,16.1,64,0,9.3,0.02,0,0
2023/3/12 19:00,15.7,68,0,9.8,0,0,0
2023/3/12 20:00,15.4,70,0,10,0,0,0
2023/3/12 21:00,15.1,71,0,9.9,0,0,0
2023/3/12 22:00,14.9,72,0,9.9,0,0,0
2023/3/12 23:00,14.8,71,0,9.6,0,0,0
2023/3/13 0:00,14.9,71,0,9.7,0,0,0
2023/3/13 1:00,14.8,70,0,9.4,0,0,0
2023/3/13 2:00,14.7,70,0,9.3,0,0,0
2023/3/13 3:00,15.3,70,0,9.9,0,0,0
2023/3/13 4:00,15,75,0,10.6,0,0,0
2023/3/13 5:00,14.6,76,0,10.4,0,0,0
2023/3/13 6:00,14.2,76,1,10.1,0,0,0.645
2023/3/13 7:00,15.3,71,1,10.1,0.23,0.1,3.228
2023/3/13 8:00,15.8,69,1,10.1,0.68,0.5,3.18
2023/3/13 9:00,16.1,68,1,10.2,0.47,0,2.382
2023/3/13 10:00,16.4,67,1,10.3,0.22,0,0.909
2023/3/13 11:00,15.8,75,1,11.4,0.24,0,0.802
2023/3/13 12:00,15.5,76,1,11.3,0.34,0,0.77
2023/3/13 13:00,14,96,1,13.4,0.19,0,0.487
2023/3/13 14:00,14.4,96,1,13.8,0.39,0,1.165
2023/3/13 15:00,13.7,92,1,12.4,0.48,0,1.554
2023/3/13 16:00,13.9,94,1,13,0.45,0,0.285
2023/3/13 17:00,13.7,94,1,12.8,0.11,0,0.0445
2023/3/13 18:00,14.1,87,0,12,0.02,0,0
2023/3/13 19:00,12.6,60,0,5.1,0,0,0
2023/3/13 20:00,11.3,66,0,5.2,0,0,0
2023/3/13 21:00,11,65,0,4.7,0,0,0
2023/3/13 22:00,10.5,66,0,4.4,0,0,0
2023/3/13 23:00,9.9,63,0,3.2,0,0,0
2023/3/14 0:00,9.9,58,0,2,0,0,0
2023/3/14 1:00,9.4,54,0,0.6,0,0,0
2023/3/14 2:00,9,56,0,0.7,0,0,0
2023/3/14 3:00,8.8,54,0,0,0,0,0
2023/3/14 4:00,8.6,59,0,1.1,0,0,0
2023/3/14 5:00,8.3,60,0,1,0,0,0
2023/3/14 6:00,7.8,72,1,3.1,0,0,0
2023/3/14 7:00,7.3,77,1,3.6,0.04,0,0.555
2023/3/14 8:00,7.5,73,1,3,0.41,0,1.627
2023/3/14 9:00,8.2,69,1,2.9,0.75,0,2.198
2023/3/14 10:00,7.8,66,1,1.9,0.79,0,2.511
2023/3/14 11:00,9.8,58,1,1.9,1.34,0.2,7.455
2023/3/14 12:00,12,53,1,2.7,2.96,1,7.568
2023/3/14 13:00,12.9,48,1,2.2,2.9,1,6.27
2023/3/14 14:00,13.2,44,1,1.2,2.64,1,4.394
2023/3/14 15:00,13.8,44,1,1.8,2.14,1,2.12
2023/3/14 16:00,13.3,48,1,2.5,1.47,1,0.488
2023/3/14 17:00,12.4,52,1,2.8,0.71,1,0.0904
2023/3/14 18:00,11.6,54,0,2.6,0.08,0.2,0
2023/3/14 19:00,11.1,54,0,2.2,0,0,0
2023/3/14 20:00,10.2,58,0,2.3,0,0,0
2023/3/14 21:00,9.8,61,0,2.6,0,0,0
2023/3/14 22:00,9,66,0,3,0,0,0
2023/3/14 23:00,8.6,69,0,3.2,0,0,0
2023/3/15 0:00,9.3,66,0,3.3,0,0,0
2023/3/15 1:00,9.5,65,0,3.3,0,0,0
2023/3/15 2:00,9.3,67,0,3.5,0,0,0
2023/3/15 3:00,9.3,68,0,3.7,0,0,0
2023/3/15 4:00,8.3,74,0,4,0,0,0
2023/3/15 5:00,7.4,78,0,3.8,0,0,0
2023/3/15 6:00,7.9,78,1,4.3,0,0,0.523
2023/3/15 7:00,8.9,72,1,4.1,0.29,0.5,4.149
2023/3/15 8:00,10.5,65,1,4.2,0.9,0.9,6.338
2023/3/15 9:00,11.5,59,1,3.8,1.67,1,7.919
2023/3/15 10:00,13.7,55,1,4.8,2.22,1,8.323
2023/3/15 11:00,14.4,53,1,5,2.66,1,8.201
2023/3/15 12:00,14.7,50,1,4.4,2.86,1,7.452
2023/3/15 13:00,15.5,49,1,4.9,2.86,1,6.242
2023/3/15 14:00,16.2,49,1,5.5,2.57,1,4.393
2023/3/15 15:00,16.2,51,1,6.1,2.09,1,2.081
2023/3/15 16:00,16,57,1,7.5,1.27,0.9,0.478
2023/3/15 17:00,15.3,61,1,7.8,0.52,0.4,0.0778
2023/3/15 18:00,14.5,64,0,7.8,0.09,0.2,0
2023/3/15 19:00,14.5,66,0,8.2,0,0,0
2023/3/15 20:00,14,67,0,8,0,0,0
2023/3/15 21:00,13.6,70,0,8.2,0,0,0
2023/3/15 22:00,12.6,76,0,8.5,0,0,0
2023/3/15 23:00,11.5,80,0,8.2,0,0,0
2023/3/16 0:00,10.8,86,0,8.6,0,0,0
2023/3/16 1:00,10.3,91,0,8.9,0,0,0
2023/3/16 2:00,10.3,91,0,8.9,0,0,0
2023/3/16 3:00,10.6,87,0,8.5,0,0,0
2023/3/16 4:00,9.6,87,0,7.6,0,0,0
2023/3/16 5:00,9,88,0,7.1,0,0,0
2023/3/16 6:00,8.7,89,1,7,0,0,0.546
2023/3/16 7:00,9.8,83,1,7.1,0.27,0.7,4.003
2023/3/16 8:00,11.7,71,1,6.6,0.95,1,6.541
2023/3/16 9:00,13.8,65,1,7.4,1.7,1,7.499
2023/3/16 10:00,16,65,1,9.4,2.3,1,8.089
2023/3/16 11:00,16.9,56,1,8.1,2.75,1,8.136
2023/3/16 12:00,18.5,51,1,8.2,2.93,1,7.5
2023/3/16 13:00,19.4,48,1,8.1,2.88,1,6.296
2023/3/16 14:00,19.8,47,1,8.2,2.53,1,4.431
2023/3/16 15:00,19.7,51,1,9.3,1.94,0.9,2.678
